-- MySQL dump 10.13  Distrib 5.7.36, for linux-glibc2.12 (x86_64)
--
-- Host: localhost    Database: broadleaf
-- ------------------------------------------------------
-- Server version	5.7.36

/*!40101 SET @OLD_CHARACTER_SET_CLIENT=@@CHARACTER_SET_CLIENT */;
/*!40101 SET @OLD_CHARACTER_SET_RESULTS=@@CHARACTER_SET_RESULTS */;
/*!40101 SET @OLD_COLLATION_CONNECTION=@@COLLATION_CONNECTION */;
/*!40101 SET NAMES utf8 */;
/*!40103 SET @OLD_TIME_ZONE=@@TIME_ZONE */;
/*!40103 SET TIME_ZONE='+00:00' */;
/*!40014 SET @OLD_UNIQUE_CHECKS=@@UNIQUE_CHECKS, UNIQUE_CHECKS=0 */;
/*!40014 SET @OLD_FOREIGN_KEY_CHECKS=@@FOREIGN_KEY_CHECKS, FOREIGN_KEY_CHECKS=0 */;
/*!40101 SET @OLD_SQL_MODE=@@SQL_MODE, SQL_MODE='NO_AUTO_VALUE_ON_ZERO' */;
/*!40111 SET @OLD_SQL_NOTES=@@SQL_NOTES, SQL_NOTES=0 */;

--
-- Current Database: `broadleaf`
--

CREATE DATABASE /*!32312 IF NOT EXISTS*/ `broadleaf` /*!40100 DEFAULT CHARACTER SET latin1 */;

USE `broadleaf`;

--
-- Table structure for table `BLC_ADDITIONAL_OFFER_INFO`
--

DROP TABLE IF EXISTS `BLC_ADDITIONAL_OFFER_INFO`;
/*!40101 SET @saved_cs_client     = @@character_set_client */;
/*!40101 SET character_set_client = utf8 */;
CREATE TABLE `BLC_ADDITIONAL_OFFER_INFO` (
  `BLC_ORDER_ORDER_ID` bigint(20) NOT NULL,
  `OFFER_INFO_ID` bigint(20) NOT NULL,
  `OFFER_ID` bigint(20) NOT NULL,
  PRIMARY KEY (`BLC_ORDER_ORDER_ID`,`OFFER_ID`),
  KEY `FKlkk2kdjpv0v0ybxnc11p7hg4e` (`OFFER_INFO_ID`),
  KEY `FK40nm1ylfeiv2t6ojcmehu8gcr` (`OFFER_ID`),
  CONSTRAINT `FK40nm1ylfeiv2t6ojcmehu8gcr` FOREIGN KEY (`OFFER_ID`) REFERENCES `BLC_OFFER` (`OFFER_ID`),
  CONSTRAINT `FKlkk2kdjpv0v0ybxnc11p7hg4e` FOREIGN KEY (`OFFER_INFO_ID`) REFERENCES `BLC_OFFER_INFO` (`OFFER_INFO_ID`),
  CONSTRAINT `FKrfc8a02u7yp8qqk206ug62lnb` FOREIGN KEY (`BLC_ORDER_ORDER_ID`) REFERENCES `BLC_ORDER` (`ORDER_ID`)
) ENGINE=InnoDB DEFAULT CHARSET=latin1;
/*!40101 SET character_set_client = @saved_cs_client */;

--
-- Dumping data for table `BLC_ADDITIONAL_OFFER_INFO`
--

LOCK TABLES `BLC_ADDITIONAL_OFFER_INFO` WRITE;
/*!40000 ALTER TABLE `BLC_ADDITIONAL_OFFER_INFO` DISABLE KEYS */;
/*!40000 ALTER TABLE `BLC_ADDITIONAL_OFFER_INFO` ENABLE KEYS */;
UNLOCK TABLES;

--
-- Table structure for table `BLC_ADDRESS`
--

DROP TABLE IF EXISTS `BLC_ADDRESS`;
/*!40101 SET @saved_cs_client     = @@character_set_client */;
/*!40101 SET character_set_client = utf8 */;
CREATE TABLE `BLC_ADDRESS` (
  `ADDRESS_ID` bigint(20) NOT NULL,
  `ADDRESS_LINE1` varchar(255) NOT NULL,
  `ADDRESS_LINE2` varchar(255) DEFAULT NULL,
  `ADDRESS_LINE3` varchar(255) DEFAULT NULL,
  `CITY` varchar(255) NOT NULL,
  `COMPANY_NAME` varchar(255) DEFAULT NULL,
  `COUNTY` varchar(255) DEFAULT NULL,
  `EMAIL_ADDRESS` varchar(255) DEFAULT NULL,
  `FAX` varchar(255) DEFAULT NULL,
  `FIRST_NAME` varchar(255) DEFAULT NULL,
  `FULL_NAME` varchar(255) DEFAULT NULL,
  `IS_ACTIVE` bit(1) DEFAULT NULL,
  `IS_BUSINESS` bit(1) DEFAULT NULL,
  `IS_DEFAULT` bit(1) DEFAULT NULL,
  `IS_MAILING` bit(1) DEFAULT NULL,
  `IS_STREET` bit(1) DEFAULT NULL,
  `ISO_COUNTRY_SUB` varchar(255) DEFAULT NULL,
  `LAST_NAME` varchar(255) DEFAULT NULL,
  `POSTAL_CODE` varchar(255) DEFAULT NULL,
  `PRIMARY_PHONE` varchar(255) DEFAULT NULL,
  `SECONDARY_PHONE` varchar(255) DEFAULT NULL,
  `STANDARDIZED` bit(1) DEFAULT NULL,
  `SUB_STATE_PROV_REG` varchar(255) DEFAULT NULL,
  `TOKENIZED_ADDRESS` varchar(255) DEFAULT NULL,
  `VERIFICATION_LEVEL` varchar(255) DEFAULT NULL,
  `ZIP_FOUR` varchar(255) DEFAULT NULL,
  `COUNTRY` varchar(255) DEFAULT NULL,
  `ISO_COUNTRY_ALPHA2` varchar(255) DEFAULT NULL,
  `PHONE_FAX_ID` bigint(20) DEFAULT NULL,
  `PHONE_PRIMARY_ID` bigint(20) DEFAULT NULL,
  `PHONE_SECONDARY_ID` bigint(20) DEFAULT NULL,
  `STATE_PROV_REGION` varchar(255) DEFAULT NULL,
  PRIMARY KEY (`ADDRESS_ID`),
  KEY `ADDRESS_COUNTRY_INDEX` (`COUNTRY`),
  KEY `ADDRESS_ISO_COUNTRY_IDX` (`ISO_COUNTRY_ALPHA2`),
  KEY `ADDRESS_PHONE_FAX_IDX` (`PHONE_FAX_ID`),
  KEY `ADDRESS_PHONE_PRI_IDX` (`PHONE_PRIMARY_ID`),
  KEY `ADDRESS_PHONE_SEC_IDX` (`PHONE_SECONDARY_ID`),
  KEY `ADDRESS_STATE_INDEX` (`STATE_PROV_REGION`),
  CONSTRAINT `FK6hgxmyv131s9xr4ei6uih9opw` FOREIGN KEY (`COUNTRY`) REFERENCES `BLC_COUNTRY` (`ABBREVIATION`),
  CONSTRAINT `FKdg3srpny8h476fl59expu2cv0` FOREIGN KEY (`STATE_PROV_REGION`) REFERENCES `BLC_STATE` (`ABBREVIATION`),
  CONSTRAINT `FKlafhchfputda32qhub54fa726` FOREIGN KEY (`PHONE_PRIMARY_ID`) REFERENCES `BLC_PHONE` (`PHONE_ID`),
  CONSTRAINT `FKlbxqgy7cjnjn5ey2wqvpjnhe5` FOREIGN KEY (`PHONE_SECONDARY_ID`) REFERENCES `BLC_PHONE` (`PHONE_ID`),
  CONSTRAINT `FKp37ru1cyeu6fq48ohmjmyvjej` FOREIGN KEY (`ISO_COUNTRY_ALPHA2`) REFERENCES `BLC_ISO_COUNTRY` (`ALPHA_2`),
  CONSTRAINT `FKrgw6kfwuqepeo3u7i75t57l8w` FOREIGN KEY (`PHONE_FAX_ID`) REFERENCES `BLC_PHONE` (`PHONE_ID`)
) ENGINE=InnoDB DEFAULT CHARSET=latin1;
/*!40101 SET character_set_client = @saved_cs_client */;

--
-- Dumping data for table `BLC_ADDRESS`
--

LOCK TABLES `BLC_ADDRESS` WRITE;
/*!40000 ALTER TABLE `BLC_ADDRESS` DISABLE KEYS */;
/*!40000 ALTER TABLE `BLC_ADDRESS` ENABLE KEYS */;
UNLOCK TABLES;

--
-- Table structure for table `BLC_ADMIN_MODULE`
--

DROP TABLE IF EXISTS `BLC_ADMIN_MODULE`;
/*!40101 SET @saved_cs_client     = @@character_set_client */;
/*!40101 SET character_set_client = utf8 */;
CREATE TABLE `BLC_ADMIN_MODULE` (
  `ADMIN_MODULE_ID` bigint(20) NOT NULL,
  `DISPLAY_ORDER` int(11) DEFAULT NULL,
  `ICON` varchar(255) DEFAULT NULL,
  `MODULE_KEY` varchar(255) NOT NULL,
  `NAME` varchar(255) NOT NULL,
  PRIMARY KEY (`ADMIN_MODULE_ID`),
  KEY `ADMINMODULE_NAME_INDEX` (`NAME`)
) ENGINE=InnoDB DEFAULT CHARSET=latin1;
/*!40101 SET character_set_client = @saved_cs_client */;

--
-- Dumping data for table `BLC_ADMIN_MODULE`
--

LOCK TABLES `BLC_ADMIN_MODULE` WRITE;
/*!40000 ALTER TABLE `BLC_ADMIN_MODULE` DISABLE KEYS */;
INSERT INTO `BLC_ADMIN_MODULE` VALUES (-9,250,'blc-icon-inventory','BLCInventory','Inventory'),(-8,150,'fa fa-usd','BLCPricing','Pricing'),(-7,500,'blc-icon-site-updates','BLCWorkflow','Site Updates'),(-6,400,'blc-icon-design','BLCDesign','Design'),(-5,700,'blc-icon-settings','BLCModuleConfiguration','Settings'),(-4,600,'blc-icon-security','BLCOpenAdmin','Security'),(-3,550,'blc-icon-customer-care','BLCCustomerCare','Customer Care'),(-2,200,'blc-icon-content','BLCContentManagement','Content'),(-1,100,'blc-icon-catalog','BLCMerchandising','Catalog');
/*!40000 ALTER TABLE `BLC_ADMIN_MODULE` ENABLE KEYS */;
UNLOCK TABLES;

--
-- Table structure for table `BLC_ADMIN_PASSWORD_TOKEN`
--

DROP TABLE IF EXISTS `BLC_ADMIN_PASSWORD_TOKEN`;
/*!40101 SET @saved_cs_client     = @@character_set_client */;
/*!40101 SET character_set_client = utf8 */;
CREATE TABLE `BLC_ADMIN_PASSWORD_TOKEN` (
  `PASSWORD_TOKEN` varchar(255) NOT NULL,
  `ADMIN_USER_ID` bigint(20) NOT NULL,
  `CREATE_DATE` datetime NOT NULL,
  `TOKEN_USED_DATE` datetime DEFAULT NULL,
  `TOKEN_USED_FLAG` bit(1) NOT NULL,
  PRIMARY KEY (`PASSWORD_TOKEN`)
) ENGINE=InnoDB DEFAULT CHARSET=latin1;
/*!40101 SET character_set_client = @saved_cs_client */;

--
-- Dumping data for table `BLC_ADMIN_PASSWORD_TOKEN`
--

LOCK TABLES `BLC_ADMIN_PASSWORD_TOKEN` WRITE;
/*!40000 ALTER TABLE `BLC_ADMIN_PASSWORD_TOKEN` DISABLE KEYS */;
/*!40000 ALTER TABLE `BLC_ADMIN_PASSWORD_TOKEN` ENABLE KEYS */;
UNLOCK TABLES;

--
-- Table structure for table `BLC_ADMIN_PERMISSION`
--

DROP TABLE IF EXISTS `BLC_ADMIN_PERMISSION`;
/*!40101 SET @saved_cs_client     = @@character_set_client */;
/*!40101 SET character_set_client = utf8 */;
CREATE TABLE `BLC_ADMIN_PERMISSION` (
  `ADMIN_PERMISSION_ID` bigint(20) NOT NULL,
  `DESCRIPTION` varchar(255) NOT NULL,
  `IS_FRIENDLY` bit(1) DEFAULT NULL,
  `NAME` varchar(255) NOT NULL,
  `PERMISSION_TYPE` varchar(255) NOT NULL,
  PRIMARY KEY (`ADMIN_PERMISSION_ID`)
) ENGINE=InnoDB DEFAULT CHARSET=latin1;
/*!40101 SET character_set_client = @saved_cs_client */;

--
-- Dumping data for table `BLC_ADMIN_PERMISSION`
--

LOCK TABLES `BLC_ADMIN_PERMISSION` WRITE;
/*!40000 ALTER TABLE `BLC_ADMIN_PERMISSION` DISABLE KEYS */;
INSERT INTO `BLC_ADMIN_PERMISSION` VALUES (-27003,'Maintain Menus',_binary '','PERMISSION_MENU','ALL'),(-27002,'View Menus',_binary '','PERMISSION_MENU','READ'),(-27001,'All Menu',NULL,'PERMISSION_ALL_MENU','ALL'),(-27000,'Read Menu',NULL,'PERMISSION_READ_MENU','READ'),(-200,'Read Page Template',_binary '\0','PERMISSION_READ_PAGE_TEMPLATE','READ'),(-181,'Maintain Promotion Messages',_binary '','PERMISSION_PROMOTION_MESSAGE','ALL'),(-180,'View Promotion Messages',_binary '','PERMISSION_PROMOTION_MESSAGE','READ'),(-161,'Maintain Field Definitions',_binary '','PERMISSION_FLDDEF_ALL','ALL'),(-160,'View Field Definitions',_binary '','PERMISSION_FLDDEF_VIEW','READ'),(-151,'Maintain Permissions',_binary '','PERMISSION_PERM_ALL','ALL'),(-150,'View Permissions',_binary '','PERMISSION_PERM_VIEW','READ'),(-141,'Maintain Roles',_binary '','PERMISSION_ROLE_ALL','ALL'),(-140,'View Roles',_binary '','PERMISSION_ROLE_VIEW','READ'),(-131,'Maintain Translations',_binary '','PERMISSION_TRANSLATION','ALL'),(-130,'View Translations',_binary '','PERMISSION_TRANSLATION','READ'),(-127,'Maintain Module Configurations',_binary '','PERMISSION_MODULECONFIGURATION','ALL'),(-126,'View Module Configurations',_binary '','PERMISSION_MODULECONFIGURATION','READ'),(-121,'Maintain Users',_binary '','PERMISSION_USER','ALL'),(-120,'View Users',_binary '','PERMISSION_USER','READ'),(-119,'Maintain Customers',_binary '','PERMISSION_CUSTOMER','ALL'),(-118,'View Customers',_binary '','PERMISSION_CUSTOMER','READ'),(-115,'Maintain URL Redirects',_binary '','PERMISSION_URLREDIRECT','ALL'),(-114,'View URL Redirects',_binary '','PERMISSION_URLREDIRECT','READ'),(-111,'Maintain Assets',_binary '','PERMISSION_ASSET','ALL'),(-110,'View Assets',_binary '','PERMISSION_ASSET','READ'),(-109,'Maintain Pages',_binary '','PERMISSION_PAGE','ALL'),(-108,'View Pages',_binary '','PERMISSION_PAGE','READ'),(-107,'Maintain Offers',_binary '','PERMISSION_OFFER','ALL'),(-106,'View Offers',_binary '','PERMISSION_OFFER','READ'),(-105,'Maintain Product Options',_binary '','PERMISSION_PRODUCTOPTIONS','ALL'),(-104,'View Product Options',_binary '','PERMISSION_PRODUCTOPTIONS','READ'),(-103,'Maintain Products',_binary '','PERMISSION_PRODUCT','ALL'),(-102,'View Products',_binary '','PERMISSION_PRODUCT','READ'),(-101,'Maintain Categories',_binary '','PERMISSION_CATEGORY','ALL'),(-100,'View Categories',_binary '','PERMISSION_CATEGORY','READ'),(-55,'All ISO COUNTRIES',_binary '\0','PERMISSION_ALL_ISO_COUNTRIES','ALL'),(-54,'Read ISO Countries',_binary '\0','PERMISSION_READ_ISO_COUNTRIES','READ'),(-53,'All Catalog Permissions',_binary '\0','PERMISSION_ALL_CATALOG_PERMS','ALL'),(-52,'Read Catalog Permissions',_binary '\0','PERMISSION_READ_CATALOG_PERMS','READ'),(-51,'All Field Definitions',_binary '\0','PERMISSION_ALL_FIELD_DEFS','ALL'),(-50,'Read Field Definitions',_binary '\0','PERMISSION_READ_FIELD_DEFS','READ'),(-49,'All Admin Permissions',_binary '\0','PERMISSION_ALL_ADMIN_PERMS','ALL'),(-48,'Read Admin Permissions',_binary '\0','PERMISSION_READ_ADMIN_PERMS','READ'),(-47,'All Admin Roles',_binary '\0','PERMISSION_ALL_ADMIN_ROLES','ALL'),(-46,'Read Admin Roles',_binary '\0','PERMISSION_READ_ADMIN_ROLES','READ'),(-45,'All System Property',_binary '\0','PERMISSION_ALL_SYSTEM_PROPERTY','ALL'),(-44,'Read System Property',_binary '\0','PERMISSION_READ_SYSTEM_PROPERTY','READ'),(-43,'All Site Map Gen Configuration',_binary '\0','PERMISSION_ALL_SITE_MAP_GEN_CONFIG','ALL'),(-42,'Read Site Map Gen Configuration',_binary '\0','PERMISSION_READ_SITE_MAP_GEN_CONFIG','READ'),(-41,'All Translation',_binary '\0','PERMISSION_ALL_TRANSLATION','ALL'),(-40,'Read Translation',_binary '\0','PERMISSION_READ_TRANSLATION','READ'),(-39,'All Enumeration',_binary '\0','PERMISSION_ALL_ENUMERATION','ALL'),(-38,'Read Enumeration',_binary '\0','PERMISSION_READ_ENUMERATION','READ'),(-37,'All Configuration',_binary '\0','PERMISSION_ALL_MODULECONFIGURATION','ALL'),(-36,'Read Configuration',_binary '\0','PERMISSION_READ_MODULECONFIGURATION','READ'),(-35,'All Currency',_binary '\0','PERMISSION_ALL_CURRENCY','ALL'),(-34,'Read Currency',_binary '\0','PERMISSION_READ_CURRENCY','READ'),(-33,'All SearchFacet',_binary '\0','PERMISSION_ALL_SEARCHFACET','ALL'),(-32,'Read SearchFacet',_binary '\0','PERMISSION_READ_SEARCHFACET','READ'),(-31,'All SearchRedirect',_binary '\0','PERMISSION_ALL_SEARCHREDIRECT','ALL'),(-30,'Read SearchRedirect',_binary '\0','PERMISSION_READ_SEARCHREDIRECT','READ'),(-29,'All URLHandler',_binary '\0','PERMISSION_ALL_URLHANDLER','ALL'),(-28,'Read URLHandler',_binary '\0','PERMISSION_READ_URLHANDLER','READ'),(-27,'All Admin User',_binary '\0','PERMISSION_ALL_ADMIN_USER','ALL'),(-26,'Read Admin User',_binary '\0','PERMISSION_READ_ADMIN_USER','READ'),(-23,'All Asset',_binary '\0','PERMISSION_ALL_ASSET','ALL'),(-22,'Read Asset',_binary '\0','PERMISSION_READ_ASSET','READ'),(-21,'All Page',_binary '\0','PERMISSION_ALL_PAGE','ALL'),(-20,'Read Page',_binary '\0','PERMISSION_READ_PAGE','READ'),(-19,'All Customer',_binary '\0','PERMISSION_ALL_CUSTOMER','ALL'),(-18,'Read Customer',_binary '\0','PERMISSION_READ_CUSTOMER','READ'),(-17,'All Order Item',_binary '\0','PERMISSION_ALL_ORDER_ITEM','ALL'),(-16,'Read Order Item',_binary '\0','PERMISSION_READ_ORDER_ITEM','READ'),(-15,'All Fulfillment Group',_binary '\0','PERMISSION_ALL_FULFILLMENT_GROUP','ALL'),(-14,'Read Fulfillment Group',_binary '\0','PERMISSION_READ_FULFILLMENT_GROUP','READ'),(-13,'All Order',_binary '\0','PERMISSION_ALL_ORDER','ALL'),(-12,'Read Order',_binary '\0','PERMISSION_READ_ORDER','READ'),(-11,'All Promotion',_binary '\0','PERMISSION_ALL_PROMOTION','ALL'),(-10,'Read Promotion',_binary '\0','PERMISSION_READ_PROMOTION','READ'),(-9,'All Sku',_binary '\0','PERMISSION_ALL_SKU','ALL'),(-8,'Read Sku',_binary '\0','PERMISSION_READ_SKU','READ'),(-7,'All Product Option',_binary '\0','PERMISSION_ALL_PRODUCT_OPTION','ALL'),(-6,'Read Product Option',_binary '\0','PERMISSION_READ_PRODUCT_OPTION','READ'),(-5,'All Product',_binary '\0','PERMISSION_ALL_PRODUCT','ALL'),(-4,'Read Product',_binary '\0','PERMISSION_READ_PRODUCT','READ'),(-3,'All Category',_binary '\0','PERMISSION_ALL_CATEGORY','ALL'),(-2,'Read Category',_binary '\0','PERMISSION_READ_CATEGORY','READ'),(-1,'Default Permission',_binary '\0','PERMISSION_OTHER_DEFAULT','OTHER');
/*!40000 ALTER TABLE `BLC_ADMIN_PERMISSION` ENABLE KEYS */;
UNLOCK TABLES;

--
-- Table structure for table `BLC_ADMIN_PERMISSION_ENTITY`
--

DROP TABLE IF EXISTS `BLC_ADMIN_PERMISSION_ENTITY`;
/*!40101 SET @saved_cs_client     = @@character_set_client */;
/*!40101 SET character_set_client = utf8 */;
CREATE TABLE `BLC_ADMIN_PERMISSION_ENTITY` (
  `ADMIN_PERMISSION_ENTITY_ID` bigint(20) NOT NULL,
  `CEILING_ENTITY` varchar(255) NOT NULL,
  `ADMIN_PERMISSION_ID` bigint(20) DEFAULT NULL,
  PRIMARY KEY (`ADMIN_PERMISSION_ENTITY_ID`),
  KEY `FKr7lum3wwl9kacdlgw4cwdrsas` (`ADMIN_PERMISSION_ID`),
  CONSTRAINT `FKr7lum3wwl9kacdlgw4cwdrsas` FOREIGN KEY (`ADMIN_PERMISSION_ID`) REFERENCES `BLC_ADMIN_PERMISSION` (`ADMIN_PERMISSION_ID`)
) ENGINE=InnoDB DEFAULT CHARSET=latin1;
/*!40101 SET character_set_client = @saved_cs_client */;

--
-- Dumping data for table `BLC_ADMIN_PERMISSION_ENTITY`
--

LOCK TABLES `BLC_ADMIN_PERMISSION_ENTITY` WRITE;
/*!40000 ALTER TABLE `BLC_ADMIN_PERMISSION_ENTITY` DISABLE KEYS */;
INSERT INTO `BLC_ADMIN_PERMISSION_ENTITY` VALUES (-27003,'org.broadleafcommerce.menu.domain.MenuItem',-27001),(-27002,'org.broadleafcommerce.menu.domain.MenuItem',-27000),(-27001,'org.broadleafcommerce.menu.domain.Menu',-27001),(-27000,'org.broadleafcommerce.menu.domain.Menu',-27000),(-1011,'org.broadleafcommerce.common.i18n.domain.ISOCountry',-55),(-1010,'org.broadleafcommerce.common.i18n.domain.ISOCountry',-54),(-1003,'org.broadleafcommerce.common.site.domain.Site',-53),(-1002,'org.broadleafcommerce.common.site.domain.Site',-52),(-1001,'org.broadleafcommerce.common.site.domain.Catalog',-53),(-1000,'org.broadleafcommerce.common.site.domain.Catalog',-52),(-991,'org.broadleafcommerce.cms.field.domain.FieldDefinition',-51),(-990,'org.broadleafcommerce.cms.field.domain.FieldDefinition',-50),(-983,'org.broadleafcommerce.openadmin.server.security.domain.AdminPermissionQualifiedEntity',-48),(-982,'org.broadleafcommerce.openadmin.server.security.domain.AdminPermissionQualifiedEntity',-49),(-981,'org.broadleafcommerce.openadmin.server.security.domain.AdminPermission',-48),(-980,'org.broadleafcommerce.openadmin.server.security.domain.AdminPermission',-49),(-971,'org.broadleafcommerce.openadmin.server.security.domain.AdminRole',-47),(-970,'org.broadleafcommerce.openadmin.server.security.domain.AdminRole',-46),(-961,'org.broadleafcommerce.common.config.domain.SystemProperty',-45),(-960,'org.broadleafcommerce.common.config.domain.SystemProperty',-44),(-953,'org.broadleafcommerce.common.sitemap.domain.SiteMapURLEntry',-43),(-952,'org.broadleafcommerce.common.sitemap.domain.SiteMapURLEntry',-42),(-951,'org.broadleafcommerce.common.sitemap.domain.SiteMapGeneratorConfiguration',-43),(-950,'org.broadleafcommerce.common.sitemap.domain.SiteMapGeneratorConfiguration',-42),(-911,'org.broadleafcommerce.common.i18n.domain.Translation',-41),(-910,'org.broadleafcommerce.common.i18n.domain.Translation',-40),(-903,'org.broadleafcommerce.common.enumeration.domain.DataDrivenEnumerationValue',-39),(-902,'org.broadleafcommerce.common.enumeration.domain.DataDrivenEnumerationValue',-38),(-901,'org.broadleafcommerce.common.enumeration.domain.DataDrivenEnumeration',-39),(-900,'org.broadleafcommerce.common.enumeration.domain.DataDrivenEnumeration',-38),(-881,'org.broadleafcommerce.common.config.domain.ModuleConfiguration',-37),(-880,'org.broadleafcommerce.common.config.domain.ModuleConfiguration',-36),(-851,'org.broadleafcommerce.common.currency.domain.BroadleafCurrency',-35),(-850,'org.broadleafcommerce.common.currency.domain.BroadleafCurrency',-34),(-813,'org.broadleafcommerce.core.search.domain.IndexFieldType',-33),(-812,'org.broadleafcommerce.core.search.domain.IndexFieldType',-32),(-811,'org.broadleafcommerce.core.search.domain.IndexField',-33),(-810,'org.broadleafcommerce.core.search.domain.IndexField',-32),(-809,'org.broadleafcommerce.core.search.domain.CategoryExcludedSearchFacet',-33),(-808,'org.broadleafcommerce.core.search.domain.CategoryExcludedSearchFacet',-32),(-807,'org.broadleafcommerce.core.search.domain.SearchFacetRange',-33),(-806,'org.broadleafcommerce.core.search.domain.SearchFacetRange',-32),(-805,'org.broadleafcommerce.core.search.domain.CategorySearchFacet',-33),(-804,'org.broadleafcommerce.core.search.domain.CategorySearchFacet',-32),(-803,'org.broadleafcommerce.core.search.domain.Field',-33),(-802,'org.broadleafcommerce.core.search.domain.Field',-32),(-801,'org.broadleafcommerce.core.search.domain.SearchFacet',-33),(-800,'org.broadleafcommerce.core.search.domain.SearchFacet',-32),(-781,'org.broadleafcommerce.core.search.redirect.domain.SearchRedirect',-31),(-780,'org.broadleafcommerce.core.search.redirect.domain.SearchRedirect',-30),(-753,'org.broadleafcommerce.common.locale.domain.Locale',-29),(-752,'org.broadleafcommerce.common.locale.domain.Locale',-28),(-751,'org.broadleafcommerce.cms.url.domain.URLHandler',-29),(-750,'org.broadleafcommerce.cms.url.domain.URLHandler',-28),(-721,'org.broadleafcommerce.openadmin.server.security.domain.AdminUser',-27),(-720,'org.broadleafcommerce.openadmin.server.security.domain.AdminUser',-26),(-603,'org.broadleafcommerce.cms.file.domain.StaticAssetFolder',-23),(-602,'org.broadleafcommerce.cms.file.domain.StaticAssetFolder',-22),(-601,'org.broadleafcommerce.cms.file.domain.StaticAsset',-23),(-600,'org.broadleafcommerce.cms.file.domain.StaticAsset',-22),(-557,'org.broadleafcommerce.common.locale.domain.Locale',-21),(-556,'org.broadleafcommerce.common.locale.domain.Locale',-20),(-555,'org.broadleafcommerce.cms.page.domain.PageItemCriteria',-21),(-554,'org.broadleafcommerce.cms.page.domain.PageItemCriteria',-20),(-552,'org.broadleafcommerce.cms.page.domain.PageTemplate',-200),(-551,'org.broadleafcommerce.cms.page.domain.Page',-21),(-550,'org.broadleafcommerce.cms.page.domain.Page',-20),(-514,'org.broadleafcommerce.core.catalog.domain.CrossSaleProductImpl',-19),(-513,'org.broadleafcommerce.core.catalog.domain.CrossSaleProductImpl',-18),(-512,'org.broadleafcommerce.profile.core.domain.CustomerPhone',-19),(-511,'org.broadleafcommerce.profile.core.domain.CustomerPhone',-18),(-510,'org.broadleafcommerce.profile.core.domain.CustomerPayment',-19),(-509,'org.broadleafcommerce.profile.core.domain.CustomerPayment',-18),(-508,'org.broadleafcommerce.profile.core.domain.CustomerAddress',-19),(-507,'org.broadleafcommerce.profile.core.domain.CustomerAddress',-18),(-506,'org.broadleafcommerce.profile.core.domain.CustomerAttribute',-19),(-504,'org.broadleafcommerce.profile.core.domain.CustomerAttribute',-18),(-503,'org.broadleafcommerce.profile.core.domain.ChallengeQuestion',-19),(-502,'org.broadleafcommerce.profile.core.domain.ChallengeQuestion',-18),(-501,'org.broadleafcommerce.profile.core.domain.Customer',-19),(-500,'org.broadleafcommerce.profile.core.domain.Customer',-18),(-461,'org.broadleafcommerce.core.order.domain.BundleOrderItemFeePriceImpl',-17),(-460,'org.broadleafcommerce.core.order.domain.BundleOrderItemFeePriceImpl',-16),(-459,'org.broadleafcommerce.core.order.domain.OrderItemPriceDetailImpl',-17),(-458,'org.broadleafcommerce.core.order.domain.OrderItemPriceDetailImpl',-16),(-457,'org.broadleafcommerce.core.offer.domain.OrderItemPriceDetailAdjustmentImpl',-17),(-456,'org.broadleafcommerce.core.offer.domain.OrderItemPriceDetailAdjustmentImpl',-16),(-455,'org.broadleafcommerce.core.offer.domain.OrderItemAdjustment',-17),(-454,'org.broadleafcommerce.core.offer.domain.OrderItemAdjustment',-16),(-453,'org.broadleafcommerce.core.order.domain.DiscreteOrderItemFeePrice',-17),(-452,'org.broadleafcommerce.core.order.domain.DiscreteOrderItemFeePrice',-16),(-451,'org.broadleafcommerce.core.order.domain.OrderItem',-17),(-450,'org.broadleafcommerce.core.order.domain.OrderItem',-16),(-407,'org.broadleafcommerce.core.order.domain.FulfillmentGroupItemImpl',-15),(-406,'org.broadleafcommerce.core.order.domain.FulfillmentGroupItemImpl',-14),(-405,'org.broadleafcommerce.core.order.domain.FulfillmentGroupFeeImpl',-15),(-404,'org.broadleafcommerce.core.order.domain.FulfillmentGroupFeeImpl',-14),(-403,'org.broadleafcommerce.core.offer.domain.FulfillmentGroupAdjustment',-15),(-402,'org.broadleafcommerce.core.offer.domain.FulfillmentGroupAdjustment',-14),(-401,'org.broadleafcommerce.core.order.domain.FulfillmentGroup',-15),(-400,'org.broadleafcommerce.core.order.domain.FulfillmentGroup',-14),(-370,'org.broadleafcommerce.core.payment.domain.PaymentTransactionImpl',-13),(-369,'org.broadleafcommerce.core.payment.domain.PaymentTransactionImpl',-12),(-368,'org.broadleafcommerce.profile.core.domain.State',-13),(-367,'org.broadleafcommerce.profile.core.domain.State',-12),(-366,'org.broadleafcommerce.profile.core.domain.Country',-13),(-365,'org.broadleafcommerce.profile.core.domain.Country',-12),(-361,'org.broadleafcommerce.core.payment.domain.OrderPayment',-13),(-360,'org.broadleafcommerce.core.payment.domain.OrderPayment',-12),(-356,'org.broadleafcommerce.core.offer.domain.OrderAdjustment',-13),(-355,'org.broadleafcommerce.core.offer.domain.OrderAdjustment',-12),(-351,'org.broadleafcommerce.core.order.domain.Order',-13),(-350,'org.broadleafcommerce.core.order.domain.Order',-12),(-307,'org.broadleafcommerce.core.offer.domain.OfferTier',-11),(-306,'org.broadleafcommerce.core.offer.domain.OfferTier',-10),(-305,'org.broadleafcommerce.core.offer.domain.OfferCode',-11),(-304,'org.broadleafcommerce.core.offer.domain.OfferCode',-10),(-303,'org.broadleafcommerce.core.offer.domain.OfferItemCriteria',-11),(-302,'org.broadleafcommerce.core.offer.domain.OfferItemCriteria',-10),(-301,'org.broadleafcommerce.core.offer.domain.Offer',-11),(-300,'org.broadleafcommerce.core.offer.domain.Offer',-10),(-251,'org.broadleafcommerce.core.catalog.domain.Sku',-9),(-250,'org.broadleafcommerce.core.catalog.domain.Sku',-8),(-207,'org.broadleafcommerce.core.catalog.domain.SkuProductOptionValueXref',-7),(-206,'org.broadleafcommerce.core.catalog.domain.SkuProductOptionValueXref',-6),(-205,'org.broadleafcommerce.core.catalog.domain.ProductOptionXref',-7),(-204,'org.broadleafcommerce.core.catalog.domain.ProductOptionXref',-6),(-203,'org.broadleafcommerce.core.catalog.domain.ProductOptionValue',-7),(-202,'org.broadleafcommerce.core.catalog.domain.ProductOptionValue',-6),(-201,'org.broadleafcommerce.core.catalog.domain.ProductOption',-7),(-200,'org.broadleafcommerce.core.catalog.domain.ProductOption',-6),(-183,'org.broadleafcommerce.core.offer.domain.AdvancedOfferPromotionMessageXref',-107),(-182,'org.broadleafcommerce.core.offer.domain.AdvancedOfferPromotionMessageXref',-106),(-181,'org.broadleafcommerce.core.promotionMessage.domain.PromotionMessage',-181),(-180,'org.broadleafcommerce.core.promotionMessage.domain.PromotionMessage',-180),(-107,'org.broadleafcommerce.core.catalog.domain.SkuBundleItemImpl',-5),(-106,'org.broadleafcommerce.core.catalog.domain.SkuBundleItemImpl',-4),(-105,'org.broadleafcommerce.core.catalog.domain.UpSaleProductImpl',-5),(-104,'org.broadleafcommerce.core.catalog.domain.UpSaleProductImpl',-4),(-103,'org.broadleafcommerce.core.catalog.domain.ProductAttribute',-5),(-102,'org.broadleafcommerce.core.catalog.domain.ProductAttribute',-4),(-101,'org.broadleafcommerce.core.catalog.domain.Product',-5),(-100,'org.broadleafcommerce.core.catalog.domain.Product',-4),(-14,'org.broadleafcommerce.core.catalog.domain.UpSaleProductImpl',-3),(-13,'org.broadleafcommerce.core.catalog.domain.UpSaleProductImpl',-2),(-12,'org.broadleafcommerce.core.catalog.domain.CrossSaleProductImpl',-3),(-11,'org.broadleafcommerce.core.catalog.domain.CrossSaleProductImpl',-2),(-10,'org.broadleafcommerce.core.catalog.domain.FeaturedProductImpl',-3),(-9,'org.broadleafcommerce.core.catalog.domain.FeaturedProductImpl',-2),(-8,'org.broadleafcommerce.core.catalog.domain.CategoryXrefImpl',-3),(-7,'org.broadleafcommerce.core.catalog.domain.CategoryXrefImpl',-2),(-6,'org.broadleafcommerce.core.catalog.domain.CategoryProductXrefImpl',-3),(-5,'org.broadleafcommerce.core.catalog.domain.CategoryProductXrefImpl',-2),(-4,'org.broadleafcommerce.core.catalog.domain.CategoryAttribute',-3),(-3,'org.broadleafcommerce.core.catalog.domain.CategoryAttribute',-2),(-2,'org.broadleafcommerce.core.catalog.domain.Category',-3),(-1,'org.broadleafcommerce.core.catalog.domain.Category',-2);
/*!40000 ALTER TABLE `BLC_ADMIN_PERMISSION_ENTITY` ENABLE KEYS */;
UNLOCK TABLES;

--
-- Table structure for table `BLC_ADMIN_PERMISSION_XREF`
--

DROP TABLE IF EXISTS `BLC_ADMIN_PERMISSION_XREF`;
/*!40101 SET @saved_cs_client     = @@character_set_client */;
/*!40101 SET character_set_client = utf8 */;
CREATE TABLE `BLC_ADMIN_PERMISSION_XREF` (
  `CHILD_PERMISSION_ID` bigint(20) NOT NULL,
  `ADMIN_PERMISSION_ID` bigint(20) NOT NULL,
  KEY `FK1m3h00oqtternnpeiupslooan` (`ADMIN_PERMISSION_ID`),
  KEY `FK9gfarfrwe5wnew41w9oyd3j6y` (`CHILD_PERMISSION_ID`),
  CONSTRAINT `FK1m3h00oqtternnpeiupslooan` FOREIGN KEY (`ADMIN_PERMISSION_ID`) REFERENCES `BLC_ADMIN_PERMISSION` (`ADMIN_PERMISSION_ID`),
  CONSTRAINT `FK9gfarfrwe5wnew41w9oyd3j6y` FOREIGN KEY (`CHILD_PERMISSION_ID`) REFERENCES `BLC_ADMIN_PERMISSION` (`ADMIN_PERMISSION_ID`)
) ENGINE=InnoDB DEFAULT CHARSET=latin1;
/*!40101 SET character_set_client = @saved_cs_client */;

--
-- Dumping data for table `BLC_ADMIN_PERMISSION_XREF`
--

LOCK TABLES `BLC_ADMIN_PERMISSION_XREF` WRITE;
/*!40000 ALTER TABLE `BLC_ADMIN_PERMISSION_XREF` DISABLE KEYS */;
INSERT INTO `BLC_ADMIN_PERMISSION_XREF` VALUES (-2,-100),(-4,-100),(-32,-100),(-52,-100),(-3,-101),(-4,-101),(-32,-101),(-52,-101),(-4,-102),(-6,-102),(-8,-102),(-34,-102),(-52,-102),(-5,-103),(-6,-103),(-9,-103),(-34,-103),(-52,-103),(-6,-104),(-32,-104),(-52,-104),(-7,-105),(-32,-105),(-52,-105),(-10,-106),(-52,-106),(-11,-107),(-52,-107),(-20,-108),(-200,-108),(-21,-109),(-200,-109),(-22,-110),(-23,-111),(-28,-114),(-29,-115),(-18,-118),(-19,-119),(-26,-120),(-46,-120),(-48,-120),(-27,-121),(-46,-121),(-48,-121),(-36,-126),(-37,-127),(-40,-130),(-41,-131),(-46,-140),(-48,-140),(-47,-141),(-48,-141),(-48,-150),(-49,-151),(-50,-160),(-51,-161),(-180,-106),(-181,-107),(-27000,-27002),(-27001,-27003);
/*!40000 ALTER TABLE `BLC_ADMIN_PERMISSION_XREF` ENABLE KEYS */;
UNLOCK TABLES;

--
-- Table structure for table `BLC_ADMIN_ROLE`
--

DROP TABLE IF EXISTS `BLC_ADMIN_ROLE`;
/*!40101 SET @saved_cs_client     = @@character_set_client */;
/*!40101 SET character_set_client = utf8 */;
CREATE TABLE `BLC_ADMIN_ROLE` (
  `ADMIN_ROLE_ID` bigint(20) NOT NULL,
  `CREATED_BY` bigint(20) DEFAULT NULL,
  `DATE_CREATED` datetime DEFAULT NULL,
  `DATE_UPDATED` datetime DEFAULT NULL,
  `UPDATED_BY` bigint(20) DEFAULT NULL,
  `DESCRIPTION` varchar(255) NOT NULL,
  `NAME` varchar(255) NOT NULL,
  PRIMARY KEY (`ADMIN_ROLE_ID`)
) ENGINE=InnoDB DEFAULT CHARSET=latin1;
/*!40101 SET character_set_client = @saved_cs_client */;

--
-- Dumping data for table `BLC_ADMIN_ROLE`
--

LOCK TABLES `BLC_ADMIN_ROLE` WRITE;
/*!40000 ALTER TABLE `BLC_ADMIN_ROLE` DISABLE KEYS */;
INSERT INTO `BLC_ADMIN_ROLE` VALUES (-7,NULL,NULL,NULL,NULL,'CMS Designer','ROLE_CONTENT_DESIGNER'),(-6,NULL,NULL,NULL,NULL,'CMS Approver','ROLE_CONTENT_APPROVER'),(-5,NULL,NULL,NULL,NULL,'CMS Editor','ROLE_CONTENT_EDITOR'),(-4,NULL,NULL,NULL,NULL,'CSR','ROLE_CUSTOMER_SERVICE_REP'),(-3,NULL,NULL,NULL,NULL,'Promotion Manager','ROLE_PROMOTION_MANAGER'),(-2,NULL,NULL,NULL,NULL,'Merchandiser','ROLE_MERCHANDISE_MANAGER'),(-1,NULL,NULL,NULL,NULL,'Admin Master Access','ROLE_ADMIN');
/*!40000 ALTER TABLE `BLC_ADMIN_ROLE` ENABLE KEYS */;
UNLOCK TABLES;

--
-- Table structure for table `BLC_ADMIN_ROLE_PERMISSION_XREF`
--

DROP TABLE IF EXISTS `BLC_ADMIN_ROLE_PERMISSION_XREF`;
/*!40101 SET @saved_cs_client     = @@character_set_client */;
/*!40101 SET character_set_client = utf8 */;
CREATE TABLE `BLC_ADMIN_ROLE_PERMISSION_XREF` (
  `ADMIN_ROLE_ID` bigint(20) NOT NULL,
  `ADMIN_PERMISSION_ID` bigint(20) NOT NULL,
  PRIMARY KEY (`ADMIN_PERMISSION_ID`,`ADMIN_ROLE_ID`),
  KEY `FKl1jm8qymrs3laxvyawcb7mlbt` (`ADMIN_ROLE_ID`),
  CONSTRAINT `FKl1jm8qymrs3laxvyawcb7mlbt` FOREIGN KEY (`ADMIN_ROLE_ID`) REFERENCES `BLC_ADMIN_ROLE` (`ADMIN_ROLE_ID`),
  CONSTRAINT `FKoj1ji2ummmtfdm0xb9jesi7g` FOREIGN KEY (`ADMIN_PERMISSION_ID`) REFERENCES `BLC_ADMIN_PERMISSION` (`ADMIN_PERMISSION_ID`)
) ENGINE=InnoDB DEFAULT CHARSET=latin1;
/*!40101 SET character_set_client = @saved_cs_client */;

--
-- Dumping data for table `BLC_ADMIN_ROLE_PERMISSION_XREF`
--

LOCK TABLES `BLC_ADMIN_ROLE_PERMISSION_XREF` WRITE;
/*!40000 ALTER TABLE `BLC_ADMIN_ROLE_PERMISSION_XREF` DISABLE KEYS */;
INSERT INTO `BLC_ADMIN_ROLE_PERMISSION_XREF` VALUES (-6,-111),(-6,-109),(-5,-27003),(-5,-161),(-5,-131),(-5,-111),(-5,-109),(-4,-119),(-3,-131),(-3,-107),(-2,-131),(-2,-111),(-2,-105),(-2,-103),(-2,-101),(-1,-27003),(-1,-181),(-1,-161),(-1,-141),(-1,-131),(-1,-121),(-1,-119),(-1,-115),(-1,-111),(-1,-109),(-1,-107),(-1,-105),(-1,-103),(-1,-101);
/*!40000 ALTER TABLE `BLC_ADMIN_ROLE_PERMISSION_XREF` ENABLE KEYS */;
UNLOCK TABLES;

--
-- Table structure for table `BLC_ADMIN_SECTION`
--

DROP TABLE IF EXISTS `BLC_ADMIN_SECTION`;
/*!40101 SET @saved_cs_client     = @@character_set_client */;
/*!40101 SET character_set_client = utf8 */;
CREATE TABLE `BLC_ADMIN_SECTION` (
  `ADMIN_SECTION_ID` bigint(20) NOT NULL,
  `CEILING_ENTITY` varchar(255) DEFAULT NULL,
  `DISPLAY_CONTROLLER` varchar(255) DEFAULT NULL,
  `DISPLAY_ORDER` int(11) DEFAULT NULL,
  `NAME` varchar(255) NOT NULL,
  `SECTION_KEY` varchar(255) NOT NULL,
  `URL` varchar(255) DEFAULT NULL,
  `USE_DEFAULT_HANDLER` bit(1) DEFAULT NULL,
  `ADMIN_MODULE_ID` bigint(20) NOT NULL,
  PRIMARY KEY (`ADMIN_SECTION_ID`),
  UNIQUE KEY `UK_2l8u0qyluf4fwp2iiqp3p4jrn` (`SECTION_KEY`),
  KEY `ADMINSECTION_MODULE_INDEX` (`ADMIN_MODULE_ID`),
  KEY `ADMINSECTION_NAME_INDEX` (`NAME`),
  CONSTRAINT `FK2gpd1e839i00bosr6e54mdnn2` FOREIGN KEY (`ADMIN_MODULE_ID`) REFERENCES `BLC_ADMIN_MODULE` (`ADMIN_MODULE_ID`)
) ENGINE=InnoDB DEFAULT CHARSET=latin1;
/*!40101 SET character_set_client = @saved_cs_client */;

--
-- Dumping data for table `BLC_ADMIN_SECTION`
--

LOCK TABLES `BLC_ADMIN_SECTION` WRITE;
/*!40000 ALTER TABLE `BLC_ADMIN_SECTION` DISABLE KEYS */;
INSERT INTO `BLC_ADMIN_SECTION` VALUES (-27000,'org.broadleafcommerce.menu.domain.Menu',NULL,3000,'Menus','Menus','/menu',_binary '',-2),(-99,'org.broadleafcommerce.core.catalog.domain.Product',NULL,3000,'Base Product','Base Product','/product:product',NULL,-1),(-17,'org.broadleafcommerce.openadmin.server.security.domain.AdminPermission',NULL,11000,'Permission Management','PermissionManagement','/permission-management',NULL,-5),(-13,'org.broadleafcommerce.common.config.domain.ModuleConfiguration',NULL,10000,'Configuration Management','ConfigurationManagement','/configuration-management',NULL,-5),(-12,'org.broadleafcommerce.openadmin.server.security.domain.AdminRole',NULL,3000,'Role Management','RoleManagement','/role-management',NULL,-5),(-11,'org.broadleafcommerce.openadmin.server.security.domain.AdminUser',NULL,2000,'User Management','UserManagement','/user-management',NULL,-5),(-10,'org.broadleafcommerce.profile.core.domain.Customer',NULL,1000,'Customer','Customer','/customer',NULL,-3),(-8,'org.broadleafcommerce.cms.url.domain.URLHandler',NULL,7000,'Redirect URL','RedirectURL','/redirect-url',NULL,-2),(-6,'org.broadleafcommerce.cms.file.domain.StaticAsset',NULL,4000,'Assets','Assets','/assets',NULL,-2),(-5,'org.broadleafcommerce.cms.page.domain.Page',NULL,2000,'Pages','Pages','/pages',NULL,-2),(-4,'org.broadleafcommerce.core.offer.domain.Offer',NULL,1000,'Offer','Offer','/offer',NULL,-8),(-3,'org.broadleafcommerce.core.catalog.domain.ProductOption',NULL,5000,'Product Options','ProductOptions','/product-options',NULL,-1),(-2,'org.broadleafcommerce.core.catalog.domain.Product',NULL,3000,'All Products','All Products','/product',NULL,-1),(-1,'org.broadleafcommerce.core.catalog.domain.Category',NULL,2000,'Category','Category','/category',NULL,-1);
/*!40000 ALTER TABLE `BLC_ADMIN_SECTION` ENABLE KEYS */;
UNLOCK TABLES;

--
-- Table structure for table `BLC_ADMIN_SEC_PERM_XREF`
--

DROP TABLE IF EXISTS `BLC_ADMIN_SEC_PERM_XREF`;
/*!40101 SET @saved_cs_client     = @@character_set_client */;
/*!40101 SET character_set_client = utf8 */;
CREATE TABLE `BLC_ADMIN_SEC_PERM_XREF` (
  `ADMIN_SECTION_ID` bigint(20) NOT NULL,
  `ADMIN_PERMISSION_ID` bigint(20) NOT NULL,
  KEY `FKns2d7kvauk8kgskridssn1gcv` (`ADMIN_PERMISSION_ID`),
  KEY `FK3k1buujb5let82ixj1k9nha3r` (`ADMIN_SECTION_ID`),
  CONSTRAINT `FK3k1buujb5let82ixj1k9nha3r` FOREIGN KEY (`ADMIN_SECTION_ID`) REFERENCES `BLC_ADMIN_SECTION` (`ADMIN_SECTION_ID`),
  CONSTRAINT `FKns2d7kvauk8kgskridssn1gcv` FOREIGN KEY (`ADMIN_PERMISSION_ID`) REFERENCES `BLC_ADMIN_PERMISSION` (`ADMIN_PERMISSION_ID`)
) ENGINE=InnoDB DEFAULT CHARSET=latin1;
/*!40101 SET character_set_client = @saved_cs_client */;

--
-- Dumping data for table `BLC_ADMIN_SEC_PERM_XREF`
--

LOCK TABLES `BLC_ADMIN_SEC_PERM_XREF` WRITE;
/*!40000 ALTER TABLE `BLC_ADMIN_SEC_PERM_XREF` DISABLE KEYS */;
INSERT INTO `BLC_ADMIN_SEC_PERM_XREF` VALUES (-1,-100),(-1,-101),(-2,-102),(-2,-103),(-99,-102),(-99,-103),(-3,-104),(-3,-105),(-4,-106),(-4,-107),(-5,-108),(-5,-109),(-6,-110),(-6,-111),(-8,-114),(-8,-115),(-10,-118),(-10,-119),(-11,-120),(-11,-121),(-12,-140),(-12,-141),(-13,-126),(-13,-127),(-17,-150),(-17,-151),(-27000,-27002),(-27000,-27003);
/*!40000 ALTER TABLE `BLC_ADMIN_SEC_PERM_XREF` ENABLE KEYS */;
UNLOCK TABLES;

--
-- Table structure for table `BLC_ADMIN_USER`
--

DROP TABLE IF EXISTS `BLC_ADMIN_USER`;
/*!40101 SET @saved_cs_client     = @@character_set_client */;
/*!40101 SET character_set_client = utf8 */;
CREATE TABLE `BLC_ADMIN_USER` (
  `ADMIN_USER_ID` bigint(20) NOT NULL,
  `ACTIVE_STATUS_FLAG` bit(1) DEFAULT NULL,
  `ARCHIVED` char(1) DEFAULT NULL,
  `CREATED_BY` bigint(20) DEFAULT NULL,
  `DATE_CREATED` datetime DEFAULT NULL,
  `DATE_UPDATED` datetime DEFAULT NULL,
  `UPDATED_BY` bigint(20) DEFAULT NULL,
  `EMAIL` varchar(255) NOT NULL,
  `LOGIN` varchar(255) NOT NULL,
  `NAME` varchar(255) NOT NULL,
  `PASSWORD` varchar(255) DEFAULT NULL,
  `PHONE_NUMBER` varchar(255) DEFAULT NULL,
  PRIMARY KEY (`ADMIN_USER_ID`),
  KEY `ADMINPERM_EMAIL_INDEX` (`EMAIL`),
  KEY `ADMINUSER_NAME_INDEX` (`NAME`)
) ENGINE=InnoDB DEFAULT CHARSET=latin1;
/*!40101 SET character_set_client = @saved_cs_client */;

--
-- Dumping data for table `BLC_ADMIN_USER`
--

LOCK TABLES `BLC_ADMIN_USER` WRITE;
/*!40000 ALTER TABLE `BLC_ADMIN_USER` DISABLE KEYS */;
INSERT INTO `BLC_ADMIN_USER` VALUES (-1,_binary '',NULL,NULL,NULL,NULL,NULL,'admin@yourdomain.com','admin','Administrator','admin',NULL);
/*!40000 ALTER TABLE `BLC_ADMIN_USER` ENABLE KEYS */;
UNLOCK TABLES;

--
-- Table structure for table `BLC_ADMIN_USER_ADDTL_FIELDS`
--

DROP TABLE IF EXISTS `BLC_ADMIN_USER_ADDTL_FIELDS`;
/*!40101 SET @saved_cs_client     = @@character_set_client */;
/*!40101 SET character_set_client = utf8 */;
CREATE TABLE `BLC_ADMIN_USER_ADDTL_FIELDS` (
  `ATTRIBUTE_ID` bigint(20) NOT NULL,
  `FIELD_NAME` varchar(255) NOT NULL,
  `FIELD_VALUE` varchar(255) DEFAULT NULL,
  `ADMIN_USER_ID` bigint(20) NOT NULL,
  PRIMARY KEY (`ATTRIBUTE_ID`),
  KEY `ADMINUSERATTRIBUTE_INDEX` (`ADMIN_USER_ID`),
  KEY `ADMINUSERATTRIBUTE_NAME_INDEX` (`FIELD_NAME`),
  CONSTRAINT `FKiiateds21bej9b6qvrom06ayr` FOREIGN KEY (`ADMIN_USER_ID`) REFERENCES `BLC_ADMIN_USER` (`ADMIN_USER_ID`)
) ENGINE=InnoDB DEFAULT CHARSET=latin1;
/*!40101 SET character_set_client = @saved_cs_client */;

--
-- Dumping data for table `BLC_ADMIN_USER_ADDTL_FIELDS`
--

LOCK TABLES `BLC_ADMIN_USER_ADDTL_FIELDS` WRITE;
/*!40000 ALTER TABLE `BLC_ADMIN_USER_ADDTL_FIELDS` DISABLE KEYS */;
/*!40000 ALTER TABLE `BLC_ADMIN_USER_ADDTL_FIELDS` ENABLE KEYS */;
UNLOCK TABLES;

--
-- Table structure for table `BLC_ADMIN_USER_PERMISSION_XREF`
--

DROP TABLE IF EXISTS `BLC_ADMIN_USER_PERMISSION_XREF`;
/*!40101 SET @saved_cs_client     = @@character_set_client */;
/*!40101 SET character_set_client = utf8 */;
CREATE TABLE `BLC_ADMIN_USER_PERMISSION_XREF` (
  `ADMIN_USER_ID` bigint(20) NOT NULL,
  `ADMIN_PERMISSION_ID` bigint(20) NOT NULL,
  PRIMARY KEY (`ADMIN_PERMISSION_ID`,`ADMIN_USER_ID`),
  KEY `FKj7ms4sgplv582id7ftu4thyn3` (`ADMIN_USER_ID`),
  CONSTRAINT `FK8ia4c6mqqvm9pt1aghjbvdmtb` FOREIGN KEY (`ADMIN_PERMISSION_ID`) REFERENCES `BLC_ADMIN_PERMISSION` (`ADMIN_PERMISSION_ID`),
  CONSTRAINT `FKj7ms4sgplv582id7ftu4thyn3` FOREIGN KEY (`ADMIN_USER_ID`) REFERENCES `BLC_ADMIN_USER` (`ADMIN_USER_ID`)
) ENGINE=InnoDB DEFAULT CHARSET=latin1;
/*!40101 SET character_set_client = @saved_cs_client */;

--
-- Dumping data for table `BLC_ADMIN_USER_PERMISSION_XREF`
--

LOCK TABLES `BLC_ADMIN_USER_PERMISSION_XREF` WRITE;
/*!40000 ALTER TABLE `BLC_ADMIN_USER_PERMISSION_XREF` DISABLE KEYS */;
/*!40000 ALTER TABLE `BLC_ADMIN_USER_PERMISSION_XREF` ENABLE KEYS */;
UNLOCK TABLES;

--
-- Table structure for table `BLC_ADMIN_USER_ROLE_XREF`
--

DROP TABLE IF EXISTS `BLC_ADMIN_USER_ROLE_XREF`;
/*!40101 SET @saved_cs_client     = @@character_set_client */;
/*!40101 SET character_set_client = utf8 */;
CREATE TABLE `BLC_ADMIN_USER_ROLE_XREF` (
  `ADMIN_USER_ID` bigint(20) NOT NULL,
  `ADMIN_ROLE_ID` bigint(20) NOT NULL,
  PRIMARY KEY (`ADMIN_ROLE_ID`,`ADMIN_USER_ID`),
  KEY `FKa48q2nut9wd1cktfjp3l2f3xv` (`ADMIN_USER_ID`),
  CONSTRAINT `FK4skhb24d5kego6i7iw4y1a448` FOREIGN KEY (`ADMIN_ROLE_ID`) REFERENCES `BLC_ADMIN_ROLE` (`ADMIN_ROLE_ID`),
  CONSTRAINT `FKa48q2nut9wd1cktfjp3l2f3xv` FOREIGN KEY (`ADMIN_USER_ID`) REFERENCES `BLC_ADMIN_USER` (`ADMIN_USER_ID`)
) ENGINE=InnoDB DEFAULT CHARSET=latin1;
/*!40101 SET character_set_client = @saved_cs_client */;

--
-- Dumping data for table `BLC_ADMIN_USER_ROLE_XREF`
--

LOCK TABLES `BLC_ADMIN_USER_ROLE_XREF` WRITE;
/*!40000 ALTER TABLE `BLC_ADMIN_USER_ROLE_XREF` DISABLE KEYS */;
INSERT INTO `BLC_ADMIN_USER_ROLE_XREF` VALUES (-1,-1);
/*!40000 ALTER TABLE `BLC_ADMIN_USER_ROLE_XREF` ENABLE KEYS */;
UNLOCK TABLES;

--
-- Table structure for table `BLC_ADMIN_USER_SANDBOX`
--

DROP TABLE IF EXISTS `BLC_ADMIN_USER_SANDBOX`;
/*!40101 SET @saved_cs_client     = @@character_set_client */;
/*!40101 SET character_set_client = utf8 */;
CREATE TABLE `BLC_ADMIN_USER_SANDBOX` (
  `SANDBOX_ID` bigint(20) DEFAULT NULL,
  `ADMIN_USER_ID` bigint(20) NOT NULL,
  PRIMARY KEY (`ADMIN_USER_ID`),
  KEY `FKehxq8fct257ml7j0rbya7ripb` (`SANDBOX_ID`),
  CONSTRAINT `FKay43c311x89bqu7lbswc7xan6` FOREIGN KEY (`ADMIN_USER_ID`) REFERENCES `BLC_ADMIN_USER` (`ADMIN_USER_ID`),
  CONSTRAINT `FKehxq8fct257ml7j0rbya7ripb` FOREIGN KEY (`SANDBOX_ID`) REFERENCES `BLC_SANDBOX` (`SANDBOX_ID`)
) ENGINE=InnoDB DEFAULT CHARSET=latin1;
/*!40101 SET character_set_client = @saved_cs_client */;

--
-- Dumping data for table `BLC_ADMIN_USER_SANDBOX`
--

LOCK TABLES `BLC_ADMIN_USER_SANDBOX` WRITE;
/*!40000 ALTER TABLE `BLC_ADMIN_USER_SANDBOX` DISABLE KEYS */;
/*!40000 ALTER TABLE `BLC_ADMIN_USER_SANDBOX` ENABLE KEYS */;
UNLOCK TABLES;

--
-- Table structure for table `BLC_ASSET_DESC_MAP`
--

DROP TABLE IF EXISTS `BLC_ASSET_DESC_MAP`;
/*!40101 SET @saved_cs_client     = @@character_set_client */;
/*!40101 SET character_set_client = utf8 */;
CREATE TABLE `BLC_ASSET_DESC_MAP` (
  `STATIC_ASSET_ID` bigint(20) NOT NULL,
  `STATIC_ASSET_DESC_ID` bigint(20) NOT NULL,
  `MAP_KEY` varchar(255) NOT NULL,
  PRIMARY KEY (`STATIC_ASSET_ID`,`MAP_KEY`),
  KEY `FKheybfelcjp3ave1pxgmjl78eo` (`STATIC_ASSET_DESC_ID`),
  CONSTRAINT `FKheybfelcjp3ave1pxgmjl78eo` FOREIGN KEY (`STATIC_ASSET_DESC_ID`) REFERENCES `BLC_STATIC_ASSET_DESC` (`STATIC_ASSET_DESC_ID`),
  CONSTRAINT `FKhrepj8vehjv59lcn3xbiq7ays` FOREIGN KEY (`STATIC_ASSET_ID`) REFERENCES `BLC_STATIC_ASSET` (`STATIC_ASSET_ID`)
) ENGINE=InnoDB DEFAULT CHARSET=latin1;
/*!40101 SET character_set_client = @saved_cs_client */;

--
-- Dumping data for table `BLC_ASSET_DESC_MAP`
--

LOCK TABLES `BLC_ASSET_DESC_MAP` WRITE;
/*!40000 ALTER TABLE `BLC_ASSET_DESC_MAP` DISABLE KEYS */;
/*!40000 ALTER TABLE `BLC_ASSET_DESC_MAP` ENABLE KEYS */;
UNLOCK TABLES;

--
-- Table structure for table `BLC_BANK_ACCOUNT_PAYMENT`
--

DROP TABLE IF EXISTS `BLC_BANK_ACCOUNT_PAYMENT`;
/*!40101 SET @saved_cs_client     = @@character_set_client */;
/*!40101 SET character_set_client = utf8 */;
CREATE TABLE `BLC_BANK_ACCOUNT_PAYMENT` (
  `PAYMENT_ID` bigint(20) NOT NULL,
  `ACCOUNT_NUMBER` varchar(255) NOT NULL,
  `REFERENCE_NUMBER` varchar(255) NOT NULL,
  `ROUTING_NUMBER` varchar(255) NOT NULL,
  PRIMARY KEY (`PAYMENT_ID`),
  KEY `BANKACCOUNT_INDEX` (`REFERENCE_NUMBER`)
) ENGINE=InnoDB DEFAULT CHARSET=latin1;
/*!40101 SET character_set_client = @saved_cs_client */;

--
-- Dumping data for table `BLC_BANK_ACCOUNT_PAYMENT`
--

LOCK TABLES `BLC_BANK_ACCOUNT_PAYMENT` WRITE;
/*!40000 ALTER TABLE `BLC_BANK_ACCOUNT_PAYMENT` DISABLE KEYS */;
/*!40000 ALTER TABLE `BLC_BANK_ACCOUNT_PAYMENT` ENABLE KEYS */;
UNLOCK TABLES;

--
-- Table structure for table `BLC_BUNDLE_ORDER_ITEM`
--

DROP TABLE IF EXISTS `BLC_BUNDLE_ORDER_ITEM`;
/*!40101 SET @saved_cs_client     = @@character_set_client */;
/*!40101 SET character_set_client = utf8 */;
CREATE TABLE `BLC_BUNDLE_ORDER_ITEM` (
  `BASE_RETAIL_PRICE` decimal(19,5) DEFAULT NULL,
  `BASE_SALE_PRICE` decimal(19,5) DEFAULT NULL,
  `ORDER_ITEM_ID` bigint(20) NOT NULL,
  `PRODUCT_BUNDLE_ID` bigint(20) DEFAULT NULL,
  `SKU_ID` bigint(20) DEFAULT NULL,
  PRIMARY KEY (`ORDER_ITEM_ID`),
  KEY `FKo17ovssehxe4y3b38xjxodmrq` (`PRODUCT_BUNDLE_ID`),
  KEY `FKepomqf1wy0rsw6utuc5r7gflq` (`SKU_ID`),
  CONSTRAINT `FKepomqf1wy0rsw6utuc5r7gflq` FOREIGN KEY (`SKU_ID`) REFERENCES `BLC_SKU` (`SKU_ID`),
  CONSTRAINT `FKhbcblyyh5lfrmrt1avy8wajgx` FOREIGN KEY (`ORDER_ITEM_ID`) REFERENCES `BLC_ORDER_ITEM` (`ORDER_ITEM_ID`),
  CONSTRAINT `FKo17ovssehxe4y3b38xjxodmrq` FOREIGN KEY (`PRODUCT_BUNDLE_ID`) REFERENCES `BLC_PRODUCT_BUNDLE` (`PRODUCT_ID`)
) ENGINE=InnoDB DEFAULT CHARSET=latin1;
/*!40101 SET character_set_client = @saved_cs_client */;

--
-- Dumping data for table `BLC_BUNDLE_ORDER_ITEM`
--

LOCK TABLES `BLC_BUNDLE_ORDER_ITEM` WRITE;
/*!40000 ALTER TABLE `BLC_BUNDLE_ORDER_ITEM` DISABLE KEYS */;
/*!40000 ALTER TABLE `BLC_BUNDLE_ORDER_ITEM` ENABLE KEYS */;
UNLOCK TABLES;

--
-- Table structure for table `BLC_BUND_ITEM_FEE_PRICE`
--

DROP TABLE IF EXISTS `BLC_BUND_ITEM_FEE_PRICE`;
/*!40101 SET @saved_cs_client     = @@character_set_client */;
/*!40101 SET character_set_client = utf8 */;
CREATE TABLE `BLC_BUND_ITEM_FEE_PRICE` (
  `BUND_ITEM_FEE_PRICE_ID` bigint(20) NOT NULL,
  `AMOUNT` decimal(19,5) DEFAULT NULL,
  `IS_TAXABLE` bit(1) DEFAULT NULL,
  `NAME` varchar(255) DEFAULT NULL,
  `REPORTING_CODE` varchar(255) DEFAULT NULL,
  `BUND_ORDER_ITEM_ID` bigint(20) NOT NULL,
  PRIMARY KEY (`BUND_ITEM_FEE_PRICE_ID`),
  KEY `FKmlwh6qvntrxs81h26syrft6bj` (`BUND_ORDER_ITEM_ID`),
  CONSTRAINT `FKmlwh6qvntrxs81h26syrft6bj` FOREIGN KEY (`BUND_ORDER_ITEM_ID`) REFERENCES `BLC_BUNDLE_ORDER_ITEM` (`ORDER_ITEM_ID`)
) ENGINE=InnoDB DEFAULT CHARSET=latin1;
/*!40101 SET character_set_client = @saved_cs_client */;

--
-- Dumping data for table `BLC_BUND_ITEM_FEE_PRICE`
--

LOCK TABLES `BLC_BUND_ITEM_FEE_PRICE` WRITE;
/*!40000 ALTER TABLE `BLC_BUND_ITEM_FEE_PRICE` DISABLE KEYS */;
/*!40000 ALTER TABLE `BLC_BUND_ITEM_FEE_PRICE` ENABLE KEYS */;
UNLOCK TABLES;

--
-- Table structure for table `BLC_CANDIDATE_FG_OFFER`
--

DROP TABLE IF EXISTS `BLC_CANDIDATE_FG_OFFER`;
/*!40101 SET @saved_cs_client     = @@character_set_client */;
/*!40101 SET character_set_client = utf8 */;
CREATE TABLE `BLC_CANDIDATE_FG_OFFER` (
  `CANDIDATE_FG_OFFER_ID` bigint(20) NOT NULL,
  `DISCOUNTED_PRICE` decimal(19,5) DEFAULT NULL,
  `FULFILLMENT_GROUP_ID` bigint(20) DEFAULT NULL,
  `OFFER_ID` bigint(20) NOT NULL,
  PRIMARY KEY (`CANDIDATE_FG_OFFER_ID`),
  KEY `CANDIDATE_FG_INDEX` (`FULFILLMENT_GROUP_ID`),
  KEY `CANDIDATE_FGOFFER_INDEX` (`OFFER_ID`),
  CONSTRAINT `FKg5qmns7vl5e1pu96axl8uknal` FOREIGN KEY (`OFFER_ID`) REFERENCES `BLC_OFFER` (`OFFER_ID`),
  CONSTRAINT `FKh9csft0rxeopd0s4in7qp15am` FOREIGN KEY (`FULFILLMENT_GROUP_ID`) REFERENCES `BLC_FULFILLMENT_GROUP` (`FULFILLMENT_GROUP_ID`)
) ENGINE=InnoDB DEFAULT CHARSET=latin1;
/*!40101 SET character_set_client = @saved_cs_client */;

--
-- Dumping data for table `BLC_CANDIDATE_FG_OFFER`
--

LOCK TABLES `BLC_CANDIDATE_FG_OFFER` WRITE;
/*!40000 ALTER TABLE `BLC_CANDIDATE_FG_OFFER` DISABLE KEYS */;
/*!40000 ALTER TABLE `BLC_CANDIDATE_FG_OFFER` ENABLE KEYS */;
UNLOCK TABLES;

--
-- Table structure for table `BLC_CANDIDATE_ITEM_OFFER`
--

DROP TABLE IF EXISTS `BLC_CANDIDATE_ITEM_OFFER`;
/*!40101 SET @saved_cs_client     = @@character_set_client */;
/*!40101 SET character_set_client = utf8 */;
CREATE TABLE `BLC_CANDIDATE_ITEM_OFFER` (
  `CANDIDATE_ITEM_OFFER_ID` bigint(20) NOT NULL,
  `DISCOUNTED_PRICE` decimal(19,5) DEFAULT NULL,
  `OFFER_ID` bigint(20) NOT NULL,
  `ORDER_ITEM_ID` bigint(20) DEFAULT NULL,
  PRIMARY KEY (`CANDIDATE_ITEM_OFFER_ID`),
  KEY `CANDIDATE_ITEMOFFER_INDEX` (`OFFER_ID`),
  KEY `CANDIDATE_ITEM_INDEX` (`ORDER_ITEM_ID`),
  CONSTRAINT `FKb14jq3w7049s1h61pthy51m92` FOREIGN KEY (`ORDER_ITEM_ID`) REFERENCES `BLC_ORDER_ITEM` (`ORDER_ITEM_ID`),
  CONSTRAINT `FKno8jmqw67ef9lpuwoumdyh7wj` FOREIGN KEY (`OFFER_ID`) REFERENCES `BLC_OFFER` (`OFFER_ID`)
) ENGINE=InnoDB DEFAULT CHARSET=latin1;
/*!40101 SET character_set_client = @saved_cs_client */;

--
-- Dumping data for table `BLC_CANDIDATE_ITEM_OFFER`
--

LOCK TABLES `BLC_CANDIDATE_ITEM_OFFER` WRITE;
/*!40000 ALTER TABLE `BLC_CANDIDATE_ITEM_OFFER` DISABLE KEYS */;
/*!40000 ALTER TABLE `BLC_CANDIDATE_ITEM_OFFER` ENABLE KEYS */;
UNLOCK TABLES;

--
-- Table structure for table `BLC_CANDIDATE_ORDER_OFFER`
--

DROP TABLE IF EXISTS `BLC_CANDIDATE_ORDER_OFFER`;
/*!40101 SET @saved_cs_client     = @@character_set_client */;
/*!40101 SET character_set_client = utf8 */;
CREATE TABLE `BLC_CANDIDATE_ORDER_OFFER` (
  `CANDIDATE_ORDER_OFFER_ID` bigint(20) NOT NULL,
  `DISCOUNTED_PRICE` decimal(19,5) DEFAULT NULL,
  `OFFER_ID` bigint(20) NOT NULL,
  `ORDER_ID` bigint(20) DEFAULT NULL,
  PRIMARY KEY (`CANDIDATE_ORDER_OFFER_ID`),
  KEY `CANDIDATE_ORDEROFFER_INDEX` (`OFFER_ID`),
  KEY `CANDIDATE_ORDER_INDEX` (`ORDER_ID`),
  CONSTRAINT `FK59se4s0394sw56c1rvdw5aepf` FOREIGN KEY (`ORDER_ID`) REFERENCES `BLC_ORDER` (`ORDER_ID`),
  CONSTRAINT `FK7ckpnvor07qankv258p1vxwww` FOREIGN KEY (`OFFER_ID`) REFERENCES `BLC_OFFER` (`OFFER_ID`)
) ENGINE=InnoDB DEFAULT CHARSET=latin1;
/*!40101 SET character_set_client = @saved_cs_client */;

--
-- Dumping data for table `BLC_CANDIDATE_ORDER_OFFER`
--

LOCK TABLES `BLC_CANDIDATE_ORDER_OFFER` WRITE;
/*!40000 ALTER TABLE `BLC_CANDIDATE_ORDER_OFFER` DISABLE KEYS */;
/*!40000 ALTER TABLE `BLC_CANDIDATE_ORDER_OFFER` ENABLE KEYS */;
UNLOCK TABLES;

--
-- Table structure for table `BLC_CATALOG`
--

DROP TABLE IF EXISTS `BLC_CATALOG`;
/*!40101 SET @saved_cs_client     = @@character_set_client */;
/*!40101 SET character_set_client = utf8 */;
CREATE TABLE `BLC_CATALOG` (
  `CATALOG_ID` bigint(20) NOT NULL,
  `ARCHIVED` char(1) DEFAULT NULL,
  `CREATED_BY` bigint(20) DEFAULT NULL,
  `DATE_CREATED` datetime DEFAULT NULL,
  `DATE_UPDATED` datetime DEFAULT NULL,
  `UPDATED_BY` bigint(20) DEFAULT NULL,
  `NAME` varchar(255) DEFAULT NULL,
  PRIMARY KEY (`CATALOG_ID`)
) ENGINE=InnoDB DEFAULT CHARSET=latin1;
/*!40101 SET character_set_client = @saved_cs_client */;

--
-- Dumping data for table `BLC_CATALOG`
--

LOCK TABLES `BLC_CATALOG` WRITE;
/*!40000 ALTER TABLE `BLC_CATALOG` DISABLE KEYS */;
/*!40000 ALTER TABLE `BLC_CATALOG` ENABLE KEYS */;
UNLOCK TABLES;

--
-- Table structure for table `BLC_CATEGORY`
--

DROP TABLE IF EXISTS `BLC_CATEGORY`;
/*!40101 SET @saved_cs_client     = @@character_set_client */;
/*!40101 SET character_set_client = utf8 */;
CREATE TABLE `BLC_CATEGORY` (
  `CATEGORY_ID` bigint(20) NOT NULL,
  `ACTIVE_END_DATE` datetime DEFAULT NULL,
  `ACTIVE_START_DATE` datetime DEFAULT NULL,
  `ARCHIVED` char(1) DEFAULT NULL,
  `DESCRIPTION` varchar(255) DEFAULT NULL,
  `DISPLAY_TEMPLATE` varchar(255) DEFAULT NULL,
  `EXTERNAL_ID` varchar(255) DEFAULT NULL,
  `FULFILLMENT_TYPE` varchar(255) DEFAULT NULL,
  `INVENTORY_TYPE` varchar(255) DEFAULT NULL,
  `LONG_DESCRIPTION` longtext,
  `META_DESC` varchar(255) DEFAULT NULL,
  `META_TITLE` varchar(255) DEFAULT NULL,
  `NAME` varchar(255) NOT NULL,
  `OVERRIDE_GENERATED_URL` bit(1) DEFAULT NULL,
  `PRODUCT_DESC_PATTERN_OVERRIDE` varchar(255) DEFAULT NULL,
  `PRODUCT_TITLE_PATTERN_OVERRIDE` varchar(255) DEFAULT NULL,
  `ROOT_DISPLAY_ORDER` decimal(10,6) DEFAULT NULL,
  `TAX_CODE` varchar(255) DEFAULT NULL,
  `URL` varchar(255) DEFAULT NULL,
  `URL_KEY` varchar(255) DEFAULT NULL,
  `DEFAULT_PARENT_CATEGORY_ID` bigint(20) DEFAULT NULL,
  PRIMARY KEY (`CATEGORY_ID`),
  KEY `CATEGORY_PARENT_INDEX` (`DEFAULT_PARENT_CATEGORY_ID`),
  KEY `CATEGORY_E_ID_INDEX` (`EXTERNAL_ID`),
  KEY `CATEGORY_NAME_INDEX` (`NAME`),
  KEY `CATEGORY_URL_INDEX` (`URL`),
  KEY `CATEGORY_URLKEY_INDEX` (`URL_KEY`),
  CONSTRAINT `FK6lf7a3qgmh5m8aq8o8url408t` FOREIGN KEY (`DEFAULT_PARENT_CATEGORY_ID`) REFERENCES `BLC_CATEGORY` (`CATEGORY_ID`)
) ENGINE=InnoDB DEFAULT CHARSET=latin1;
/*!40101 SET character_set_client = @saved_cs_client */;

--
-- Dumping data for table `BLC_CATEGORY`
--

LOCK TABLES `BLC_CATEGORY` WRITE;
/*!40000 ALTER TABLE `BLC_CATEGORY` DISABLE KEYS */;
INSERT INTO `BLC_CATEGORY` VALUES (2001,NULL,'2021-11-07 16:37:04',NULL,'Home','layout/homepage',NULL,NULL,NULL,NULL,NULL,NULL,'Home',_binary '\0',NULL,NULL,-5.000000,NULL,'/',NULL,NULL),(2002,NULL,'2021-11-07 16:37:04',NULL,'Hot Sauces',NULL,NULL,NULL,NULL,NULL,NULL,NULL,'Hot Sauces',_binary '\0',NULL,NULL,-4.000000,NULL,'/hot-sauces',NULL,NULL),(2003,NULL,'2021-11-07 16:37:04',NULL,'Merchandise',NULL,NULL,NULL,NULL,NULL,NULL,NULL,'Merchandise',_binary '\0',NULL,NULL,-3.000000,NULL,'/merchandise',NULL,NULL),(2004,NULL,'2021-11-07 16:37:04',NULL,'Clearance',NULL,NULL,NULL,NULL,NULL,NULL,NULL,'Clearance',_binary '\0',NULL,NULL,-2.000000,NULL,'/clearance',NULL,NULL),(2007,NULL,'2021-11-07 16:37:04',NULL,'Mens',NULL,NULL,NULL,NULL,NULL,NULL,NULL,'Mens',_binary '\0',NULL,NULL,NULL,NULL,'/mens',NULL,NULL),(2008,NULL,'2021-11-07 16:37:04',NULL,'Womens',NULL,NULL,NULL,NULL,NULL,NULL,NULL,'Womens',_binary '\0',NULL,NULL,NULL,NULL,'/womens',NULL,NULL);
/*!40000 ALTER TABLE `BLC_CATEGORY` ENABLE KEYS */;
UNLOCK TABLES;

--
-- Table structure for table `BLC_CATEGORY_ATTRIBUTE`
--

DROP TABLE IF EXISTS `BLC_CATEGORY_ATTRIBUTE`;
/*!40101 SET @saved_cs_client     = @@character_set_client */;
/*!40101 SET character_set_client = utf8 */;
CREATE TABLE `BLC_CATEGORY_ATTRIBUTE` (
  `CATEGORY_ATTRIBUTE_ID` bigint(20) NOT NULL,
  `NAME` varchar(255) NOT NULL,
  `VALUE` varchar(255) DEFAULT NULL,
  `CATEGORY_ID` bigint(20) NOT NULL,
  PRIMARY KEY (`CATEGORY_ATTRIBUTE_ID`),
  KEY `CATEGORYATTRIBUTE_INDEX` (`CATEGORY_ID`),
  KEY `CATEGORYATTRIBUTE_NAME_INDEX` (`NAME`),
  CONSTRAINT `FKhkechh91jg8iog16ry7089anf` FOREIGN KEY (`CATEGORY_ID`) REFERENCES `BLC_CATEGORY` (`CATEGORY_ID`)
) ENGINE=InnoDB DEFAULT CHARSET=latin1;
/*!40101 SET character_set_client = @saved_cs_client */;

--
-- Dumping data for table `BLC_CATEGORY_ATTRIBUTE`
--

LOCK TABLES `BLC_CATEGORY_ATTRIBUTE` WRITE;
/*!40000 ALTER TABLE `BLC_CATEGORY_ATTRIBUTE` DISABLE KEYS */;
/*!40000 ALTER TABLE `BLC_CATEGORY_ATTRIBUTE` ENABLE KEYS */;
UNLOCK TABLES;

--
-- Table structure for table `BLC_CATEGORY_MEDIA_MAP`
--

DROP TABLE IF EXISTS `BLC_CATEGORY_MEDIA_MAP`;
/*!40101 SET @saved_cs_client     = @@character_set_client */;
/*!40101 SET character_set_client = utf8 */;
CREATE TABLE `BLC_CATEGORY_MEDIA_MAP` (
  `CATEGORY_MEDIA_ID` bigint(20) NOT NULL,
  `MAP_KEY` varchar(255) NOT NULL,
  `BLC_CATEGORY_CATEGORY_ID` bigint(20) NOT NULL,
  `MEDIA_ID` bigint(20) DEFAULT NULL,
  PRIMARY KEY (`CATEGORY_MEDIA_ID`),
  KEY `FKfi64uesmjfu96gc0i4urxyf12` (`BLC_CATEGORY_CATEGORY_ID`),
  KEY `FKel78nfydgqxta46k7uvsh5q3x` (`MEDIA_ID`),
  CONSTRAINT `FKel78nfydgqxta46k7uvsh5q3x` FOREIGN KEY (`MEDIA_ID`) REFERENCES `BLC_MEDIA` (`MEDIA_ID`),
  CONSTRAINT `FKfi64uesmjfu96gc0i4urxyf12` FOREIGN KEY (`BLC_CATEGORY_CATEGORY_ID`) REFERENCES `BLC_CATEGORY` (`CATEGORY_ID`)
) ENGINE=InnoDB DEFAULT CHARSET=latin1;
/*!40101 SET character_set_client = @saved_cs_client */;

--
-- Dumping data for table `BLC_CATEGORY_MEDIA_MAP`
--

LOCK TABLES `BLC_CATEGORY_MEDIA_MAP` WRITE;
/*!40000 ALTER TABLE `BLC_CATEGORY_MEDIA_MAP` DISABLE KEYS */;
/*!40000 ALTER TABLE `BLC_CATEGORY_MEDIA_MAP` ENABLE KEYS */;
UNLOCK TABLES;

--
-- Table structure for table `BLC_CATEGORY_PRODUCT_XREF`
--

DROP TABLE IF EXISTS `BLC_CATEGORY_PRODUCT_XREF`;
/*!40101 SET @saved_cs_client     = @@character_set_client */;
/*!40101 SET character_set_client = utf8 */;
CREATE TABLE `BLC_CATEGORY_PRODUCT_XREF` (
  `CATEGORY_PRODUCT_ID` bigint(20) NOT NULL,
  `DEFAULT_REFERENCE` bit(1) DEFAULT NULL,
  `DISPLAY_ORDER` decimal(10,6) DEFAULT NULL,
  `CATEGORY_ID` bigint(20) NOT NULL,
  `PRODUCT_ID` bigint(20) NOT NULL,
  PRIMARY KEY (`CATEGORY_PRODUCT_ID`),
  KEY `FKj8gn00lwi7fih0ueqwdat589e` (`CATEGORY_ID`),
  KEY `FKnwoet42m887na9hjfvqqgr58v` (`PRODUCT_ID`),
  CONSTRAINT `FKj8gn00lwi7fih0ueqwdat589e` FOREIGN KEY (`CATEGORY_ID`) REFERENCES `BLC_CATEGORY` (`CATEGORY_ID`),
  CONSTRAINT `FKnwoet42m887na9hjfvqqgr58v` FOREIGN KEY (`PRODUCT_ID`) REFERENCES `BLC_PRODUCT` (`PRODUCT_ID`)
) ENGINE=InnoDB DEFAULT CHARSET=latin1;
/*!40101 SET character_set_client = @saved_cs_client */;

--
-- Dumping data for table `BLC_CATEGORY_PRODUCT_XREF`
--

LOCK TABLES `BLC_CATEGORY_PRODUCT_XREF` WRITE;
/*!40000 ALTER TABLE `BLC_CATEGORY_PRODUCT_XREF` DISABLE KEYS */;
INSERT INTO `BLC_CATEGORY_PRODUCT_XREF` VALUES (1,_binary '',1.000000,2002,1),(2,_binary '',2.000000,2002,2),(3,_binary '',3.000000,2002,3),(4,_binary '',4.000000,2002,4),(5,_binary '',5.000000,2002,5),(6,_binary '',6.000000,2002,6),(7,_binary '',7.000000,2002,7),(8,_binary '',8.000000,2002,8),(9,_binary '',9.000000,2002,9),(10,_binary '',10.000000,2002,10),(11,_binary '',11.000000,2002,11),(12,_binary '',12.000000,2002,12),(13,_binary '',13.000000,2002,13),(14,_binary '',14.000000,2002,14),(15,_binary '',15.000000,2002,15),(16,_binary '',16.000000,2002,16),(17,_binary '',17.000000,2002,17),(18,_binary '',18.000000,2002,18),(19,_binary '',19.000000,2002,19),(20,NULL,1.000000,2001,3),(21,NULL,2.000000,2001,6),(22,NULL,3.000000,2001,9),(23,NULL,4.000000,2001,12),(24,NULL,NULL,2004,7),(25,NULL,NULL,2004,8),(26,NULL,NULL,2004,10),(27,NULL,NULL,2004,11),(28,NULL,NULL,2004,18),(29,_binary '',1.000000,2003,100),(30,_binary '',2.000000,2003,200),(31,_binary '',3.000000,2003,300),(32,_binary '',4.000000,2003,400),(33,_binary '',5.000000,2003,500),(34,_binary '',6.000000,2003,600),(35,NULL,1.000000,2007,100),(36,NULL,1.000000,2008,200),(37,NULL,2.000000,2007,300),(38,NULL,2.000000,2008,400),(39,NULL,3.000000,2007,500),(40,NULL,3.000000,2008,600),(50,_binary '',NULL,2001,610),(51,_binary '',NULL,2001,611),(52,_binary '',NULL,2001,612),(53,_binary '',NULL,2001,613),(54,_binary '',NULL,2001,614),(55,_binary '',NULL,2001,615),(56,_binary '',NULL,2001,616),(57,_binary '',NULL,2001,617),(58,_binary '',NULL,2001,618),(59,_binary '',NULL,2001,619),(60,_binary '',NULL,2001,620),(61,_binary '',NULL,2001,621),(62,_binary '',NULL,2001,622),(63,_binary '',NULL,2001,623),(64,_binary '',NULL,2001,624),(65,_binary '',NULL,2001,625),(66,_binary '',NULL,2001,626),(67,_binary '',NULL,2001,627),(68,_binary '',NULL,2001,628),(69,_binary '',NULL,2001,629),(70,_binary '',NULL,2001,630),(71,_binary '',NULL,2001,631),(72,_binary '',NULL,2001,632),(73,_binary '',NULL,2001,633),(74,_binary '',NULL,2001,634),(75,_binary '',NULL,2001,635),(76,_binary '',NULL,2001,636),(77,_binary '',NULL,2001,637),(78,_binary '',NULL,2001,638),(79,_binary '',NULL,2001,639),(80,_binary '',NULL,2001,640),(81,_binary '',NULL,2001,641),(82,_binary '',NULL,2001,642),(83,_binary '',NULL,2001,643),(84,_binary '',NULL,2001,644),(85,_binary '',NULL,2001,645),(86,_binary '',NULL,2001,646),(87,_binary '',NULL,2001,647),(88,_binary '',NULL,2001,648),(89,_binary '',NULL,2001,649),(90,_binary '',NULL,2001,650),(91,_binary '',NULL,2001,651),(92,_binary '',NULL,2001,652),(93,_binary '',NULL,2001,653),(94,_binary '',NULL,2001,654),(95,_binary '',NULL,2001,655),(96,_binary '',NULL,2001,656),(97,_binary '',NULL,2001,657),(98,_binary '',NULL,2001,658),(99,_binary '',NULL,2001,659),(100,_binary '',NULL,2001,660),(101,_binary '',NULL,2001,661),(102,_binary '',NULL,2001,662),(103,_binary '',NULL,2001,663),(104,_binary '',NULL,2001,664),(105,_binary '',NULL,2001,665),(106,_binary '',NULL,2001,666),(107,_binary '',NULL,2001,667),(108,_binary '',NULL,2001,668),(109,_binary '',NULL,2001,669),(110,_binary '',NULL,2001,670),(111,_binary '',NULL,2001,671),(112,_binary '',NULL,2001,672),(113,_binary '',NULL,2001,673),(114,_binary '',NULL,2001,674),(115,_binary '',NULL,2001,675),(116,_binary '',NULL,2001,676),(117,_binary '',NULL,2001,677),(118,_binary '',NULL,2001,678),(119,_binary '',NULL,2001,679),(120,_binary '',NULL,2001,680),(121,_binary '',NULL,2001,681),(122,_binary '',NULL,2001,682),(123,_binary '',NULL,2001,683),(124,_binary '',NULL,2001,684),(125,_binary '',NULL,2001,685),(126,_binary '',NULL,2001,686),(127,_binary '',NULL,2001,687),(128,_binary '',NULL,2001,688),(129,_binary '',NULL,2001,689),(130,_binary '',NULL,2001,690),(131,_binary '',NULL,2001,691),(132,_binary '',NULL,2001,692),(133,_binary '',NULL,2001,693),(134,_binary '',NULL,2001,694),(135,_binary '',NULL,2001,695),(136,_binary '',NULL,2001,696),(137,_binary '',NULL,2001,697),(138,_binary '',NULL,2001,698),(139,_binary '',NULL,2001,699),(140,_binary '',NULL,2001,700),(141,_binary '',NULL,2001,701),(142,_binary '',NULL,2001,702),(143,_binary '',NULL,2001,703),(144,_binary '',NULL,2001,704),(145,_binary '',NULL,2001,705),(146,_binary '',NULL,2001,706),(147,_binary '',NULL,2001,707),(148,_binary '',NULL,2001,708),(149,_binary '',NULL,2001,709),(150,_binary '',NULL,2001,710),(151,_binary '',NULL,2001,711),(152,_binary '',NULL,2001,712),(153,_binary '',NULL,2001,713),(154,_binary '',NULL,2001,714),(155,_binary '',NULL,2001,715),(156,_binary '',NULL,2001,716),(157,_binary '',NULL,2001,717),(158,_binary '',NULL,2001,718),(159,_binary '',NULL,2001,719),(160,_binary '',NULL,2001,720),(161,_binary '',NULL,2001,721),(162,_binary '',NULL,2001,722),(163,_binary '',NULL,2001,723),(164,_binary '',NULL,2001,724),(165,_binary '',NULL,2001,725),(166,_binary '',NULL,2001,726),(167,_binary '',NULL,2001,727),(168,_binary '',NULL,2001,728),(169,_binary '',NULL,2001,729),(170,_binary '',NULL,2001,730),(171,_binary '',NULL,2001,731),(172,_binary '',NULL,2001,732),(173,_binary '',NULL,2001,733),(174,_binary '',NULL,2001,734),(175,_binary '',NULL,2001,735),(176,_binary '',NULL,2001,736),(177,_binary '',NULL,2001,737),(178,_binary '',NULL,2001,738),(179,_binary '',NULL,2001,739),(180,_binary '',NULL,2001,740),(181,_binary '',NULL,2001,741),(182,_binary '',NULL,2001,742),(183,_binary '',NULL,2001,743),(184,_binary '',NULL,2001,744),(185,_binary '',NULL,2001,745),(186,_binary '',NULL,2001,746),(187,_binary '',NULL,2001,747),(188,_binary '',NULL,2001,748),(189,_binary '',NULL,2001,749),(190,_binary '',NULL,2001,750),(191,_binary '',NULL,2001,751),(192,_binary '',NULL,2001,752),(193,_binary '',NULL,2001,753),(194,_binary '',NULL,2001,754),(195,_binary '',NULL,2001,755),(196,_binary '',NULL,2001,756),(197,_binary '',NULL,2001,757),(198,_binary '',NULL,2001,758),(199,_binary '',NULL,2001,759),(200,_binary '',NULL,2001,760),(201,_binary '',NULL,2001,761),(202,_binary '',NULL,2001,762),(203,_binary '',NULL,2001,763),(204,_binary '',NULL,2001,764),(205,_binary '',NULL,2001,765),(206,_binary '',NULL,2001,766),(207,_binary '',NULL,2001,767),(208,_binary '',NULL,2001,768),(209,_binary '',NULL,2001,769),(210,_binary '',NULL,2001,770),(211,_binary '',NULL,2001,771),(212,_binary '',NULL,2001,772),(213,_binary '',NULL,2001,773),(214,_binary '',NULL,2001,774),(215,_binary '',NULL,2001,775),(216,_binary '',NULL,2001,776),(217,_binary '',NULL,2001,777),(218,_binary '',NULL,2001,778),(219,_binary '',NULL,2001,779),(220,_binary '',NULL,2001,780),(221,_binary '',NULL,2001,781),(222,_binary '',NULL,2001,782),(223,_binary '',NULL,2001,783),(224,_binary '',NULL,2001,784),(225,_binary '',NULL,2001,785),(226,_binary '',NULL,2001,786),(227,_binary '',NULL,2001,787),(228,_binary '',NULL,2001,788),(229,_binary '',NULL,2001,789),(230,_binary '',NULL,2001,790),(231,_binary '',NULL,2001,791),(232,_binary '',NULL,2001,792),(233,_binary '',NULL,2001,793),(234,_binary '',NULL,2001,794),(235,_binary '',NULL,2001,795),(236,_binary '',NULL,2001,796),(237,_binary '',NULL,2001,797),(238,_binary '',NULL,2001,798),(239,_binary '',NULL,2001,799),(240,_binary '',NULL,2001,800),(241,_binary '',NULL,2001,801),(242,_binary '',NULL,2001,802),(243,_binary '',NULL,2001,803),(244,_binary '',NULL,2001,804),(245,_binary '',NULL,2001,805),(246,_binary '',NULL,2001,806),(247,_binary '',NULL,2001,807),(248,_binary '',NULL,2001,808),(249,_binary '',NULL,2001,809),(250,_binary '',NULL,2001,810),(251,_binary '',NULL,2001,811),(252,_binary '',NULL,2001,812),(253,_binary '',NULL,2001,813),(254,_binary '',NULL,2001,814),(255,_binary '',NULL,2001,815),(256,_binary '',NULL,2001,816),(257,_binary '',NULL,2001,817),(258,_binary '',NULL,2001,818),(259,_binary '',NULL,2001,819),(260,_binary '',NULL,2001,820),(261,_binary '',NULL,2001,821),(262,_binary '',NULL,2001,822),(263,_binary '',NULL,2001,823),(264,_binary '',NULL,2001,824),(265,_binary '',NULL,2001,825),(266,_binary '',NULL,2001,826),(267,_binary '',NULL,2001,827),(268,_binary '',NULL,2001,828),(269,_binary '',NULL,2001,829),(270,_binary '',NULL,2001,830),(271,_binary '',NULL,2001,831),(272,_binary '',NULL,2001,832),(273,_binary '',NULL,2001,833),(274,_binary '',NULL,2001,834),(275,_binary '',NULL,2001,835),(276,_binary '',NULL,2001,836),(277,_binary '',NULL,2001,837),(278,_binary '',NULL,2001,838),(279,_binary '',NULL,2001,839),(280,_binary '',NULL,2001,840),(281,_binary '',NULL,2001,841),(282,_binary '',NULL,2001,842),(283,_binary '',NULL,2001,843),(284,_binary '',NULL,2001,844),(285,_binary '',NULL,2001,845),(286,_binary '',NULL,2001,846),(287,_binary '',NULL,2001,847),(288,_binary '',NULL,2001,848),(289,_binary '',NULL,2001,849),(290,_binary '',NULL,2001,850),(291,_binary '',NULL,2001,851),(292,_binary '',NULL,2001,852),(293,_binary '',NULL,2001,853),(294,_binary '',NULL,2001,854),(295,_binary '',NULL,2001,855),(296,_binary '',NULL,2001,856),(297,_binary '',NULL,2001,857),(298,_binary '',NULL,2001,858),(299,_binary '',NULL,2001,859),(300,_binary '',NULL,2001,860),(301,_binary '',NULL,2001,861),(302,_binary '',NULL,2001,862),(303,_binary '',NULL,2001,863),(304,_binary '',NULL,2001,864),(305,_binary '',NULL,2001,865),(306,_binary '',NULL,2001,866),(307,_binary '',NULL,2001,867),(308,_binary '',NULL,2001,868),(309,_binary '',NULL,2001,869),(310,_binary '',NULL,2001,870),(311,_binary '',NULL,2001,871),(312,_binary '',NULL,2001,872),(313,_binary '',NULL,2001,873),(314,_binary '',NULL,2001,874),(315,_binary '',NULL,2001,875),(316,_binary '',NULL,2001,876),(317,_binary '',NULL,2001,877),(318,_binary '',NULL,2001,878),(319,_binary '',NULL,2001,879),(320,_binary '',NULL,2001,880),(321,_binary '',NULL,2001,881),(322,_binary '',NULL,2001,882),(323,_binary '',NULL,2001,883),(324,_binary '',NULL,2001,884),(325,_binary '',NULL,2001,885),(326,_binary '',NULL,2001,886),(327,_binary '',NULL,2001,887),(328,_binary '',NULL,2001,888),(329,_binary '',NULL,2001,889),(330,_binary '',NULL,2001,890),(331,_binary '',NULL,2001,891),(332,_binary '',NULL,2001,892),(333,_binary '',NULL,2001,893),(334,_binary '',NULL,2001,894),(335,_binary '',NULL,2001,895),(336,_binary '',NULL,2001,896),(337,_binary '',NULL,2001,897),(338,_binary '',NULL,2001,898),(339,_binary '',NULL,2001,899),(340,_binary '',NULL,2001,900),(341,_binary '',NULL,2001,901),(342,_binary '',NULL,2001,902),(343,_binary '',NULL,2001,903),(344,_binary '',NULL,2001,904),(345,_binary '',NULL,2001,905),(346,_binary '',NULL,2001,906),(347,_binary '',NULL,2001,907),(348,_binary '',NULL,2001,908),(349,_binary '',NULL,2001,909),(350,_binary '',NULL,2001,910),(351,_binary '',NULL,2001,911),(352,_binary '',NULL,2001,912),(353,_binary '',NULL,2001,913),(354,_binary '',NULL,2001,914),(355,_binary '',NULL,2001,915),(356,_binary '',NULL,2001,916),(357,_binary '',NULL,2001,917),(358,_binary '',NULL,2001,918),(359,_binary '',NULL,2001,919),(360,_binary '',NULL,2001,920),(361,_binary '',NULL,2001,921),(362,_binary '',NULL,2001,922),(363,_binary '',NULL,2001,923),(364,_binary '',NULL,2001,924),(365,_binary '',NULL,2001,925),(366,_binary '',NULL,2001,926),(367,_binary '',NULL,2001,927),(368,_binary '',NULL,2001,928),(369,_binary '',NULL,2001,929),(370,_binary '',NULL,2001,930),(371,_binary '',NULL,2001,931),(372,_binary '',NULL,2001,932),(373,_binary '',NULL,2001,933),(374,_binary '',NULL,2001,934),(375,_binary '',NULL,2001,935),(376,_binary '',NULL,2001,936),(377,_binary '',NULL,2001,937),(378,_binary '',NULL,2001,938),(379,_binary '',NULL,2001,939),(380,_binary '',NULL,2001,940),(381,_binary '',NULL,2001,941),(382,_binary '',NULL,2001,942),(383,_binary '',NULL,2001,943),(384,_binary '',NULL,2001,944),(385,_binary '',NULL,2001,945),(386,_binary '',NULL,2001,946),(387,_binary '',NULL,2001,947),(388,_binary '',NULL,2001,948),(389,_binary '',NULL,2001,949),(390,_binary '',NULL,2001,950),(391,_binary '',NULL,2001,951),(392,_binary '',NULL,2001,952),(393,_binary '',NULL,2001,953),(394,_binary '',NULL,2001,954),(395,_binary '',NULL,2001,955),(396,_binary '',NULL,2001,956),(397,_binary '',NULL,2001,957),(398,_binary '',NULL,2001,958),(399,_binary '',NULL,2001,959),(400,_binary '',NULL,2001,960),(401,_binary '',NULL,2001,961),(402,_binary '',NULL,2001,962),(403,_binary '',NULL,2001,963),(404,_binary '',NULL,2001,964),(405,_binary '',NULL,2001,965),(406,_binary '',NULL,2001,966),(407,_binary '',NULL,2001,967),(408,_binary '',NULL,2001,968),(409,_binary '',NULL,2001,969),(410,_binary '',NULL,2001,970),(411,_binary '',NULL,2001,971),(412,_binary '',NULL,2001,972),(413,_binary '',NULL,2001,973),(414,_binary '',NULL,2001,974),(415,_binary '',NULL,2001,975),(416,_binary '',NULL,2001,976),(417,_binary '',NULL,2001,977),(418,_binary '',NULL,2001,978),(419,_binary '',NULL,2001,979),(420,_binary '',NULL,2001,980),(421,_binary '',NULL,2001,981),(422,_binary '',NULL,2001,982),(423,_binary '',NULL,2001,983),(424,_binary '',NULL,2001,984),(425,_binary '',NULL,2001,985),(426,_binary '',NULL,2001,986),(427,_binary '',NULL,2001,987),(428,_binary '',NULL,2001,988),(429,_binary '',NULL,2001,989),(430,_binary '',NULL,2001,990),(431,_binary '',NULL,2001,991),(432,_binary '',NULL,2001,992),(433,_binary '',NULL,2001,993),(434,_binary '',NULL,2001,994),(435,_binary '',NULL,2001,995),(436,_binary '',NULL,2001,996),(437,_binary '',NULL,2001,997),(438,_binary '',NULL,2001,998),(439,_binary '',NULL,2001,999),(440,_binary '',NULL,2001,1000),(441,_binary '',NULL,2001,1001),(442,_binary '',NULL,2001,1002),(443,_binary '',NULL,2001,1003),(444,_binary '',NULL,2001,1004),(445,_binary '',NULL,2001,1005),(446,_binary '',NULL,2001,1006),(447,_binary '',NULL,2001,1007),(448,_binary '',NULL,2001,1008),(449,_binary '',NULL,2001,1009),(450,_binary '',NULL,2001,1010),(451,_binary '',NULL,2001,1011),(452,_binary '',NULL,2001,1012),(453,_binary '',NULL,2001,1013),(454,_binary '',NULL,2001,1014),(455,_binary '',NULL,2001,1015),(456,_binary '',NULL,2001,1016),(457,_binary '',NULL,2001,1017),(458,_binary '',NULL,2001,1018),(459,_binary '',NULL,2001,1019),(460,_binary '',NULL,2001,1020),(461,_binary '',NULL,2001,1021),(462,_binary '',NULL,2001,1022),(463,_binary '',NULL,2001,1023),(464,_binary '',NULL,2001,1024),(465,_binary '',NULL,2001,1025),(466,_binary '',NULL,2001,1026),(467,_binary '',NULL,2001,1027),(468,_binary '',NULL,2001,1028),(469,_binary '',NULL,2001,1029),(470,_binary '',NULL,2001,1030),(471,_binary '',NULL,2001,1031),(472,_binary '',NULL,2001,1032),(473,_binary '',NULL,2001,1033),(474,_binary '',NULL,2001,1034),(475,_binary '',NULL,2001,1035),(476,_binary '',NULL,2001,1036),(477,_binary '',NULL,2001,1037),(478,_binary '',NULL,2001,1038),(479,_binary '',NULL,2001,1039),(480,_binary '',NULL,2001,1040),(481,_binary '',NULL,2001,1041),(482,_binary '',NULL,2001,1042),(483,_binary '',NULL,2001,1043),(484,_binary '',NULL,2001,1044),(485,_binary '',NULL,2001,1045),(486,_binary '',NULL,2001,1046),(487,_binary '',NULL,2001,1047),(488,_binary '',NULL,2001,1048),(489,_binary '',NULL,2001,1049),(490,_binary '',NULL,2001,1050),(491,_binary '',NULL,2001,1051),(492,_binary '',NULL,2001,1052),(493,_binary '',NULL,2001,1053),(494,_binary '',NULL,2001,1054),(495,_binary '',NULL,2001,1055),(496,_binary '',NULL,2001,1056),(497,_binary '',NULL,2001,1057),(498,_binary '',NULL,2001,1058),(499,_binary '',NULL,2001,1059),(500,_binary '',NULL,2001,1060),(501,_binary '',NULL,2001,1061),(502,_binary '',NULL,2001,1062),(503,_binary '',NULL,2001,1063),(504,_binary '',NULL,2001,1064),(505,_binary '',NULL,2001,1065),(506,_binary '',NULL,2001,1066),(507,_binary '',NULL,2001,1067),(508,_binary '',NULL,2001,1068),(509,_binary '',NULL,2001,1069),(510,_binary '',NULL,2001,1070),(511,_binary '',NULL,2001,1071),(512,_binary '',NULL,2001,1072),(513,_binary '',NULL,2001,1073),(514,_binary '',NULL,2001,1074),(515,_binary '',NULL,2001,1075),(516,_binary '',NULL,2001,1076),(517,_binary '',NULL,2001,1077),(518,_binary '',NULL,2001,1078),(519,_binary '',NULL,2001,1079),(520,_binary '',NULL,2001,1080),(521,_binary '',NULL,2001,1081),(522,_binary '',NULL,2001,1082),(523,_binary '',NULL,2001,1083),(524,_binary '',NULL,2001,1084),(525,_binary '',NULL,2001,1085),(526,_binary '',NULL,2001,1086),(527,_binary '',NULL,2001,1087),(528,_binary '',NULL,2001,1088),(529,_binary '',NULL,2001,1089),(530,_binary '',NULL,2001,1090),(531,_binary '',NULL,2001,1091),(532,_binary '',NULL,2001,1092),(533,_binary '',NULL,2001,1093),(534,_binary '',NULL,2001,1094),(535,_binary '',NULL,2001,1095),(536,_binary '',NULL,2001,1096),(537,_binary '',NULL,2001,1097),(538,_binary '',NULL,2001,1098),(539,_binary '',NULL,2001,1099),(540,_binary '',NULL,2001,1100),(541,_binary '',NULL,2001,1101),(542,_binary '',NULL,2001,1102),(543,_binary '',NULL,2001,1103),(544,_binary '',NULL,2001,1104),(545,_binary '',NULL,2001,1105),(546,_binary '',NULL,2001,1106),(547,_binary '',NULL,2001,1107),(548,_binary '',NULL,2001,1108),(549,_binary '',NULL,2001,1109),(550,_binary '',NULL,2001,1110),(551,_binary '',NULL,2001,1111),(552,_binary '',NULL,2001,1112),(553,_binary '',NULL,2001,1113),(554,_binary '',NULL,2001,1114),(555,_binary '',NULL,2001,1115),(556,_binary '',NULL,2001,1116),(557,_binary '',NULL,2001,1117),(558,_binary '',NULL,2001,1118),(559,_binary '',NULL,2001,1119),(560,_binary '',NULL,2001,1120),(561,_binary '',NULL,2001,1121),(562,_binary '',NULL,2001,1122),(563,_binary '',NULL,2001,1123),(564,_binary '',NULL,2001,1124),(565,_binary '',NULL,2001,1125),(566,_binary '',NULL,2001,1126),(567,_binary '',NULL,2001,1127),(568,_binary '',NULL,2001,1128),(569,_binary '',NULL,2001,1129),(570,_binary '',NULL,2001,1130),(571,_binary '',NULL,2001,1131),(572,_binary '',NULL,2001,1132),(573,_binary '',NULL,2001,1133),(574,_binary '',NULL,2001,1134),(575,_binary '',NULL,2001,1135),(576,_binary '',NULL,2001,1136),(577,_binary '',NULL,2001,1137),(578,_binary '',NULL,2001,1138),(579,_binary '',NULL,2001,1139),(580,_binary '',NULL,2001,1140),(581,_binary '',NULL,2001,1141),(582,_binary '',NULL,2001,1142),(583,_binary '',NULL,2001,1143),(584,_binary '',NULL,2001,1144),(585,_binary '',NULL,2001,1145),(586,_binary '',NULL,2001,1146),(587,_binary '',NULL,2001,1147),(588,_binary '',NULL,2001,1148),(589,_binary '',NULL,2001,1149),(590,_binary '',NULL,2001,1150),(591,_binary '',NULL,2001,1151),(592,_binary '',NULL,2001,1152),(593,_binary '',NULL,2001,1153),(594,_binary '',NULL,2001,1154),(595,_binary '',NULL,2001,1155),(596,_binary '',NULL,2001,1156),(597,_binary '',NULL,2001,1157),(598,_binary '',NULL,2001,1158),(599,_binary '',NULL,2001,1159),(600,_binary '',NULL,2001,1160),(601,_binary '',NULL,2001,1161),(602,_binary '',NULL,2001,1162),(603,_binary '',NULL,2001,1163),(604,_binary '',NULL,2001,1164),(605,_binary '',NULL,2001,1165),(606,_binary '',NULL,2001,1166),(607,_binary '',NULL,2001,1167),(608,_binary '',NULL,2001,1168),(609,_binary '',NULL,2001,1169),(610,_binary '',NULL,2001,1170),(611,_binary '',NULL,2001,1171),(612,_binary '',NULL,2001,1172),(613,_binary '',NULL,2001,1173),(614,_binary '',NULL,2001,1174),(615,_binary '',NULL,2001,1175),(616,_binary '',NULL,2001,1176),(617,_binary '',NULL,2001,1177),(618,_binary '',NULL,2001,1178),(619,_binary '',NULL,2001,1179),(620,_binary '',NULL,2001,1180),(621,_binary '',NULL,2001,1181),(622,_binary '',NULL,2001,1182),(623,_binary '',NULL,2001,1183),(624,_binary '',NULL,2001,1184),(625,_binary '',NULL,2001,1185),(626,_binary '',NULL,2001,1186),(627,_binary '',NULL,2001,1187),(628,_binary '',NULL,2001,1188),(629,_binary '',NULL,2001,1189),(630,_binary '',NULL,2001,1190),(631,_binary '',NULL,2001,1191),(632,_binary '',NULL,2001,1192),(633,_binary '',NULL,2001,1193),(634,_binary '',NULL,2001,1194),(635,_binary '',NULL,2001,1195),(636,_binary '',NULL,2001,1196),(637,_binary '',NULL,2001,1197),(638,_binary '',NULL,2001,1198),(639,_binary '',NULL,2001,1199),(640,_binary '',NULL,2001,1200),(641,_binary '',NULL,2001,1201),(642,_binary '',NULL,2001,1202),(643,_binary '',NULL,2001,1203),(644,_binary '',NULL,2001,1204),(645,_binary '',NULL,2001,1205),(646,_binary '',NULL,2001,1206),(647,_binary '',NULL,2001,1207),(648,_binary '',NULL,2001,1208),(649,_binary '',NULL,2001,1209),(650,_binary '',NULL,2001,1210),(651,_binary '',NULL,2001,1211),(652,_binary '',NULL,2001,1212),(653,_binary '',NULL,2001,1213),(654,_binary '',NULL,2001,1214),(655,_binary '',NULL,2001,1215),(656,_binary '',NULL,2001,1216),(657,_binary '',NULL,2001,1217),(658,_binary '',NULL,2001,1218),(659,_binary '',NULL,2001,1219),(660,_binary '',NULL,2001,1220),(661,_binary '',NULL,2001,1221),(662,_binary '',NULL,2001,1222),(663,_binary '',NULL,2001,1223),(664,_binary '',NULL,2001,1224),(665,_binary '',NULL,2001,1225),(666,_binary '',NULL,2001,1226),(667,_binary '',NULL,2001,1227),(668,_binary '',NULL,2001,1228),(669,_binary '',NULL,2001,1229),(670,_binary '',NULL,2001,1230),(671,_binary '',NULL,2001,1231),(672,_binary '',NULL,2001,1232),(673,_binary '',NULL,2001,1233),(674,_binary '',NULL,2001,1234),(675,_binary '',NULL,2001,1235),(676,_binary '',NULL,2001,1236),(677,_binary '',NULL,2001,1237),(678,_binary '',NULL,2001,1238),(679,_binary '',NULL,2001,1239),(680,_binary '',NULL,2001,1240),(681,_binary '',NULL,2001,1241),(682,_binary '',NULL,2001,1242),(683,_binary '',NULL,2001,1243),(684,_binary '',NULL,2001,1244),(685,_binary '',NULL,2001,1245),(686,_binary '',NULL,2001,1246),(687,_binary '',NULL,2001,1247),(688,_binary '',NULL,2001,1248),(689,_binary '',NULL,2001,1249),(690,_binary '',NULL,2001,1250),(691,_binary '',NULL,2001,1251),(692,_binary '',NULL,2001,1252),(693,_binary '',NULL,2001,1253),(694,_binary '',NULL,2001,1254),(695,_binary '',NULL,2001,1255),(696,_binary '',NULL,2001,1256),(697,_binary '',NULL,2001,1257),(698,_binary '',NULL,2001,1258),(699,_binary '',NULL,2001,1259),(700,_binary '',NULL,2001,1260),(701,_binary '',NULL,2001,1261),(702,_binary '',NULL,2001,1262),(703,_binary '',NULL,2001,1263),(704,_binary '',NULL,2001,1264),(705,_binary '',NULL,2001,1265),(706,_binary '',NULL,2001,1266),(707,_binary '',NULL,2001,1267),(708,_binary '',NULL,2001,1268),(709,_binary '',NULL,2001,1269),(710,_binary '',NULL,2001,1270),(711,_binary '',NULL,2001,1271),(712,_binary '',NULL,2001,1272),(713,_binary '',NULL,2001,1273),(714,_binary '',NULL,2001,1274),(715,_binary '',NULL,2001,1275),(716,_binary '',NULL,2001,1276),(717,_binary '',NULL,2001,1277),(718,_binary '',NULL,2001,1278),(719,_binary '',NULL,2001,1279),(720,_binary '',NULL,2001,1280),(721,_binary '',NULL,2001,1281),(722,_binary '',NULL,2001,1282),(723,_binary '',NULL,2001,1283),(724,_binary '',NULL,2001,1284),(725,_binary '',NULL,2001,1285),(726,_binary '',NULL,2001,1286),(727,_binary '',NULL,2001,1287),(728,_binary '',NULL,2001,1288),(729,_binary '',NULL,2001,1289),(730,_binary '',NULL,2001,1290),(731,_binary '',NULL,2001,1291),(732,_binary '',NULL,2001,1292),(733,_binary '',NULL,2001,1293),(734,_binary '',NULL,2001,1294),(735,_binary '',NULL,2001,1295),(736,_binary '',NULL,2001,1296),(737,_binary '',NULL,2001,1297),(738,_binary '',NULL,2001,1298),(739,_binary '',NULL,2001,1299),(740,_binary '',NULL,2001,1300),(741,_binary '',NULL,2001,1301),(742,_binary '',NULL,2001,1302),(743,_binary '',NULL,2001,1303),(744,_binary '',NULL,2001,1304),(745,_binary '',NULL,2001,1305),(746,_binary '',NULL,2001,1306),(747,_binary '',NULL,2001,1307),(748,_binary '',NULL,2001,1308),(749,_binary '',NULL,2001,1309),(750,_binary '',NULL,2001,1310),(751,_binary '',NULL,2001,1311),(752,_binary '',NULL,2001,1312),(753,_binary '',NULL,2001,1313),(754,_binary '',NULL,2001,1314),(755,_binary '',NULL,2001,1315),(756,_binary '',NULL,2001,1316),(757,_binary '',NULL,2001,1317),(758,_binary '',NULL,2001,1318),(759,_binary '',NULL,2001,1319),(760,_binary '',NULL,2001,1320),(761,_binary '',NULL,2001,1321),(762,_binary '',NULL,2001,1322),(763,_binary '',NULL,2001,1323),(764,_binary '',NULL,2001,1324),(765,_binary '',NULL,2001,1325),(766,_binary '',NULL,2001,1326),(767,_binary '',NULL,2001,1327),(768,_binary '',NULL,2001,1328),(769,_binary '',NULL,2001,1329),(770,_binary '',NULL,2001,1330),(771,_binary '',NULL,2001,1331),(772,_binary '',NULL,2001,1332),(773,_binary '',NULL,2001,1333),(774,_binary '',NULL,2001,1334),(775,_binary '',NULL,2001,1335),(776,_binary '',NULL,2001,1336),(777,_binary '',NULL,2001,1337),(778,_binary '',NULL,2001,1338),(779,_binary '',NULL,2001,1339),(780,_binary '',NULL,2001,1340),(781,_binary '',NULL,2001,1341),(782,_binary '',NULL,2001,1342),(783,_binary '',NULL,2001,1343),(784,_binary '',NULL,2001,1344),(785,_binary '',NULL,2001,1345),(786,_binary '',NULL,2001,1346),(787,_binary '',NULL,2001,1347),(788,_binary '',NULL,2001,1348),(789,_binary '',NULL,2001,1349),(790,_binary '',NULL,2001,1350),(791,_binary '',NULL,2001,1351),(792,_binary '',NULL,2001,1352),(793,_binary '',NULL,2001,1353),(794,_binary '',NULL,2001,1354),(795,_binary '',NULL,2001,1355),(796,_binary '',NULL,2001,1356),(797,_binary '',NULL,2001,1357),(798,_binary '',NULL,2001,1358),(799,_binary '',NULL,2001,1359),(800,_binary '',NULL,2001,1360),(801,_binary '',NULL,2001,1361),(802,_binary '',NULL,2001,1362),(803,_binary '',NULL,2001,1363),(804,_binary '',NULL,2001,1364),(805,_binary '',NULL,2001,1365),(806,_binary '',NULL,2001,1366),(807,_binary '',NULL,2001,1367),(808,_binary '',NULL,2001,1368),(809,_binary '',NULL,2001,1369),(810,_binary '',NULL,2001,1370),(811,_binary '',NULL,2001,1371),(812,_binary '',NULL,2001,1372),(813,_binary '',NULL,2001,1373),(814,_binary '',NULL,2001,1374),(815,_binary '',NULL,2001,1375),(816,_binary '',NULL,2001,1376),(817,_binary '',NULL,2001,1377),(818,_binary '',NULL,2001,1378),(819,_binary '',NULL,2001,1379),(820,_binary '',NULL,2001,1380),(821,_binary '',NULL,2001,1381),(822,_binary '',NULL,2001,1382),(823,_binary '',NULL,2001,1383),(824,_binary '',NULL,2001,1384),(825,_binary '',NULL,2001,1385),(826,_binary '',NULL,2001,1386),(827,_binary '',NULL,2001,1387),(828,_binary '',NULL,2001,1388),(829,_binary '',NULL,2001,1389),(830,_binary '',NULL,2001,1390),(831,_binary '',NULL,2001,1391),(832,_binary '',NULL,2001,1392),(833,_binary '',NULL,2001,1393),(834,_binary '',NULL,2001,1394),(835,_binary '',NULL,2001,1395),(836,_binary '',NULL,2001,1396),(837,_binary '',NULL,2001,1397),(838,_binary '',NULL,2001,1398),(839,_binary '',NULL,2001,1399),(840,_binary '',NULL,2001,1400),(841,_binary '',NULL,2001,1401),(842,_binary '',NULL,2001,1402),(843,_binary '',NULL,2001,1403),(844,_binary '',NULL,2001,1404),(845,_binary '',NULL,2001,1405),(846,_binary '',NULL,2001,1406),(847,_binary '',NULL,2001,1407),(848,_binary '',NULL,2001,1408),(849,_binary '',NULL,2001,1409),(850,_binary '',NULL,2001,1410),(851,_binary '',NULL,2001,1411),(852,_binary '',NULL,2001,1412),(853,_binary '',NULL,2001,1413),(854,_binary '',NULL,2001,1414),(855,_binary '',NULL,2001,1415),(856,_binary '',NULL,2001,1416),(857,_binary '',NULL,2001,1417),(858,_binary '',NULL,2001,1418),(859,_binary '',NULL,2001,1419),(860,_binary '',NULL,2001,1420),(861,_binary '',NULL,2001,1421),(862,_binary '',NULL,2001,1422),(863,_binary '',NULL,2001,1423),(864,_binary '',NULL,2001,1424),(865,_binary '',NULL,2001,1425),(866,_binary '',NULL,2001,1426),(867,_binary '',NULL,2001,1427),(868,_binary '',NULL,2001,1428),(869,_binary '',NULL,2001,1429),(870,_binary '',NULL,2001,1430),(871,_binary '',NULL,2001,1431),(872,_binary '',NULL,2001,1432),(873,_binary '',NULL,2001,1433),(874,_binary '',NULL,2001,1434),(875,_binary '',NULL,2001,1435),(876,_binary '',NULL,2001,1436),(877,_binary '',NULL,2001,1437),(878,_binary '',NULL,2001,1438),(879,_binary '',NULL,2001,1439),(880,_binary '',NULL,2001,1440),(881,_binary '',NULL,2001,1441),(882,_binary '',NULL,2001,1442),(883,_binary '',NULL,2001,1443),(884,_binary '',NULL,2001,1444),(885,_binary '',NULL,2001,1445),(886,_binary '',NULL,2001,1446),(887,_binary '',NULL,2001,1447),(888,_binary '',NULL,2001,1448),(889,_binary '',NULL,2001,1449),(890,_binary '',NULL,2001,1450),(891,_binary '',NULL,2001,1451),(892,_binary '',NULL,2001,1452),(893,_binary '',NULL,2001,1453),(894,_binary '',NULL,2001,1454),(895,_binary '',NULL,2001,1455),(896,_binary '',NULL,2001,1456),(897,_binary '',NULL,2001,1457),(898,_binary '',NULL,2001,1458),(899,_binary '',NULL,2001,1459),(900,_binary '',NULL,2001,1460),(901,_binary '',NULL,2001,1461),(902,_binary '',NULL,2001,1462),(903,_binary '',NULL,2001,1463),(904,_binary '',NULL,2001,1464),(905,_binary '',NULL,2001,1465),(906,_binary '',NULL,2001,1466),(907,_binary '',NULL,2001,1467),(908,_binary '',NULL,2001,1468),(909,_binary '',NULL,2001,1469),(910,_binary '',NULL,2001,1470),(911,_binary '',NULL,2001,1471),(912,_binary '',NULL,2001,1472),(913,_binary '',NULL,2001,1473),(914,_binary '',NULL,2001,1474),(915,_binary '',NULL,2001,1475),(916,_binary '',NULL,2001,1476),(917,_binary '',NULL,2001,1477),(918,_binary '',NULL,2001,1478),(919,_binary '',NULL,2001,1479),(920,_binary '',NULL,2001,1480),(921,_binary '',NULL,2001,1481),(922,_binary '',NULL,2001,1482),(923,_binary '',NULL,2001,1483),(924,_binary '',NULL,2001,1484),(925,_binary '',NULL,2001,1485),(926,_binary '',NULL,2001,1486),(927,_binary '',NULL,2001,1487),(928,_binary '',NULL,2001,1488),(929,_binary '',NULL,2001,1489),(930,_binary '',NULL,2001,1490),(931,_binary '',NULL,2001,1491),(932,_binary '',NULL,2001,1492),(933,_binary '',NULL,2001,1493),(934,_binary '',NULL,2001,1494),(935,_binary '',NULL,2001,1495),(936,_binary '',NULL,2001,1496),(937,_binary '',NULL,2001,1497),(938,_binary '',NULL,2001,1498),(939,_binary '',NULL,2001,1499),(940,_binary '',NULL,2001,1500),(941,_binary '',NULL,2001,1501),(942,_binary '',NULL,2001,1502),(943,_binary '',NULL,2001,1503),(944,_binary '',NULL,2001,1504),(945,_binary '',NULL,2001,1505),(946,_binary '',NULL,2001,1506),(947,_binary '',NULL,2001,1507),(948,_binary '',NULL,2001,1508),(949,_binary '',NULL,2001,1509),(950,_binary '',NULL,2001,1510),(951,_binary '',NULL,2001,1511),(952,_binary '',NULL,2001,1512),(953,_binary '',NULL,2001,1513),(954,_binary '',NULL,2001,1514),(955,_binary '',NULL,2001,1515),(956,_binary '',NULL,2001,1516),(957,_binary '',NULL,2001,1517),(958,_binary '',NULL,2001,1518),(959,_binary '',NULL,2001,1519),(960,_binary '',NULL,2001,1520),(961,_binary '',NULL,2001,1521),(962,_binary '',NULL,2001,1522),(963,_binary '',NULL,2001,1523),(964,_binary '',NULL,2001,1524),(965,_binary '',NULL,2001,1525),(966,_binary '',NULL,2001,1526),(967,_binary '',NULL,2001,1527),(968,_binary '',NULL,2001,1528),(969,_binary '',NULL,2001,1529),(970,_binary '',NULL,2001,1530),(971,_binary '',NULL,2001,1531),(972,_binary '',NULL,2001,1532),(973,_binary '',NULL,2001,1533),(974,_binary '',NULL,2001,1534),(975,_binary '',NULL,2001,1535),(976,_binary '',NULL,2001,1536),(977,_binary '',NULL,2001,1537),(978,_binary '',NULL,2001,1538),(979,_binary '',NULL,2001,1539),(980,_binary '',NULL,2001,1540),(981,_binary '',NULL,2001,1541),(982,_binary '',NULL,2001,1542),(983,_binary '',NULL,2001,1543),(984,_binary '',NULL,2001,1544),(985,_binary '',NULL,2001,1545),(986,_binary '',NULL,2001,1546),(987,_binary '',NULL,2001,1547),(988,_binary '',NULL,2001,1548),(989,_binary '',NULL,2001,1549),(990,_binary '',NULL,2001,1550),(991,_binary '',NULL,2001,1551),(992,_binary '',NULL,2001,1552),(993,_binary '',NULL,2001,1553),(994,_binary '',NULL,2001,1554),(995,_binary '',NULL,2001,1555),(996,_binary '',NULL,2001,1556),(997,_binary '',NULL,2001,1557),(998,_binary '',NULL,2001,1558),(999,_binary '',NULL,2001,1559),(1000,_binary '',NULL,2001,1560),(1001,_binary '',NULL,2001,1561),(1002,_binary '',NULL,2001,1562),(1003,_binary '',NULL,2001,1563),(1004,_binary '',NULL,2001,1564),(1005,_binary '',NULL,2001,1565),(1006,_binary '',NULL,2001,1566),(1007,_binary '',NULL,2001,1567),(1008,_binary '',NULL,2001,1568),(1009,_binary '',NULL,2001,1569),(1010,_binary '',NULL,2001,1570),(1011,_binary '',NULL,2001,1571),(1012,_binary '',NULL,2001,1572),(1013,_binary '',NULL,2001,1573),(1014,_binary '',NULL,2001,1574),(1015,_binary '',NULL,2001,1575),(1016,_binary '',NULL,2001,1576),(1017,_binary '',NULL,2001,1577),(1018,_binary '',NULL,2001,1578),(1019,_binary '',NULL,2001,1579),(1020,_binary '',NULL,2001,1580),(1021,_binary '',NULL,2001,1581),(1022,_binary '',NULL,2001,1582),(1023,_binary '',NULL,2001,1583),(1024,_binary '',NULL,2001,1584),(1025,_binary '',NULL,2001,1585),(1026,_binary '',NULL,2001,1586),(1027,_binary '',NULL,2001,1587),(1028,_binary '',NULL,2001,1588),(1029,_binary '',NULL,2001,1589),(1030,_binary '',NULL,2001,1590),(1031,_binary '',NULL,2001,1591),(1032,_binary '',NULL,2001,1592),(1033,_binary '',NULL,2001,1593),(1034,_binary '',NULL,2001,1594),(1035,_binary '',NULL,2001,1595),(1036,_binary '',NULL,2001,1596),(1037,_binary '',NULL,2001,1597),(1038,_binary '',NULL,2001,1598),(1039,_binary '',NULL,2001,1599),(1040,_binary '',NULL,2001,1600),(1041,_binary '',NULL,2001,1601),(1042,_binary '',NULL,2001,1602),(1043,_binary '',NULL,2001,1603),(1044,_binary '',NULL,2001,1604),(1045,_binary '',NULL,2001,1605),(1046,_binary '',NULL,2001,1606),(1047,_binary '',NULL,2001,1607),(1048,_binary '',NULL,2001,1608),(1049,_binary '',NULL,2001,1609),(1050,_binary '',NULL,2001,1610),(1051,_binary '',NULL,2001,1611),(1052,_binary '',NULL,2001,1612),(1053,_binary '',NULL,2001,1613),(1054,_binary '',NULL,2001,1614),(1055,_binary '',NULL,2001,1615),(1056,_binary '',NULL,2001,1616),(1057,_binary '',NULL,2001,1617),(1058,_binary '',NULL,2001,1618),(1059,_binary '',NULL,2001,1619),(1060,_binary '',NULL,2001,1620),(1061,_binary '',NULL,2001,1621),(1062,_binary '',NULL,2001,1622),(1063,_binary '',NULL,2001,1623),(1064,_binary '',NULL,2001,1624),(1065,_binary '',NULL,2001,1625),(1066,_binary '',NULL,2001,1626),(1067,_binary '',NULL,2001,1627),(1068,_binary '',NULL,2001,1628),(1069,_binary '',NULL,2001,1629),(1070,_binary '',NULL,2001,1630),(1071,_binary '',NULL,2001,1631),(1072,_binary '',NULL,2001,1632),(1073,_binary '',NULL,2001,1633);
/*!40000 ALTER TABLE `BLC_CATEGORY_PRODUCT_XREF` ENABLE KEYS */;
UNLOCK TABLES;

--
-- Table structure for table `BLC_CATEGORY_XREF`
--

DROP TABLE IF EXISTS `BLC_CATEGORY_XREF`;
/*!40101 SET @saved_cs_client     = @@character_set_client */;
/*!40101 SET character_set_client = utf8 */;
CREATE TABLE `BLC_CATEGORY_XREF` (
  `CATEGORY_XREF_ID` bigint(20) NOT NULL,
  `DEFAULT_REFERENCE` bit(1) DEFAULT NULL,
  `DISPLAY_ORDER` decimal(10,6) DEFAULT NULL,
  `CATEGORY_ID` bigint(20) NOT NULL,
  `SUB_CATEGORY_ID` bigint(20) NOT NULL,
  PRIMARY KEY (`CATEGORY_XREF_ID`),
  KEY `FKe9p1rqdyircs0atgu7e5xlwmx` (`CATEGORY_ID`),
  KEY `FKgrlcy8qrn7lqyiou3vu1piuk1` (`SUB_CATEGORY_ID`),
  CONSTRAINT `FKe9p1rqdyircs0atgu7e5xlwmx` FOREIGN KEY (`CATEGORY_ID`) REFERENCES `BLC_CATEGORY` (`CATEGORY_ID`),
  CONSTRAINT `FKgrlcy8qrn7lqyiou3vu1piuk1` FOREIGN KEY (`SUB_CATEGORY_ID`) REFERENCES `BLC_CATEGORY` (`CATEGORY_ID`)
) ENGINE=InnoDB DEFAULT CHARSET=latin1;
/*!40101 SET character_set_client = @saved_cs_client */;

--
-- Dumping data for table `BLC_CATEGORY_XREF`
--

LOCK TABLES `BLC_CATEGORY_XREF` WRITE;
/*!40000 ALTER TABLE `BLC_CATEGORY_XREF` DISABLE KEYS */;
INSERT INTO `BLC_CATEGORY_XREF` VALUES (8,_binary '',-7.000000,2003,2007),(9,_binary '',-6.000000,2003,2008);
/*!40000 ALTER TABLE `BLC_CATEGORY_XREF` ENABLE KEYS */;
UNLOCK TABLES;

--
-- Table structure for table `BLC_CAT_SEARCH_FACET_EXCL_XREF`
--

DROP TABLE IF EXISTS `BLC_CAT_SEARCH_FACET_EXCL_XREF`;
/*!40101 SET @saved_cs_client     = @@character_set_client */;
/*!40101 SET character_set_client = utf8 */;
CREATE TABLE `BLC_CAT_SEARCH_FACET_EXCL_XREF` (
  `CAT_EXCL_SEARCH_FACET_ID` bigint(20) NOT NULL,
  `SEQUENCE` decimal(19,2) DEFAULT NULL,
  `CATEGORY_ID` bigint(20) DEFAULT NULL,
  `SEARCH_FACET_ID` bigint(20) DEFAULT NULL,
  PRIMARY KEY (`CAT_EXCL_SEARCH_FACET_ID`),
  KEY `FK66xu32canhiu19e6or98vufcw` (`CATEGORY_ID`),
  KEY `FKmmy51xuqakfxoflomh4dgl7on` (`SEARCH_FACET_ID`),
  CONSTRAINT `FK66xu32canhiu19e6or98vufcw` FOREIGN KEY (`CATEGORY_ID`) REFERENCES `BLC_CATEGORY` (`CATEGORY_ID`),
  CONSTRAINT `FKmmy51xuqakfxoflomh4dgl7on` FOREIGN KEY (`SEARCH_FACET_ID`) REFERENCES `BLC_SEARCH_FACET` (`SEARCH_FACET_ID`)
) ENGINE=InnoDB DEFAULT CHARSET=latin1;
/*!40101 SET character_set_client = @saved_cs_client */;

--
-- Dumping data for table `BLC_CAT_SEARCH_FACET_EXCL_XREF`
--

LOCK TABLES `BLC_CAT_SEARCH_FACET_EXCL_XREF` WRITE;
/*!40000 ALTER TABLE `BLC_CAT_SEARCH_FACET_EXCL_XREF` DISABLE KEYS */;
/*!40000 ALTER TABLE `BLC_CAT_SEARCH_FACET_EXCL_XREF` ENABLE KEYS */;
UNLOCK TABLES;

--
-- Table structure for table `BLC_CAT_SEARCH_FACET_XREF`
--

DROP TABLE IF EXISTS `BLC_CAT_SEARCH_FACET_XREF`;
/*!40101 SET @saved_cs_client     = @@character_set_client */;
/*!40101 SET character_set_client = utf8 */;
CREATE TABLE `BLC_CAT_SEARCH_FACET_XREF` (
  `CATEGORY_SEARCH_FACET_ID` bigint(20) NOT NULL,
  `SEQUENCE` decimal(19,2) DEFAULT NULL,
  `CATEGORY_ID` bigint(20) DEFAULT NULL,
  `SEARCH_FACET_ID` bigint(20) DEFAULT NULL,
  PRIMARY KEY (`CATEGORY_SEARCH_FACET_ID`),
  KEY `FK15e8rvxxafd6h16c1ul3pynqh` (`CATEGORY_ID`),
  KEY `FK68dqudo00pmvd760r53lmcq1q` (`SEARCH_FACET_ID`),
  CONSTRAINT `FK15e8rvxxafd6h16c1ul3pynqh` FOREIGN KEY (`CATEGORY_ID`) REFERENCES `BLC_CATEGORY` (`CATEGORY_ID`),
  CONSTRAINT `FK68dqudo00pmvd760r53lmcq1q` FOREIGN KEY (`SEARCH_FACET_ID`) REFERENCES `BLC_SEARCH_FACET` (`SEARCH_FACET_ID`)
) ENGINE=InnoDB DEFAULT CHARSET=latin1;
/*!40101 SET character_set_client = @saved_cs_client */;

--
-- Dumping data for table `BLC_CAT_SEARCH_FACET_XREF`
--

LOCK TABLES `BLC_CAT_SEARCH_FACET_XREF` WRITE;
/*!40000 ALTER TABLE `BLC_CAT_SEARCH_FACET_XREF` DISABLE KEYS */;
INSERT INTO `BLC_CAT_SEARCH_FACET_XREF` VALUES (1,1.00,2002,1),(2,2.00,2002,2),(4,1.00,2003,4),(5,3.00,2002,3),(6,3.00,2003,3),(7,3.00,2004,3);
/*!40000 ALTER TABLE `BLC_CAT_SEARCH_FACET_XREF` ENABLE KEYS */;
UNLOCK TABLES;

--
-- Table structure for table `BLC_CAT_SITE_MAP_GEN_CFG`
--

DROP TABLE IF EXISTS `BLC_CAT_SITE_MAP_GEN_CFG`;
/*!40101 SET @saved_cs_client     = @@character_set_client */;
/*!40101 SET character_set_client = utf8 */;
CREATE TABLE `BLC_CAT_SITE_MAP_GEN_CFG` (
  `ENDING_DEPTH` int(11) NOT NULL,
  `STARTING_DEPTH` int(11) NOT NULL,
  `GEN_CONFIG_ID` bigint(20) NOT NULL,
  `ROOT_CATEGORY_ID` bigint(20) NOT NULL,
  PRIMARY KEY (`GEN_CONFIG_ID`),
  KEY `FKerl6k0300vd4y8haxljr92rmo` (`ROOT_CATEGORY_ID`),
  CONSTRAINT `FKerl6k0300vd4y8haxljr92rmo` FOREIGN KEY (`ROOT_CATEGORY_ID`) REFERENCES `BLC_CATEGORY` (`CATEGORY_ID`),
  CONSTRAINT `FKn5liq0ue5rtn6h7bmsv7q85nn` FOREIGN KEY (`GEN_CONFIG_ID`) REFERENCES `BLC_SITE_MAP_GEN_CFG` (`GEN_CONFIG_ID`)
) ENGINE=InnoDB DEFAULT CHARSET=latin1;
/*!40101 SET character_set_client = @saved_cs_client */;

--
-- Dumping data for table `BLC_CAT_SITE_MAP_GEN_CFG`
--

LOCK TABLES `BLC_CAT_SITE_MAP_GEN_CFG` WRITE;
/*!40000 ALTER TABLE `BLC_CAT_SITE_MAP_GEN_CFG` DISABLE KEYS */;
INSERT INTO `BLC_CAT_SITE_MAP_GEN_CFG` VALUES (0,0,-7,2004),(0,0,-6,2003),(0,0,-5,2002),(0,0,-4,2001);
/*!40000 ALTER TABLE `BLC_CAT_SITE_MAP_GEN_CFG` ENABLE KEYS */;
UNLOCK TABLES;

--
-- Table structure for table `BLC_CHALLENGE_QUESTION`
--

DROP TABLE IF EXISTS `BLC_CHALLENGE_QUESTION`;
/*!40101 SET @saved_cs_client     = @@character_set_client */;
/*!40101 SET character_set_client = utf8 */;
CREATE TABLE `BLC_CHALLENGE_QUESTION` (
  `QUESTION_ID` bigint(20) NOT NULL,
  `QUESTION` varchar(255) NOT NULL,
  PRIMARY KEY (`QUESTION_ID`)
) ENGINE=InnoDB DEFAULT CHARSET=latin1;
/*!40101 SET character_set_client = @saved_cs_client */;

--
-- Dumping data for table `BLC_CHALLENGE_QUESTION`
--

LOCK TABLES `BLC_CHALLENGE_QUESTION` WRITE;
/*!40000 ALTER TABLE `BLC_CHALLENGE_QUESTION` DISABLE KEYS */;
INSERT INTO `BLC_CHALLENGE_QUESTION` VALUES (1,'What is your favorite sports team?'),(2,'What was your high school name?'),(3,'What was your childhood nickname?'),(4,'What street did you live on in third grade?'),(5,'What is your oldest sibling\'s middle name?'),(6,'What school did you attend for sixth grade?'),(7,'Where does your nearest sibling live?'),(8,'What is your youngest brother\'s birthday?'),(9,'In what city or town was your first job?');
/*!40000 ALTER TABLE `BLC_CHALLENGE_QUESTION` ENABLE KEYS */;
UNLOCK TABLES;

--
-- Table structure for table `BLC_CMS_MENU`
--

DROP TABLE IF EXISTS `BLC_CMS_MENU`;
/*!40101 SET @saved_cs_client     = @@character_set_client */;
/*!40101 SET character_set_client = utf8 */;
CREATE TABLE `BLC_CMS_MENU` (
  `MENU_ID` bigint(20) NOT NULL,
  `NAME` varchar(255) NOT NULL,
  PRIMARY KEY (`MENU_ID`)
) ENGINE=InnoDB DEFAULT CHARSET=latin1;
/*!40101 SET character_set_client = @saved_cs_client */;

--
-- Dumping data for table `BLC_CMS_MENU`
--

LOCK TABLES `BLC_CMS_MENU` WRITE;
/*!40000 ALTER TABLE `BLC_CMS_MENU` DISABLE KEYS */;
INSERT INTO `BLC_CMS_MENU` VALUES (1,'Header Nav');
/*!40000 ALTER TABLE `BLC_CMS_MENU` ENABLE KEYS */;
UNLOCK TABLES;

--
-- Table structure for table `BLC_CMS_MENU_ITEM`
--

DROP TABLE IF EXISTS `BLC_CMS_MENU_ITEM`;
/*!40101 SET @saved_cs_client     = @@character_set_client */;
/*!40101 SET character_set_client = utf8 */;
CREATE TABLE `BLC_CMS_MENU_ITEM` (
  `MENU_ITEM_ID` bigint(20) NOT NULL,
  `ACTION_URL` varchar(255) DEFAULT NULL,
  `ALT_TEXT` varchar(255) DEFAULT NULL,
  `CUSTOM_HTML` longtext,
  `IMAGE_URL` varchar(255) DEFAULT NULL,
  `LABEL` varchar(255) DEFAULT NULL,
  `SEQUENCE` decimal(10,6) DEFAULT NULL,
  `MENU_ITEM_TYPE` varchar(255) DEFAULT NULL,
  `LINKED_MENU_ID` bigint(20) DEFAULT NULL,
  `LINKED_PAGE_ID` bigint(20) DEFAULT NULL,
  `PARENT_MENU_ID` bigint(20) DEFAULT NULL,
  PRIMARY KEY (`MENU_ITEM_ID`),
  KEY `FKsfd7p9istk4908bchapktbnr0` (`LINKED_MENU_ID`),
  KEY `FKbgy5higr7beta0sxdqvkm9k7r` (`LINKED_PAGE_ID`),
  KEY `FKa7ogt4huutal1mirsufnmy9lr` (`PARENT_MENU_ID`),
  CONSTRAINT `FKa7ogt4huutal1mirsufnmy9lr` FOREIGN KEY (`PARENT_MENU_ID`) REFERENCES `BLC_CMS_MENU` (`MENU_ID`),
  CONSTRAINT `FKbgy5higr7beta0sxdqvkm9k7r` FOREIGN KEY (`LINKED_PAGE_ID`) REFERENCES `BLC_PAGE` (`PAGE_ID`),
  CONSTRAINT `FKsfd7p9istk4908bchapktbnr0` FOREIGN KEY (`LINKED_MENU_ID`) REFERENCES `BLC_CMS_MENU` (`MENU_ID`)
) ENGINE=InnoDB DEFAULT CHARSET=latin1;
/*!40101 SET character_set_client = @saved_cs_client */;

--
-- Dumping data for table `BLC_CMS_MENU_ITEM`
--

LOCK TABLES `BLC_CMS_MENU_ITEM` WRITE;
/*!40000 ALTER TABLE `BLC_CMS_MENU_ITEM` DISABLE KEYS */;
INSERT INTO `BLC_CMS_MENU_ITEM` VALUES (1,'/',NULL,NULL,NULL,'Home',1.000000,'CATEGORY',NULL,NULL,1),(2,'/hot-sauces',NULL,NULL,NULL,'Hot Sauces',2.000000,'CATEGORY',NULL,NULL,1),(3,'/merchandise',NULL,NULL,NULL,'Merchandise',3.000000,'CATEGORY',NULL,NULL,1),(4,'/clearance',NULL,NULL,NULL,'Clearance',4.000000,'CATEGORY',NULL,NULL,1);
/*!40000 ALTER TABLE `BLC_CMS_MENU_ITEM` ENABLE KEYS */;
UNLOCK TABLES;

--
-- Table structure for table `BLC_CODE_TYPES`
--

DROP TABLE IF EXISTS `BLC_CODE_TYPES`;
/*!40101 SET @saved_cs_client     = @@character_set_client */;
/*!40101 SET character_set_client = utf8 */;
CREATE TABLE `BLC_CODE_TYPES` (
  `CODE_ID` bigint(20) NOT NULL,
  `CODE_TYPE` varchar(255) NOT NULL,
  `CODE_DESC` varchar(255) DEFAULT NULL,
  `CODE_KEY` varchar(255) NOT NULL,
  `MODIFIABLE` char(1) DEFAULT NULL,
  PRIMARY KEY (`CODE_ID`)
) ENGINE=InnoDB DEFAULT CHARSET=latin1;
/*!40101 SET character_set_client = @saved_cs_client */;

--
-- Dumping data for table `BLC_CODE_TYPES`
--

LOCK TABLES `BLC_CODE_TYPES` WRITE;
/*!40000 ALTER TABLE `BLC_CODE_TYPES` DISABLE KEYS */;
/*!40000 ALTER TABLE `BLC_CODE_TYPES` ENABLE KEYS */;
UNLOCK TABLES;

--
-- Table structure for table `BLC_COUNTRY`
--

DROP TABLE IF EXISTS `BLC_COUNTRY`;
/*!40101 SET @saved_cs_client     = @@character_set_client */;
/*!40101 SET character_set_client = utf8 */;
CREATE TABLE `BLC_COUNTRY` (
  `ABBREVIATION` varchar(255) NOT NULL,
  `CREATED_BY` bigint(20) DEFAULT NULL,
  `DATE_CREATED` datetime DEFAULT NULL,
  `DATE_UPDATED` datetime DEFAULT NULL,
  `UPDATED_BY` bigint(20) DEFAULT NULL,
  `NAME` varchar(255) NOT NULL,
  PRIMARY KEY (`ABBREVIATION`)
) ENGINE=InnoDB DEFAULT CHARSET=latin1;
/*!40101 SET character_set_client = @saved_cs_client */;

--
-- Dumping data for table `BLC_COUNTRY`
--

LOCK TABLES `BLC_COUNTRY` WRITE;
/*!40000 ALTER TABLE `BLC_COUNTRY` DISABLE KEYS */;
INSERT INTO `BLC_COUNTRY` VALUES ('CA',NULL,NULL,NULL,NULL,'Canada'),('ES',NULL,NULL,NULL,NULL,'Spain'),('FR',NULL,NULL,NULL,NULL,'France'),('GB',NULL,NULL,NULL,NULL,'United Kingdom'),('MX',NULL,NULL,NULL,NULL,'Mexico'),('US',NULL,NULL,NULL,NULL,'United States');
/*!40000 ALTER TABLE `BLC_COUNTRY` ENABLE KEYS */;
UNLOCK TABLES;

--
-- Table structure for table `BLC_COUNTRY_SUB`
--

DROP TABLE IF EXISTS `BLC_COUNTRY_SUB`;
/*!40101 SET @saved_cs_client     = @@character_set_client */;
/*!40101 SET character_set_client = utf8 */;
CREATE TABLE `BLC_COUNTRY_SUB` (
  `ABBREVIATION` varchar(255) NOT NULL,
  `ALT_ABBREVIATION` varchar(255) DEFAULT NULL,
  `CREATED_BY` bigint(20) DEFAULT NULL,
  `DATE_CREATED` datetime DEFAULT NULL,
  `DATE_UPDATED` datetime DEFAULT NULL,
  `UPDATED_BY` bigint(20) DEFAULT NULL,
  `NAME` varchar(255) NOT NULL,
  `COUNTRY_SUB_CAT` bigint(20) DEFAULT NULL,
  `COUNTRY` varchar(255) NOT NULL,
  PRIMARY KEY (`ABBREVIATION`),
  KEY `COUNTRY_SUB_ALT_ABRV_IDX` (`ALT_ABBREVIATION`),
  KEY `COUNTRY_SUB_NAME_IDX` (`NAME`),
  KEY `FKtjleoo0nukky2den29i7mlx0c` (`COUNTRY_SUB_CAT`),
  KEY `FKapicr4ced87ut6dfyh5fuway8` (`COUNTRY`),
  CONSTRAINT `FKapicr4ced87ut6dfyh5fuway8` FOREIGN KEY (`COUNTRY`) REFERENCES `BLC_COUNTRY` (`ABBREVIATION`),
  CONSTRAINT `FKtjleoo0nukky2den29i7mlx0c` FOREIGN KEY (`COUNTRY_SUB_CAT`) REFERENCES `BLC_COUNTRY_SUB_CAT` (`COUNTRY_SUB_CAT_ID`)
) ENGINE=InnoDB DEFAULT CHARSET=latin1;
/*!40101 SET character_set_client = @saved_cs_client */;

--
-- Dumping data for table `BLC_COUNTRY_SUB`
--

LOCK TABLES `BLC_COUNTRY_SUB` WRITE;
/*!40000 ALTER TABLE `BLC_COUNTRY_SUB` DISABLE KEYS */;
INSERT INTO `BLC_COUNTRY_SUB` VALUES ('CA-AB','AB',NULL,NULL,NULL,NULL,'ALBERTA',63,'CA'),('CA-BC','BC',NULL,NULL,NULL,NULL,'BRITISH COLUMBIA',63,'CA'),('CA-MB','MB',NULL,NULL,NULL,NULL,'MANITOBA',63,'CA'),('CA-NB','NB',NULL,NULL,NULL,NULL,'NEW BRUNSWICK',63,'CA'),('CA-NL','NL',NULL,NULL,NULL,NULL,'NEWFOUNDLAND',63,'CA'),('CA-NS','NS',NULL,NULL,NULL,NULL,'NOVA SCOTIA',63,'CA'),('CA-NT','NT',NULL,NULL,NULL,NULL,'NORTHWEST TERRITORIES',81,'CA'),('CA-NU','NU',NULL,NULL,NULL,NULL,'NUNAVUT',81,'CA'),('CA-ON','ON',NULL,NULL,NULL,NULL,'ONTARIO',63,'CA'),('CA-PE','PE',NULL,NULL,NULL,NULL,'PRINCE EDWARD ISLAND',63,'CA'),('CA-QC','QC',NULL,NULL,NULL,NULL,'QUEBEC',63,'CA'),('CA-SK','SK',NULL,NULL,NULL,NULL,'SASKATCHEWAN',63,'CA'),('CA-YT','YT',NULL,NULL,NULL,NULL,'YUKON',81,'CA'),('ES-A','A',NULL,NULL,NULL,NULL,'Alicante',63,'ES'),('ES-AB','AB',NULL,NULL,NULL,NULL,'Albacete',63,'ES'),('ES-AL','AL',NULL,NULL,NULL,NULL,'Almera',63,'ES'),('ES-AV','AV',NULL,NULL,NULL,NULL,'vila',63,'ES'),('ES-B','B',NULL,NULL,NULL,NULL,'Barcelona',63,'ES'),('ES-BA','BA',NULL,NULL,NULL,NULL,'Badajoz',63,'ES'),('ES-BI','BI',NULL,NULL,NULL,NULL,'Vizcaya',63,'ES'),('ES-BU','BU',NULL,NULL,NULL,NULL,'Burgos',63,'ES'),('ES-C','C',NULL,NULL,NULL,NULL,'A Corua',63,'ES'),('ES-CA','CA',NULL,NULL,NULL,NULL,'Cdiz',63,'ES'),('ES-CC','CC',NULL,NULL,NULL,NULL,'Cceres',63,'ES'),('ES-CO','CO',NULL,NULL,NULL,NULL,'Crdoba',63,'ES'),('ES-CR','CR',NULL,NULL,NULL,NULL,'Ciudad Real',63,'ES'),('ES-CS','CS',NULL,NULL,NULL,NULL,'Castelln',63,'ES'),('ES-CU','CU',NULL,NULL,NULL,NULL,'Cuenca',63,'ES'),('ES-GC','GC',NULL,NULL,NULL,NULL,'Las Palmas',63,'ES'),('ES-GI','GI',NULL,NULL,NULL,NULL,'Girona',63,'ES'),('ES-GR','GR',NULL,NULL,NULL,NULL,'Granada',63,'ES'),('ES-GU','GU',NULL,NULL,NULL,NULL,'Guadalajara',63,'ES'),('ES-H','H',NULL,NULL,NULL,NULL,'Huelva',63,'ES'),('ES-HU','HU',NULL,NULL,NULL,NULL,'Huesca',63,'ES'),('ES-J','J',NULL,NULL,NULL,NULL,'Jan',63,'ES'),('ES-L','L',NULL,NULL,NULL,NULL,'Lleida',63,'ES'),('ES-LE','LE',NULL,NULL,NULL,NULL,'Len',63,'ES'),('ES-LO','LO',NULL,NULL,NULL,NULL,'La Rioja',63,'ES'),('ES-LU','LU',NULL,NULL,NULL,NULL,'Lugo',63,'ES'),('ES-M','M',NULL,NULL,NULL,NULL,'Madrid',63,'ES'),('ES-MA','MA',NULL,NULL,NULL,NULL,'Mlaga',63,'ES'),('ES-MU','MU',NULL,NULL,NULL,NULL,'Murcia',63,'ES'),('ES-NA','NA',NULL,NULL,NULL,NULL,'Navarra',63,'ES'),('ES-O','O',NULL,NULL,NULL,NULL,'Asturias',63,'ES'),('ES-OR','OR',NULL,NULL,NULL,NULL,'Ourense',63,'ES'),('ES-P','P',NULL,NULL,NULL,NULL,'Palencia',63,'ES'),('ES-PM','PM',NULL,NULL,NULL,NULL,'Balears',63,'ES'),('ES-PO','PO',NULL,NULL,NULL,NULL,'Pontevedra',63,'ES'),('ES-S','S',NULL,NULL,NULL,NULL,'Cantabria',63,'ES'),('ES-SA','SA',NULL,NULL,NULL,NULL,'Salamanca',63,'ES'),('ES-SE','SE',NULL,NULL,NULL,NULL,'Sevilla',63,'ES'),('ES-SG','SG',NULL,NULL,NULL,NULL,'Segovia',63,'ES'),('ES-SO','SO',NULL,NULL,NULL,NULL,'Soria',63,'ES'),('ES-SS','SS',NULL,NULL,NULL,NULL,'Guipzcoa',63,'ES'),('ES-T','T',NULL,NULL,NULL,NULL,'Tarragona',63,'ES'),('ES-TE','TE',NULL,NULL,NULL,NULL,'Teruel',63,'ES'),('ES-TF','TF',NULL,NULL,NULL,NULL,'Santa Cruz de Tenerife',63,'ES'),('ES-TO','TO',NULL,NULL,NULL,NULL,'Toledo',63,'ES'),('ES-V','V',NULL,NULL,NULL,NULL,'Valencia',63,'ES'),('ES-VA','VA',NULL,NULL,NULL,NULL,'Valladolid',63,'ES'),('ES-VI','VI',NULL,NULL,NULL,NULL,'lava',63,'ES'),('ES-Z','Z',NULL,NULL,NULL,NULL,'Zaragoza',63,'ES'),('ES-ZA','ZA',NULL,NULL,NULL,NULL,'Zamora',63,'ES'),('MX-AGU','AGU',NULL,NULL,NULL,NULL,'AGUASCALIENTES',79,'MX'),('MX-BCN','BCN',NULL,NULL,NULL,NULL,'BAJA CALIFORNIA',79,'MX'),('MX-BCS','BCS',NULL,NULL,NULL,NULL,'BAJA CALIFORNIA SUR',79,'MX'),('MX-CAM','CAM',NULL,NULL,NULL,NULL,'CAMPECHE',79,'MX'),('MX-CHH','CHH',NULL,NULL,NULL,NULL,'CHIHUAHUA',79,'MX'),('MX-CHP','CHP',NULL,NULL,NULL,NULL,'CHIAPAS',79,'MX'),('MX-COA','COA',NULL,NULL,NULL,NULL,'COAHUILA',79,'MX'),('MX-COL','COL',NULL,NULL,NULL,NULL,'COLIMA',79,'MX'),('MX-DIF','DIF',NULL,NULL,NULL,NULL,'DISTRITO FEDERAL',39,'MX'),('MX-DUR','DUR',NULL,NULL,NULL,NULL,'DURANGO',79,'MX'),('MX-GRO','GRO',NULL,NULL,NULL,NULL,'GUERRERO',79,'MX'),('MX-GUA','GUA',NULL,NULL,NULL,NULL,'GUANAJUATO',79,'MX'),('MX-HID','HID',NULL,NULL,NULL,NULL,'HIDALGO',79,'MX'),('MX-JAL','JAL',NULL,NULL,NULL,NULL,'JALISCO',79,'MX'),('MX-MEX','MEX',NULL,NULL,NULL,NULL,'MXICO',79,'MX'),('MX-MIC','MIC',NULL,NULL,NULL,NULL,'MICHOACN',79,'MX'),('MX-MOR','MOR',NULL,NULL,NULL,NULL,'MORELOS',79,'MX'),('MX-NAY','NAY',NULL,NULL,NULL,NULL,'NAYARIT',79,'MX'),('MX-NLE','NLE',NULL,NULL,NULL,NULL,'NUEVO LEN',79,'MX'),('MX-OAX','OAX',NULL,NULL,NULL,NULL,'OAXACA',79,'MX'),('MX-PUE','PUE',NULL,NULL,NULL,NULL,'PUEBLA',79,'MX'),('MX-QUE','QUE',NULL,NULL,NULL,NULL,'QUERTARO',79,'MX'),('MX-ROO','ROO',NULL,NULL,NULL,NULL,'QUINTANA ROO',79,'MX'),('MX-SIN','SIN',NULL,NULL,NULL,NULL,'SINALOA',79,'MX'),('MX-SLP','SLP',NULL,NULL,NULL,NULL,'SAN LUIS POTOS',79,'MX'),('MX-SON','SON',NULL,NULL,NULL,NULL,'SONORA',79,'MX'),('MX-TAB','TAB',NULL,NULL,NULL,NULL,'TABASCO',79,'MX'),('MX-TAM','TAM',NULL,NULL,NULL,NULL,'TAMAULIPAS',79,'MX'),('MX-TLA','TLA',NULL,NULL,NULL,NULL,'TLAXCALA',79,'MX'),('MX-VER','VER',NULL,NULL,NULL,NULL,'VERACRUZ',79,'MX'),('MX-YUC','YUC',NULL,NULL,NULL,NULL,'YUCATN',79,'MX'),('MX-ZAC','ZAC',NULL,NULL,NULL,NULL,'ZACATECAS',79,'MX'),('US-AK','AK',NULL,NULL,NULL,NULL,'ALASKA',79,'US'),('US-AL','AL',NULL,NULL,NULL,NULL,'ALABAMA',79,'US'),('US-AR','AR',NULL,NULL,NULL,NULL,'ARKANSAS',79,'US'),('US-AS','AS',NULL,NULL,NULL,NULL,'AMERICAN SAMOA',57,'US'),('US-AZ','AZ',NULL,NULL,NULL,NULL,'ARIZONA',79,'US'),('US-CA','CA',NULL,NULL,NULL,NULL,'CALIFORNIA',79,'US'),('US-CO','CO',NULL,NULL,NULL,NULL,'COLORADO',79,'US'),('US-CT','CT',NULL,NULL,NULL,NULL,'CONNECTICUT',79,'US'),('US-DC','DC',NULL,NULL,NULL,NULL,'DISTRICT OF COLUMBIA',31,'US'),('US-DE','DE',NULL,NULL,NULL,NULL,'DELAWARE',79,'US'),('US-FL','FL',NULL,NULL,NULL,NULL,'FLORIDA',79,'US'),('US-GA','GA',NULL,NULL,NULL,NULL,'GEORGIA',79,'US'),('US-GU','GU',NULL,NULL,NULL,NULL,'GUAM',57,'US'),('US-HI','HI',NULL,NULL,NULL,NULL,'HAWAII',79,'US'),('US-IA','IA',NULL,NULL,NULL,NULL,'IOWA',79,'US'),('US-ID','ID',NULL,NULL,NULL,NULL,'IDAHO',79,'US'),('US-IL','IL',NULL,NULL,NULL,NULL,'ILLINOIS',79,'US'),('US-IN','IN',NULL,NULL,NULL,NULL,'INDIANA',79,'US'),('US-KS','KS',NULL,NULL,NULL,NULL,'KANSAS',79,'US'),('US-KY','KY',NULL,NULL,NULL,NULL,'KENTUCKY',79,'US'),('US-LA','LA',NULL,NULL,NULL,NULL,'LOUISIANA',79,'US'),('US-MA','MA',NULL,NULL,NULL,NULL,'MASSACHUSETTS',79,'US'),('US-MD','MD',NULL,NULL,NULL,NULL,'MARYLAND',79,'US'),('US-ME','ME',NULL,NULL,NULL,NULL,'MAINE',79,'US'),('US-MI','MI',NULL,NULL,NULL,NULL,'MICHIGAN',79,'US'),('US-MN','MN',NULL,NULL,NULL,NULL,'MINNESOTA',79,'US'),('US-MO','MO',NULL,NULL,NULL,NULL,'MISSOURI',79,'US'),('US-MP','MP',NULL,NULL,NULL,NULL,'NORTHERN MARIANA ISLANDS',57,'US'),('US-MS','MS',NULL,NULL,NULL,NULL,'MISSISSIPPI',79,'US'),('US-MT','MT',NULL,NULL,NULL,NULL,'MONTANA',79,'US'),('US-NC','NC',NULL,NULL,NULL,NULL,'NORTH CAROLINA',79,'US'),('US-ND','ND',NULL,NULL,NULL,NULL,'NORTH DAKOTA',79,'US'),('US-NE','NE',NULL,NULL,NULL,NULL,'NEBRASKA',79,'US'),('US-NH','NH',NULL,NULL,NULL,NULL,'NEW HAMPSHIRE',79,'US'),('US-NJ','NJ',NULL,NULL,NULL,NULL,'NEW JERSEY',79,'US'),('US-NM','NM',NULL,NULL,NULL,NULL,'NEW MEXICO',79,'US'),('US-NV','NV',NULL,NULL,NULL,NULL,'NEVADA',79,'US'),('US-NY','NY',NULL,NULL,NULL,NULL,'NEW YORK',79,'US'),('US-OH','OH',NULL,NULL,NULL,NULL,'OHIO',79,'US'),('US-OK','OK',NULL,NULL,NULL,NULL,'OKLAHOMA',79,'US'),('US-OR','OR',NULL,NULL,NULL,NULL,'OREGON',79,'US'),('US-PA','PA',NULL,NULL,NULL,NULL,'PENNSYLVANIA',79,'US'),('US-PR','PR',NULL,NULL,NULL,NULL,'PUERTO RICO',57,'US'),('US-RI','RI',NULL,NULL,NULL,NULL,'RHODE ISLAND',79,'US'),('US-SC','SC',NULL,NULL,NULL,NULL,'SOUTH CAROLINA',79,'US'),('US-SD','SD',NULL,NULL,NULL,NULL,'SOUTH DAKOTA',79,'US'),('US-TN','TN',NULL,NULL,NULL,NULL,'TENNESSEE',79,'US'),('US-TX','TX',NULL,NULL,NULL,NULL,'TEXAS',79,'US'),('US-UM','UM',NULL,NULL,NULL,NULL,'UNITED STATES MINOR OUTLYING ISLANDS',57,'US'),('US-UT','UT',NULL,NULL,NULL,NULL,'UTAH',79,'US'),('US-VA','VA',NULL,NULL,NULL,NULL,'VIRGINIA',79,'US'),('US-VI','VI',NULL,NULL,NULL,NULL,'VIRGIN ISLANDS',57,'US'),('US-VT','VT',NULL,NULL,NULL,NULL,'VERMONT',79,'US'),('US-WA','WA',NULL,NULL,NULL,NULL,'WASHINGTON',79,'US'),('US-WI','WI',NULL,NULL,NULL,NULL,'WISCONSIN',79,'US'),('US-WV','WV',NULL,NULL,NULL,NULL,'WEST VIRGINIA',79,'US'),('US-WY','WY',NULL,NULL,NULL,NULL,'WYOMING',79,'US');
/*!40000 ALTER TABLE `BLC_COUNTRY_SUB` ENABLE KEYS */;
UNLOCK TABLES;

--
-- Table structure for table `BLC_COUNTRY_SUB_CAT`
--

DROP TABLE IF EXISTS `BLC_COUNTRY_SUB_CAT`;
/*!40101 SET @saved_cs_client     = @@character_set_client */;
/*!40101 SET character_set_client = utf8 */;
CREATE TABLE `BLC_COUNTRY_SUB_CAT` (
  `COUNTRY_SUB_CAT_ID` bigint(20) NOT NULL,
  `CREATED_BY` bigint(20) DEFAULT NULL,
  `DATE_CREATED` datetime DEFAULT NULL,
  `DATE_UPDATED` datetime DEFAULT NULL,
  `UPDATED_BY` bigint(20) DEFAULT NULL,
  `NAME` varchar(255) NOT NULL,
  PRIMARY KEY (`COUNTRY_SUB_CAT_ID`)
) ENGINE=InnoDB DEFAULT CHARSET=latin1;
/*!40101 SET character_set_client = @saved_cs_client */;

--
-- Dumping data for table `BLC_COUNTRY_SUB_CAT`
--

LOCK TABLES `BLC_COUNTRY_SUB_CAT` WRITE;
/*!40000 ALTER TABLE `BLC_COUNTRY_SUB_CAT` DISABLE KEYS */;
INSERT INTO `BLC_COUNTRY_SUB_CAT` VALUES (1,NULL,NULL,NULL,NULL,'Administration'),(2,NULL,NULL,NULL,NULL,'Administrative Atoll'),(3,NULL,NULL,NULL,NULL,'Administrative Region'),(4,NULL,NULL,NULL,NULL,'Area'),(5,NULL,NULL,NULL,NULL,'Autonomous City'),(6,NULL,NULL,NULL,NULL,'Autonomous Community'),(7,NULL,NULL,NULL,NULL,'Autonomous District'),(8,NULL,NULL,NULL,NULL,'Autonomous Municipality'),(9,NULL,NULL,NULL,NULL,'Autonomous Province'),(10,NULL,NULL,NULL,NULL,'Autonomous Region'),(11,NULL,NULL,NULL,NULL,'Autonomous Republic'),(12,NULL,NULL,NULL,NULL,'Autonomous Sector'),(13,NULL,NULL,NULL,NULL,'Autonomous Territorial Unit'),(14,NULL,NULL,NULL,NULL,'Borough'),(15,NULL,NULL,NULL,NULL,'Canton'),(16,NULL,NULL,NULL,NULL,'Capital'),(17,NULL,NULL,NULL,NULL,'Capital City'),(18,NULL,NULL,NULL,NULL,'Capital District'),(19,NULL,NULL,NULL,NULL,'Capital Metropolitan City'),(20,NULL,NULL,NULL,NULL,'City'),(21,NULL,NULL,NULL,NULL,'City of County Right'),(22,NULL,NULL,NULL,NULL,'Commune'),(23,NULL,NULL,NULL,NULL,'Constitutional Province'),(24,NULL,NULL,NULL,NULL,'Corporation'),(25,NULL,NULL,NULL,NULL,'Council Area'),(26,NULL,NULL,NULL,NULL,'Country'),(27,NULL,NULL,NULL,NULL,'County'),(28,NULL,NULL,NULL,NULL,'Department'),(29,NULL,NULL,NULL,NULL,'Dependency'),(30,NULL,NULL,NULL,NULL,'Development Region'),(31,NULL,NULL,NULL,NULL,'District'),(32,NULL,NULL,NULL,NULL,'District With Special Status'),(33,NULL,NULL,NULL,NULL,'Division'),(34,NULL,NULL,NULL,NULL,'Economic Prefecture'),(35,NULL,NULL,NULL,NULL,'Emirate'),(36,NULL,NULL,NULL,NULL,'Entity'),(37,NULL,NULL,NULL,NULL,'Federal Capital Territory'),(38,NULL,NULL,NULL,NULL,'Federal Dependency'),(39,NULL,NULL,NULL,NULL,'Federal District'),(40,NULL,NULL,NULL,NULL,'Federal Land'),(41,NULL,NULL,NULL,NULL,'Federal Territory'),(42,NULL,NULL,NULL,NULL,'Federated States'),(43,NULL,NULL,NULL,NULL,'Geographical Entity'),(44,NULL,NULL,NULL,NULL,'Geographical Regions'),(45,NULL,NULL,NULL,NULL,'Governorate'),(46,NULL,NULL,NULL,NULL,'Indigenous Region'),(47,NULL,NULL,NULL,NULL,'Island'),(48,NULL,NULL,NULL,NULL,'Island Council'),(49,NULL,NULL,NULL,NULL,'Local Council'),(50,NULL,NULL,NULL,NULL,'Metropolitan Administration'),(51,NULL,NULL,NULL,NULL,'Metropolitan City'),(52,NULL,NULL,NULL,NULL,'Metropolitan Department'),(53,NULL,NULL,NULL,NULL,'Metropolitan Region'),(54,NULL,NULL,NULL,NULL,'Municipality'),(55,NULL,NULL,NULL,NULL,'Oblast'),(56,NULL,NULL,NULL,NULL,'Outlying Area'),(57,NULL,NULL,NULL,NULL,'Outlying Territory'),(58,NULL,NULL,NULL,NULL,'Overseas Region'),(59,NULL,NULL,NULL,NULL,'Overseas Territorial Collectivity'),(60,NULL,NULL,NULL,NULL,'Parish'),(61,NULL,NULL,NULL,NULL,'Popularate'),(62,NULL,NULL,NULL,NULL,'Prefecture'),(63,NULL,NULL,NULL,NULL,'Province'),(64,NULL,NULL,NULL,NULL,'Quarter'),(65,NULL,NULL,NULL,NULL,'Rayon'),(66,NULL,NULL,NULL,NULL,'Region'),(67,NULL,NULL,NULL,NULL,'Regional Council'),(68,NULL,NULL,NULL,NULL,'Republic'),(69,NULL,NULL,NULL,NULL,'Republican City'),(70,NULL,NULL,NULL,NULL,'Self-governed Part'),(71,NULL,NULL,NULL,NULL,'Special Administrative City'),(72,NULL,NULL,NULL,NULL,'Special Administrative Region'),(73,NULL,NULL,NULL,NULL,'Special City'),(74,NULL,NULL,NULL,NULL,'Special District'),(75,NULL,NULL,NULL,NULL,'Special Island Authority'),(76,NULL,NULL,NULL,NULL,'Special Municipality'),(77,NULL,NULL,NULL,NULL,'Special Region'),(78,NULL,NULL,NULL,NULL,'Special Zone'),(79,NULL,NULL,NULL,NULL,'State'),(80,NULL,NULL,NULL,NULL,'Territorial Unit'),(81,NULL,NULL,NULL,NULL,'Territory'),(82,NULL,NULL,NULL,NULL,'Town Council'),(83,NULL,NULL,NULL,NULL,'Union Territory'),(84,NULL,NULL,NULL,NULL,'Unitary Authority'),(85,NULL,NULL,NULL,NULL,'Urban Community'),(86,NULL,NULL,NULL,NULL,'Zone');
/*!40000 ALTER TABLE `BLC_COUNTRY_SUB_CAT` ENABLE KEYS */;
UNLOCK TABLES;

--
-- Table structure for table `BLC_CREDIT_CARD_PAYMENT`
--

DROP TABLE IF EXISTS `BLC_CREDIT_CARD_PAYMENT`;
/*!40101 SET @saved_cs_client     = @@character_set_client */;
/*!40101 SET character_set_client = utf8 */;
CREATE TABLE `BLC_CREDIT_CARD_PAYMENT` (
  `PAYMENT_ID` bigint(20) NOT NULL,
  `EXPIRATION_MONTH` int(11) NOT NULL,
  `EXPIRATION_YEAR` int(11) NOT NULL,
  `NAME_ON_CARD` varchar(255) NOT NULL,
  `PAN` varchar(255) NOT NULL,
  `REFERENCE_NUMBER` varchar(255) NOT NULL,
  PRIMARY KEY (`PAYMENT_ID`),
  KEY `CREDITCARD_INDEX` (`REFERENCE_NUMBER`)
) ENGINE=InnoDB DEFAULT CHARSET=latin1;
/*!40101 SET character_set_client = @saved_cs_client */;

--
-- Dumping data for table `BLC_CREDIT_CARD_PAYMENT`
--

LOCK TABLES `BLC_CREDIT_CARD_PAYMENT` WRITE;
/*!40000 ALTER TABLE `BLC_CREDIT_CARD_PAYMENT` DISABLE KEYS */;
/*!40000 ALTER TABLE `BLC_CREDIT_CARD_PAYMENT` ENABLE KEYS */;
UNLOCK TABLES;

--
-- Table structure for table `BLC_CURRENCY`
--

DROP TABLE IF EXISTS `BLC_CURRENCY`;
/*!40101 SET @saved_cs_client     = @@character_set_client */;
/*!40101 SET character_set_client = utf8 */;
CREATE TABLE `BLC_CURRENCY` (
  `CURRENCY_CODE` varchar(255) NOT NULL,
  `CREATED_BY` bigint(20) DEFAULT NULL,
  `DATE_CREATED` datetime DEFAULT NULL,
  `DATE_UPDATED` datetime DEFAULT NULL,
  `UPDATED_BY` bigint(20) DEFAULT NULL,
  `DEFAULT_FLAG` bit(1) DEFAULT NULL,
  `FRIENDLY_NAME` varchar(255) DEFAULT NULL,
  PRIMARY KEY (`CURRENCY_CODE`)
) ENGINE=InnoDB DEFAULT CHARSET=latin1;
/*!40101 SET character_set_client = @saved_cs_client */;

--
-- Dumping data for table `BLC_CURRENCY`
--

LOCK TABLES `BLC_CURRENCY` WRITE;
/*!40000 ALTER TABLE `BLC_CURRENCY` DISABLE KEYS */;
INSERT INTO `BLC_CURRENCY` VALUES ('EUR',NULL,NULL,NULL,NULL,_binary '\0','EURO Dollar'),('GBP',NULL,NULL,NULL,NULL,_binary '\0','GB Pound'),('MXN',NULL,NULL,NULL,NULL,_binary '\0','Mexican Peso'),('USD',NULL,NULL,NULL,NULL,_binary '','US Dollar');
/*!40000 ALTER TABLE `BLC_CURRENCY` ENABLE KEYS */;
UNLOCK TABLES;

--
-- Table structure for table `BLC_CUSTOMER`
--

DROP TABLE IF EXISTS `BLC_CUSTOMER`;
/*!40101 SET @saved_cs_client     = @@character_set_client */;
/*!40101 SET character_set_client = utf8 */;
CREATE TABLE `BLC_CUSTOMER` (
  `CUSTOMER_ID` bigint(20) NOT NULL,
  `ARCHIVED` char(1) DEFAULT NULL,
  `CREATED_BY` bigint(20) DEFAULT NULL,
  `DATE_CREATED` datetime DEFAULT NULL,
  `DATE_UPDATED` datetime DEFAULT NULL,
  `UPDATED_BY` bigint(20) DEFAULT NULL,
  `CHALLENGE_ANSWER` varchar(255) DEFAULT NULL,
  `DEACTIVATED` bit(1) DEFAULT NULL,
  `EMAIL_ADDRESS` varchar(255) DEFAULT NULL,
  `EXTERNAL_ID` varchar(255) DEFAULT NULL,
  `FIRST_NAME` varchar(255) DEFAULT NULL,
  `IS_TAX_EXEMPT` bit(1) DEFAULT NULL,
  `LAST_NAME` varchar(255) DEFAULT NULL,
  `PASSWORD` varchar(255) DEFAULT NULL,
  `PASSWORD_CHANGE_REQUIRED` bit(1) DEFAULT NULL,
  `IS_PREVIEW` bit(1) DEFAULT NULL,
  `RECEIVE_EMAIL` bit(1) DEFAULT NULL,
  `IS_REGISTERED` bit(1) DEFAULT NULL,
  `TAX_EXEMPTION_CODE` varchar(255) DEFAULT NULL,
  `USER_NAME` varchar(255) DEFAULT NULL,
  `CHALLENGE_QUESTION_ID` bigint(20) DEFAULT NULL,
  `LOCALE_CODE` varchar(255) DEFAULT NULL,
  PRIMARY KEY (`CUSTOMER_ID`),
  KEY `CUSTOMER_CHALLENGE_INDEX` (`CHALLENGE_QUESTION_ID`),
  KEY `CUSTOMER_EMAIL_INDEX` (`EMAIL_ADDRESS`),
  KEY `FK4utjhbg9600iwhb05m40wspj1` (`LOCALE_CODE`),
  CONSTRAINT `FK4utjhbg9600iwhb05m40wspj1` FOREIGN KEY (`LOCALE_CODE`) REFERENCES `BLC_LOCALE` (`LOCALE_CODE`),
  CONSTRAINT `FKsgsex6rdheq2nm6pl23gggtqs` FOREIGN KEY (`CHALLENGE_QUESTION_ID`) REFERENCES `BLC_CHALLENGE_QUESTION` (`QUESTION_ID`)
) ENGINE=InnoDB DEFAULT CHARSET=latin1;
/*!40101 SET character_set_client = @saved_cs_client */;

--
-- Dumping data for table `BLC_CUSTOMER`
--

LOCK TABLES `BLC_CUSTOMER` WRITE;
/*!40000 ALTER TABLE `BLC_CUSTOMER` DISABLE KEYS */;
INSERT INTO `BLC_CUSTOMER` VALUES (100,'N',100,'2021-11-07 16:41:29','2021-11-07 16:41:29',100,NULL,_binary '\0','1@example.com',NULL,'1',_binary '\0','qq','temp123',_binary '\0',NULL,_binary '\0',_binary '',NULL,'1@example.com',NULL,NULL),(101,'N',101,'2021-11-07 16:41:30','2021-11-07 16:41:30',101,NULL,_binary '\0','2@example.com',NULL,'2',_binary '\0','qq','temp123',_binary '\0',NULL,_binary '\0',_binary '',NULL,'2@example.com',NULL,NULL),(102,'N',102,'2021-11-07 16:41:30','2021-11-07 16:41:30',102,NULL,_binary '\0','3@example.com',NULL,'3',_binary '\0','qq','temp123',_binary '\0',NULL,_binary '\0',_binary '',NULL,'3@example.com',NULL,NULL),(103,'N',103,'2021-11-07 16:41:30','2021-11-07 16:41:30',103,NULL,_binary '\0','4@example.com',NULL,'4',_binary '\0','qq','temp123',_binary '\0',NULL,_binary '\0',_binary '',NULL,'4@example.com',NULL,NULL),(104,'N',104,'2021-11-07 16:41:31','2021-11-07 16:41:31',104,NULL,_binary '\0','5@example.com',NULL,'5',_binary '\0','qq','temp123',_binary '\0',NULL,_binary '\0',_binary '',NULL,'5@example.com',NULL,NULL),(105,'N',105,'2021-11-07 16:41:31','2021-11-07 16:41:31',105,NULL,_binary '\0','6@example.com',NULL,'6',_binary '\0','qq','temp123',_binary '\0',NULL,_binary '\0',_binary '',NULL,'6@example.com',NULL,NULL),(106,'N',106,'2021-11-07 16:41:31','2021-11-07 16:41:31',106,NULL,_binary '\0','7@example.com',NULL,'7',_binary '\0','qq','temp123',_binary '\0',NULL,_binary '\0',_binary '',NULL,'7@example.com',NULL,NULL),(107,'N',107,'2021-11-07 16:41:31','2021-11-07 16:41:31',107,NULL,_binary '\0','8@example.com',NULL,'8',_binary '\0','qq','temp123',_binary '\0',NULL,_binary '\0',_binary '',NULL,'8@example.com',NULL,NULL),(108,'N',108,'2021-11-07 16:41:31','2021-11-07 16:41:31',108,NULL,_binary '\0','9@example.com',NULL,'9',_binary '\0','qq','temp123',_binary '\0',NULL,_binary '\0',_binary '',NULL,'9@example.com',NULL,NULL),(109,'N',109,'2021-11-07 16:41:32','2021-11-07 16:41:32',109,NULL,_binary '\0','10@example.com',NULL,'10',_binary '\0','qq','temp123',_binary '\0',NULL,_binary '\0',_binary '',NULL,'10@example.com',NULL,NULL),(110,'N',110,'2021-11-07 16:41:32','2021-11-07 16:41:32',110,NULL,_binary '\0','11@example.com',NULL,'11',_binary '\0','qq','temp123',_binary '\0',NULL,_binary '\0',_binary '',NULL,'11@example.com',NULL,NULL),(111,'N',111,'2021-11-07 16:41:32','2021-11-07 16:41:32',111,NULL,_binary '\0','12@example.com',NULL,'12',_binary '\0','qq','temp123',_binary '\0',NULL,_binary '\0',_binary '',NULL,'12@example.com',NULL,NULL),(112,'N',112,'2021-11-07 16:41:32','2021-11-07 16:41:32',112,NULL,_binary '\0','13@example.com',NULL,'13',_binary '\0','qq','temp123',_binary '\0',NULL,_binary '\0',_binary '',NULL,'13@example.com',NULL,NULL),(113,'N',113,'2021-11-07 16:41:32','2021-11-07 16:41:32',113,NULL,_binary '\0','14@example.com',NULL,'14',_binary '\0','qq','temp123',_binary '\0',NULL,_binary '\0',_binary '',NULL,'14@example.com',NULL,NULL),(114,'N',114,'2021-11-07 16:41:33','2021-11-07 16:41:33',114,NULL,_binary '\0','15@example.com',NULL,'15',_binary '\0','qq','temp123',_binary '\0',NULL,_binary '\0',_binary '',NULL,'15@example.com',NULL,NULL),(115,'N',115,'2021-11-07 16:41:33','2021-11-07 16:41:33',115,NULL,_binary '\0','16@example.com',NULL,'16',_binary '\0','qq','temp123',_binary '\0',NULL,_binary '\0',_binary '',NULL,'16@example.com',NULL,NULL),(116,'N',116,'2021-11-07 16:41:33','2021-11-07 16:41:33',116,NULL,_binary '\0','17@example.com',NULL,'17',_binary '\0','qq','temp123',_binary '\0',NULL,_binary '\0',_binary '',NULL,'17@example.com',NULL,NULL),(117,'N',117,'2021-11-07 16:41:33','2021-11-07 16:41:33',117,NULL,_binary '\0','18@example.com',NULL,'18',_binary '\0','qq','temp123',_binary '\0',NULL,_binary '\0',_binary '',NULL,'18@example.com',NULL,NULL),(118,'N',118,'2021-11-07 16:41:33','2021-11-07 16:41:33',118,NULL,_binary '\0','19@example.com',NULL,'19',_binary '\0','qq','temp123',_binary '\0',NULL,_binary '\0',_binary '',NULL,'19@example.com',NULL,NULL),(119,'N',119,'2021-11-07 16:41:33','2021-11-07 16:41:33',119,NULL,_binary '\0','20@example.com',NULL,'20',_binary '\0','qq','temp123',_binary '\0',NULL,_binary '\0',_binary '',NULL,'20@example.com',NULL,NULL),(120,'N',120,'2021-11-07 16:41:34','2021-11-07 16:41:34',120,NULL,_binary '\0','21@example.com',NULL,'21',_binary '\0','qq','temp123',_binary '\0',NULL,_binary '\0',_binary '',NULL,'21@example.com',NULL,NULL),(121,'N',121,'2021-11-07 16:41:34','2021-11-07 16:41:34',121,NULL,_binary '\0','22@example.com',NULL,'22',_binary '\0','qq','temp123',_binary '\0',NULL,_binary '\0',_binary '',NULL,'22@example.com',NULL,NULL),(122,'N',122,'2021-11-07 16:41:34','2021-11-07 16:41:34',122,NULL,_binary '\0','23@example.com',NULL,'23',_binary '\0','qq','temp123',_binary '\0',NULL,_binary '\0',_binary '',NULL,'23@example.com',NULL,NULL),(123,'N',123,'2021-11-07 16:41:34','2021-11-07 16:41:34',123,NULL,_binary '\0','24@example.com',NULL,'24',_binary '\0','qq','temp123',_binary '\0',NULL,_binary '\0',_binary '',NULL,'24@example.com',NULL,NULL),(124,'N',124,'2021-11-07 16:41:34','2021-11-07 16:41:34',124,NULL,_binary '\0','25@example.com',NULL,'25',_binary '\0','qq','temp123',_binary '\0',NULL,_binary '\0',_binary '',NULL,'25@example.com',NULL,NULL),(125,'N',125,'2021-11-07 16:41:34','2021-11-07 16:41:34',125,NULL,_binary '\0','26@example.com',NULL,'26',_binary '\0','qq','temp123',_binary '\0',NULL,_binary '\0',_binary '',NULL,'26@example.com',NULL,NULL),(126,'N',126,'2021-11-07 16:41:35','2021-11-07 16:41:35',126,NULL,_binary '\0','27@example.com',NULL,'27',_binary '\0','qq','temp123',_binary '\0',NULL,_binary '\0',_binary '',NULL,'27@example.com',NULL,NULL),(127,'N',127,'2021-11-07 16:41:35','2021-11-07 16:41:35',127,NULL,_binary '\0','28@example.com',NULL,'28',_binary '\0','qq','temp123',_binary '\0',NULL,_binary '\0',_binary '',NULL,'28@example.com',NULL,NULL),(128,'N',128,'2021-11-07 16:41:35','2021-11-07 16:41:35',128,NULL,_binary '\0','29@example.com',NULL,'29',_binary '\0','qq','temp123',_binary '\0',NULL,_binary '\0',_binary '',NULL,'29@example.com',NULL,NULL),(129,'N',129,'2021-11-07 16:41:35','2021-11-07 16:41:35',129,NULL,_binary '\0','30@example.com',NULL,'30',_binary '\0','qq','temp123',_binary '\0',NULL,_binary '\0',_binary '',NULL,'30@example.com',NULL,NULL),(130,'N',130,'2021-11-07 16:41:35','2021-11-07 16:41:35',130,NULL,_binary '\0','31@example.com',NULL,'31',_binary '\0','qq','temp123',_binary '\0',NULL,_binary '\0',_binary '',NULL,'31@example.com',NULL,NULL),(131,'N',131,'2021-11-07 16:41:35','2021-11-07 16:41:35',131,NULL,_binary '\0','32@example.com',NULL,'32',_binary '\0','qq','temp123',_binary '\0',NULL,_binary '\0',_binary '',NULL,'32@example.com',NULL,NULL),(132,'N',132,'2021-11-07 16:41:36','2021-11-07 16:41:36',132,NULL,_binary '\0','33@example.com',NULL,'33',_binary '\0','qq','temp123',_binary '\0',NULL,_binary '\0',_binary '',NULL,'33@example.com',NULL,NULL),(133,'N',133,'2021-11-07 16:41:36','2021-11-07 16:41:36',133,NULL,_binary '\0','34@example.com',NULL,'34',_binary '\0','qq','temp123',_binary '\0',NULL,_binary '\0',_binary '',NULL,'34@example.com',NULL,NULL),(134,'N',134,'2021-11-07 16:41:36','2021-11-07 16:41:36',134,NULL,_binary '\0','35@example.com',NULL,'35',_binary '\0','qq','temp123',_binary '\0',NULL,_binary '\0',_binary '',NULL,'35@example.com',NULL,NULL),(135,'N',135,'2021-11-07 16:41:36','2021-11-07 16:41:36',135,NULL,_binary '\0','36@example.com',NULL,'36',_binary '\0','qq','temp123',_binary '\0',NULL,_binary '\0',_binary '',NULL,'36@example.com',NULL,NULL),(136,'N',136,'2021-11-07 16:41:36','2021-11-07 16:41:36',136,NULL,_binary '\0','37@example.com',NULL,'37',_binary '\0','qq','temp123',_binary '\0',NULL,_binary '\0',_binary '',NULL,'37@example.com',NULL,NULL),(137,'N',137,'2021-11-07 16:41:36','2021-11-07 16:41:36',137,NULL,_binary '\0','38@example.com',NULL,'38',_binary '\0','qq','temp123',_binary '\0',NULL,_binary '\0',_binary '',NULL,'38@example.com',NULL,NULL),(138,'N',138,'2021-11-07 16:41:36','2021-11-07 16:41:36',138,NULL,_binary '\0','39@example.com',NULL,'39',_binary '\0','qq','temp123',_binary '\0',NULL,_binary '\0',_binary '',NULL,'39@example.com',NULL,NULL),(139,'N',139,'2021-11-07 16:41:37','2021-11-07 16:41:37',139,NULL,_binary '\0','40@example.com',NULL,'40',_binary '\0','qq','temp123',_binary '\0',NULL,_binary '\0',_binary '',NULL,'40@example.com',NULL,NULL),(140,'N',140,'2021-11-07 16:41:37','2021-11-07 16:41:37',140,NULL,_binary '\0','41@example.com',NULL,'41',_binary '\0','qq','temp123',_binary '\0',NULL,_binary '\0',_binary '',NULL,'41@example.com',NULL,NULL),(141,'N',141,'2021-11-07 16:41:37','2021-11-07 16:41:37',141,NULL,_binary '\0','42@example.com',NULL,'42',_binary '\0','qq','temp123',_binary '\0',NULL,_binary '\0',_binary '',NULL,'42@example.com',NULL,NULL),(142,'N',142,'2021-11-07 16:41:37','2021-11-07 16:41:37',142,NULL,_binary '\0','43@example.com',NULL,'43',_binary '\0','qq','temp123',_binary '\0',NULL,_binary '\0',_binary '',NULL,'43@example.com',NULL,NULL),(143,'N',143,'2021-11-07 16:41:37','2021-11-07 16:41:37',143,NULL,_binary '\0','44@example.com',NULL,'44',_binary '\0','qq','temp123',_binary '\0',NULL,_binary '\0',_binary '',NULL,'44@example.com',NULL,NULL),(144,'N',144,'2021-11-07 16:41:37','2021-11-07 16:41:37',144,NULL,_binary '\0','45@example.com',NULL,'45',_binary '\0','qq','temp123',_binary '\0',NULL,_binary '\0',_binary '',NULL,'45@example.com',NULL,NULL),(145,'N',145,'2021-11-07 16:41:37','2021-11-07 16:41:37',145,NULL,_binary '\0','46@example.com',NULL,'46',_binary '\0','qq','temp123',_binary '\0',NULL,_binary '\0',_binary '',NULL,'46@example.com',NULL,NULL),(146,'N',146,'2021-11-07 16:41:38','2021-11-07 16:41:38',146,NULL,_binary '\0','47@example.com',NULL,'47',_binary '\0','qq','temp123',_binary '\0',NULL,_binary '\0',_binary '',NULL,'47@example.com',NULL,NULL),(147,'N',147,'2021-11-07 16:41:38','2021-11-07 16:41:38',147,NULL,_binary '\0','48@example.com',NULL,'48',_binary '\0','qq','temp123',_binary '\0',NULL,_binary '\0',_binary '',NULL,'48@example.com',NULL,NULL),(148,'N',148,'2021-11-07 16:41:38','2021-11-07 16:41:38',148,NULL,_binary '\0','49@example.com',NULL,'49',_binary '\0','qq','temp123',_binary '\0',NULL,_binary '\0',_binary '',NULL,'49@example.com',NULL,NULL),(149,'N',149,'2021-11-07 16:41:38','2021-11-07 16:41:38',149,NULL,_binary '\0','50@example.com',NULL,'50',_binary '\0','qq','temp123',_binary '\0',NULL,_binary '\0',_binary '',NULL,'50@example.com',NULL,NULL),(150,'N',150,'2021-11-07 16:41:38','2021-11-07 16:41:38',150,NULL,_binary '\0','51@example.com',NULL,'51',_binary '\0','qq','temp123',_binary '\0',NULL,_binary '\0',_binary '',NULL,'51@example.com',NULL,NULL),(151,'N',151,'2021-11-07 16:41:38','2021-11-07 16:41:38',151,NULL,_binary '\0','52@example.com',NULL,'52',_binary '\0','qq','temp123',_binary '\0',NULL,_binary '\0',_binary '',NULL,'52@example.com',NULL,NULL),(152,'N',152,'2021-11-07 16:41:39','2021-11-07 16:41:39',152,NULL,_binary '\0','53@example.com',NULL,'53',_binary '\0','qq','temp123',_binary '\0',NULL,_binary '\0',_binary '',NULL,'53@example.com',NULL,NULL),(153,'N',153,'2021-11-07 16:41:39','2021-11-07 16:41:39',153,NULL,_binary '\0','54@example.com',NULL,'54',_binary '\0','qq','temp123',_binary '\0',NULL,_binary '\0',_binary '',NULL,'54@example.com',NULL,NULL),(154,'N',154,'2021-11-07 16:41:39','2021-11-07 16:41:39',154,NULL,_binary '\0','55@example.com',NULL,'55',_binary '\0','qq','temp123',_binary '\0',NULL,_binary '\0',_binary '',NULL,'55@example.com',NULL,NULL),(155,'N',155,'2021-11-07 16:41:39','2021-11-07 16:41:39',155,NULL,_binary '\0','56@example.com',NULL,'56',_binary '\0','qq','temp123',_binary '\0',NULL,_binary '\0',_binary '',NULL,'56@example.com',NULL,NULL),(156,'N',156,'2021-11-07 16:41:39','2021-11-07 16:41:39',156,NULL,_binary '\0','57@example.com',NULL,'57',_binary '\0','qq','temp123',_binary '\0',NULL,_binary '\0',_binary '',NULL,'57@example.com',NULL,NULL),(157,'N',157,'2021-11-07 16:41:39','2021-11-07 16:41:39',157,NULL,_binary '\0','58@example.com',NULL,'58',_binary '\0','qq','temp123',_binary '\0',NULL,_binary '\0',_binary '',NULL,'58@example.com',NULL,NULL),(158,'N',158,'2021-11-07 16:41:39','2021-11-07 16:41:39',158,NULL,_binary '\0','59@example.com',NULL,'59',_binary '\0','qq','temp123',_binary '\0',NULL,_binary '\0',_binary '',NULL,'59@example.com',NULL,NULL),(159,'N',159,'2021-11-07 16:41:40','2021-11-07 16:41:40',159,NULL,_binary '\0','60@example.com',NULL,'60',_binary '\0','qq','temp123',_binary '\0',NULL,_binary '\0',_binary '',NULL,'60@example.com',NULL,NULL),(160,'N',160,'2021-11-07 16:41:40','2021-11-07 16:41:40',160,NULL,_binary '\0','61@example.com',NULL,'61',_binary '\0','qq','temp123',_binary '\0',NULL,_binary '\0',_binary '',NULL,'61@example.com',NULL,NULL),(161,'N',161,'2021-11-07 16:41:40','2021-11-07 16:41:40',161,NULL,_binary '\0','62@example.com',NULL,'62',_binary '\0','qq','temp123',_binary '\0',NULL,_binary '\0',_binary '',NULL,'62@example.com',NULL,NULL),(162,'N',162,'2021-11-07 16:41:40','2021-11-07 16:41:40',162,NULL,_binary '\0','63@example.com',NULL,'63',_binary '\0','qq','temp123',_binary '\0',NULL,_binary '\0',_binary '',NULL,'63@example.com',NULL,NULL),(163,'N',163,'2021-11-07 16:41:40','2021-11-07 16:41:40',163,NULL,_binary '\0','64@example.com',NULL,'64',_binary '\0','qq','temp123',_binary '\0',NULL,_binary '\0',_binary '',NULL,'64@example.com',NULL,NULL),(164,'N',164,'2021-11-07 16:41:40','2021-11-07 16:41:40',164,NULL,_binary '\0','65@example.com',NULL,'65',_binary '\0','qq','temp123',_binary '\0',NULL,_binary '\0',_binary '',NULL,'65@example.com',NULL,NULL),(165,'N',165,'2021-11-07 16:41:41','2021-11-07 16:41:41',165,NULL,_binary '\0','66@example.com',NULL,'66',_binary '\0','qq','temp123',_binary '\0',NULL,_binary '\0',_binary '',NULL,'66@example.com',NULL,NULL),(166,'N',166,'2021-11-07 16:41:41','2021-11-07 16:41:41',166,NULL,_binary '\0','67@example.com',NULL,'67',_binary '\0','qq','temp123',_binary '\0',NULL,_binary '\0',_binary '',NULL,'67@example.com',NULL,NULL),(167,'N',167,'2021-11-07 16:41:41','2021-11-07 16:41:41',167,NULL,_binary '\0','68@example.com',NULL,'68',_binary '\0','qq','temp123',_binary '\0',NULL,_binary '\0',_binary '',NULL,'68@example.com',NULL,NULL),(168,'N',168,'2021-11-07 16:41:41','2021-11-07 16:41:41',168,NULL,_binary '\0','69@example.com',NULL,'69',_binary '\0','qq','temp123',_binary '\0',NULL,_binary '\0',_binary '',NULL,'69@example.com',NULL,NULL),(169,'N',169,'2021-11-07 16:41:41','2021-11-07 16:41:41',169,NULL,_binary '\0','70@example.com',NULL,'70',_binary '\0','qq','temp123',_binary '\0',NULL,_binary '\0',_binary '',NULL,'70@example.com',NULL,NULL),(170,'N',170,'2021-11-07 16:41:41','2021-11-07 16:41:41',170,NULL,_binary '\0','71@example.com',NULL,'71',_binary '\0','qq','temp123',_binary '\0',NULL,_binary '\0',_binary '',NULL,'71@example.com',NULL,NULL),(171,'N',171,'2021-11-07 16:41:41','2021-11-07 16:41:41',171,NULL,_binary '\0','72@example.com',NULL,'72',_binary '\0','qq','temp123',_binary '\0',NULL,_binary '\0',_binary '',NULL,'72@example.com',NULL,NULL),(172,'N',172,'2021-11-07 16:41:42','2021-11-07 16:41:42',172,NULL,_binary '\0','73@example.com',NULL,'73',_binary '\0','qq','temp123',_binary '\0',NULL,_binary '\0',_binary '',NULL,'73@example.com',NULL,NULL),(173,'N',173,'2021-11-07 16:41:42','2021-11-07 16:41:42',173,NULL,_binary '\0','74@example.com',NULL,'74',_binary '\0','qq','temp123',_binary '\0',NULL,_binary '\0',_binary '',NULL,'74@example.com',NULL,NULL),(174,'N',174,'2021-11-07 16:41:42','2021-11-07 16:41:42',174,NULL,_binary '\0','75@example.com',NULL,'75',_binary '\0','qq','temp123',_binary '\0',NULL,_binary '\0',_binary '',NULL,'75@example.com',NULL,NULL),(175,'N',175,'2021-11-07 16:41:42','2021-11-07 16:41:42',175,NULL,_binary '\0','76@example.com',NULL,'76',_binary '\0','qq','temp123',_binary '\0',NULL,_binary '\0',_binary '',NULL,'76@example.com',NULL,NULL),(176,'N',176,'2021-11-07 16:41:42','2021-11-07 16:41:42',176,NULL,_binary '\0','77@example.com',NULL,'77',_binary '\0','qq','temp123',_binary '\0',NULL,_binary '\0',_binary '',NULL,'77@example.com',NULL,NULL),(177,'N',177,'2021-11-07 16:41:42','2021-11-07 16:41:42',177,NULL,_binary '\0','78@example.com',NULL,'78',_binary '\0','qq','temp123',_binary '\0',NULL,_binary '\0',_binary '',NULL,'78@example.com',NULL,NULL),(178,'N',178,'2021-11-07 16:41:42','2021-11-07 16:41:42',178,NULL,_binary '\0','79@example.com',NULL,'79',_binary '\0','qq','temp123',_binary '\0',NULL,_binary '\0',_binary '',NULL,'79@example.com',NULL,NULL),(179,'N',179,'2021-11-07 16:41:42','2021-11-07 16:41:42',179,NULL,_binary '\0','80@example.com',NULL,'80',_binary '\0','qq','temp123',_binary '\0',NULL,_binary '\0',_binary '',NULL,'80@example.com',NULL,NULL),(180,'N',180,'2021-11-07 16:41:43','2021-11-07 16:41:43',180,NULL,_binary '\0','81@example.com',NULL,'81',_binary '\0','qq','temp123',_binary '\0',NULL,_binary '\0',_binary '',NULL,'81@example.com',NULL,NULL),(181,'N',181,'2021-11-07 16:41:43','2021-11-07 16:41:43',181,NULL,_binary '\0','82@example.com',NULL,'82',_binary '\0','qq','temp123',_binary '\0',NULL,_binary '\0',_binary '',NULL,'82@example.com',NULL,NULL),(182,'N',182,'2021-11-07 16:41:43','2021-11-07 16:41:43',182,NULL,_binary '\0','83@example.com',NULL,'83',_binary '\0','qq','temp123',_binary '\0',NULL,_binary '\0',_binary '',NULL,'83@example.com',NULL,NULL),(183,'N',183,'2021-11-07 16:41:43','2021-11-07 16:41:43',183,NULL,_binary '\0','84@example.com',NULL,'84',_binary '\0','qq','temp123',_binary '\0',NULL,_binary '\0',_binary '',NULL,'84@example.com',NULL,NULL),(184,'N',184,'2021-11-07 16:41:43','2021-11-07 16:41:43',184,NULL,_binary '\0','85@example.com',NULL,'85',_binary '\0','qq','temp123',_binary '\0',NULL,_binary '\0',_binary '',NULL,'85@example.com',NULL,NULL),(185,'N',185,'2021-11-07 16:41:43','2021-11-07 16:41:43',185,NULL,_binary '\0','86@example.com',NULL,'86',_binary '\0','qq','temp123',_binary '\0',NULL,_binary '\0',_binary '',NULL,'86@example.com',NULL,NULL),(186,'N',186,'2021-11-07 16:41:43','2021-11-07 16:41:43',186,NULL,_binary '\0','87@example.com',NULL,'87',_binary '\0','qq','temp123',_binary '\0',NULL,_binary '\0',_binary '',NULL,'87@example.com',NULL,NULL),(187,'N',187,'2021-11-07 16:41:44','2021-11-07 16:41:44',187,NULL,_binary '\0','88@example.com',NULL,'88',_binary '\0','qq','temp123',_binary '\0',NULL,_binary '\0',_binary '',NULL,'88@example.com',NULL,NULL),(188,'N',188,'2021-11-07 16:41:44','2021-11-07 16:41:44',188,NULL,_binary '\0','89@example.com',NULL,'89',_binary '\0','qq','temp123',_binary '\0',NULL,_binary '\0',_binary '',NULL,'89@example.com',NULL,NULL),(189,'N',189,'2021-11-07 16:41:44','2021-11-07 16:41:44',189,NULL,_binary '\0','90@example.com',NULL,'90',_binary '\0','qq','temp123',_binary '\0',NULL,_binary '\0',_binary '',NULL,'90@example.com',NULL,NULL),(190,'N',190,'2021-11-07 16:41:44','2021-11-07 16:41:44',190,NULL,_binary '\0','91@example.com',NULL,'91',_binary '\0','qq','temp123',_binary '\0',NULL,_binary '\0',_binary '',NULL,'91@example.com',NULL,NULL),(191,'N',191,'2021-11-07 16:41:44','2021-11-07 16:41:44',191,NULL,_binary '\0','92@example.com',NULL,'92',_binary '\0','qq','temp123',_binary '\0',NULL,_binary '\0',_binary '',NULL,'92@example.com',NULL,NULL),(192,'N',192,'2021-11-07 16:41:44','2021-11-07 16:41:44',192,NULL,_binary '\0','93@example.com',NULL,'93',_binary '\0','qq','temp123',_binary '\0',NULL,_binary '\0',_binary '',NULL,'93@example.com',NULL,NULL),(193,'N',193,'2021-11-07 16:41:44','2021-11-07 16:41:44',193,NULL,_binary '\0','94@example.com',NULL,'94',_binary '\0','qq','temp123',_binary '\0',NULL,_binary '\0',_binary '',NULL,'94@example.com',NULL,NULL),(194,'N',194,'2021-11-07 16:41:45','2021-11-07 16:41:45',194,NULL,_binary '\0','95@example.com',NULL,'95',_binary '\0','qq','temp123',_binary '\0',NULL,_binary '\0',_binary '',NULL,'95@example.com',NULL,NULL),(195,'N',195,'2021-11-07 16:41:45','2021-11-07 16:41:45',195,NULL,_binary '\0','96@example.com',NULL,'96',_binary '\0','qq','temp123',_binary '\0',NULL,_binary '\0',_binary '',NULL,'96@example.com',NULL,NULL),(196,'N',196,'2021-11-07 16:41:45','2021-11-07 16:41:45',196,NULL,_binary '\0','97@example.com',NULL,'97',_binary '\0','qq','temp123',_binary '\0',NULL,_binary '\0',_binary '',NULL,'97@example.com',NULL,NULL),(197,'N',197,'2021-11-07 16:41:45','2021-11-07 16:41:45',197,NULL,_binary '\0','98@example.com',NULL,'98',_binary '\0','qq','temp123',_binary '\0',NULL,_binary '\0',_binary '',NULL,'98@example.com',NULL,NULL),(198,'N',198,'2021-11-07 16:41:45','2021-11-07 16:41:45',198,NULL,_binary '\0','99@example.com',NULL,'99',_binary '\0','qq','temp123',_binary '\0',NULL,_binary '\0',_binary '',NULL,'99@example.com',NULL,NULL),(199,'N',199,'2021-11-07 16:41:45','2021-11-07 16:41:45',199,NULL,_binary '\0','100@example.com',NULL,'100',_binary '\0','qq','temp123',_binary '\0',NULL,_binary '\0',_binary '',NULL,'100@example.com',NULL,NULL),(200,'N',200,'2021-11-19 10:30:06','2021-11-19 10:30:06',200,NULL,_binary '\0','101@example.com',NULL,'101',_binary '\0','qq','temp123',_binary '\0',NULL,_binary '\0',_binary '',NULL,'101@example.com',NULL,NULL),(201,'N',201,'2021-11-19 10:30:08','2021-11-19 10:30:08',201,NULL,_binary '\0','102@example.com',NULL,'102',_binary '\0','qq','temp123',_binary '\0',NULL,_binary '\0',_binary '',NULL,'102@example.com',NULL,NULL),(202,'N',202,'2021-11-19 10:30:08','2021-11-19 10:30:08',202,NULL,_binary '\0','103@example.com',NULL,'103',_binary '\0','qq','temp123',_binary '\0',NULL,_binary '\0',_binary '',NULL,'103@example.com',NULL,NULL),(203,'N',203,'2021-11-19 10:30:08','2021-11-19 10:30:08',203,NULL,_binary '\0','104@example.com',NULL,'104',_binary '\0','qq','temp123',_binary '\0',NULL,_binary '\0',_binary '',NULL,'104@example.com',NULL,NULL),(204,'N',204,'2021-11-19 10:30:09','2021-11-19 10:30:09',204,NULL,_binary '\0','105@example.com',NULL,'105',_binary '\0','qq','temp123',_binary '\0',NULL,_binary '\0',_binary '',NULL,'105@example.com',NULL,NULL),(205,'N',205,'2021-11-19 10:30:09','2021-11-19 10:30:09',205,NULL,_binary '\0','106@example.com',NULL,'106',_binary '\0','qq','temp123',_binary '\0',NULL,_binary '\0',_binary '',NULL,'106@example.com',NULL,NULL),(206,'N',206,'2021-11-19 10:30:09','2021-11-19 10:30:09',206,NULL,_binary '\0','107@example.com',NULL,'107',_binary '\0','qq','temp123',_binary '\0',NULL,_binary '\0',_binary '',NULL,'107@example.com',NULL,NULL),(207,'N',207,'2021-11-19 10:30:10','2021-11-19 10:30:10',207,NULL,_binary '\0','108@example.com',NULL,'108',_binary '\0','qq','temp123',_binary '\0',NULL,_binary '\0',_binary '',NULL,'108@example.com',NULL,NULL),(208,'N',208,'2021-11-19 10:30:10','2021-11-19 10:30:10',208,NULL,_binary '\0','109@example.com',NULL,'109',_binary '\0','qq','temp123',_binary '\0',NULL,_binary '\0',_binary '',NULL,'109@example.com',NULL,NULL),(209,'N',209,'2021-11-19 10:30:10','2021-11-19 10:30:10',209,NULL,_binary '\0','110@example.com',NULL,'110',_binary '\0','qq','temp123',_binary '\0',NULL,_binary '\0',_binary '',NULL,'110@example.com',NULL,NULL),(210,'N',210,'2021-11-19 10:30:11','2021-11-19 10:30:11',210,NULL,_binary '\0','111@example.com',NULL,'111',_binary '\0','qq','temp123',_binary '\0',NULL,_binary '\0',_binary '',NULL,'111@example.com',NULL,NULL),(211,'N',211,'2021-11-19 10:30:11','2021-11-19 10:30:11',211,NULL,_binary '\0','112@example.com',NULL,'112',_binary '\0','qq','temp123',_binary '\0',NULL,_binary '\0',_binary '',NULL,'112@example.com',NULL,NULL),(212,'N',212,'2021-11-19 10:30:11','2021-11-19 10:30:11',212,NULL,_binary '\0','113@example.com',NULL,'113',_binary '\0','qq','temp123',_binary '\0',NULL,_binary '\0',_binary '',NULL,'113@example.com',NULL,NULL),(213,'N',213,'2021-11-19 10:30:11','2021-11-19 10:30:11',213,NULL,_binary '\0','114@example.com',NULL,'114',_binary '\0','qq','temp123',_binary '\0',NULL,_binary '\0',_binary '',NULL,'114@example.com',NULL,NULL),(214,'N',214,'2021-11-19 10:30:12','2021-11-19 10:30:12',214,NULL,_binary '\0','115@example.com',NULL,'115',_binary '\0','qq','temp123',_binary '\0',NULL,_binary '\0',_binary '',NULL,'115@example.com',NULL,NULL),(215,'N',215,'2021-11-19 10:30:12','2021-11-19 10:30:12',215,NULL,_binary '\0','116@example.com',NULL,'116',_binary '\0','qq','temp123',_binary '\0',NULL,_binary '\0',_binary '',NULL,'116@example.com',NULL,NULL),(216,'N',216,'2021-11-19 10:30:12','2021-11-19 10:30:12',216,NULL,_binary '\0','117@example.com',NULL,'117',_binary '\0','qq','temp123',_binary '\0',NULL,_binary '\0',_binary '',NULL,'117@example.com',NULL,NULL),(217,'N',217,'2021-11-19 10:30:13','2021-11-19 10:30:13',217,NULL,_binary '\0','118@example.com',NULL,'118',_binary '\0','qq','temp123',_binary '\0',NULL,_binary '\0',_binary '',NULL,'118@example.com',NULL,NULL),(218,'N',218,'2021-11-19 10:30:13','2021-11-19 10:30:13',218,NULL,_binary '\0','119@example.com',NULL,'119',_binary '\0','qq','temp123',_binary '\0',NULL,_binary '\0',_binary '',NULL,'119@example.com',NULL,NULL),(219,'N',219,'2021-11-19 10:30:13','2021-11-19 10:30:13',219,NULL,_binary '\0','120@example.com',NULL,'120',_binary '\0','qq','temp123',_binary '\0',NULL,_binary '\0',_binary '',NULL,'120@example.com',NULL,NULL),(220,'N',220,'2021-11-19 10:30:14','2021-11-19 10:30:14',220,NULL,_binary '\0','121@example.com',NULL,'121',_binary '\0','qq','temp123',_binary '\0',NULL,_binary '\0',_binary '',NULL,'121@example.com',NULL,NULL),(221,'N',221,'2021-11-19 10:30:14','2021-11-19 10:30:14',221,NULL,_binary '\0','122@example.com',NULL,'122',_binary '\0','qq','temp123',_binary '\0',NULL,_binary '\0',_binary '',NULL,'122@example.com',NULL,NULL),(222,'N',222,'2021-11-19 10:30:14','2021-11-19 10:30:14',222,NULL,_binary '\0','123@example.com',NULL,'123',_binary '\0','qq','temp123',_binary '\0',NULL,_binary '\0',_binary '',NULL,'123@example.com',NULL,NULL),(223,'N',223,'2021-11-19 10:30:14','2021-11-19 10:30:14',223,NULL,_binary '\0','124@example.com',NULL,'124',_binary '\0','qq','temp123',_binary '\0',NULL,_binary '\0',_binary '',NULL,'124@example.com',NULL,NULL),(224,'N',224,'2021-11-19 10:30:15','2021-11-19 10:30:15',224,NULL,_binary '\0','125@example.com',NULL,'125',_binary '\0','qq','temp123',_binary '\0',NULL,_binary '\0',_binary '',NULL,'125@example.com',NULL,NULL),(225,'N',225,'2021-11-19 10:30:15','2021-11-19 10:30:15',225,NULL,_binary '\0','126@example.com',NULL,'126',_binary '\0','qq','temp123',_binary '\0',NULL,_binary '\0',_binary '',NULL,'126@example.com',NULL,NULL),(226,'N',226,'2021-11-19 10:30:15','2021-11-19 10:30:15',226,NULL,_binary '\0','127@example.com',NULL,'127',_binary '\0','qq','temp123',_binary '\0',NULL,_binary '\0',_binary '',NULL,'127@example.com',NULL,NULL),(227,'N',227,'2021-11-19 10:30:16','2021-11-19 10:30:16',227,NULL,_binary '\0','128@example.com',NULL,'128',_binary '\0','qq','temp123',_binary '\0',NULL,_binary '\0',_binary '',NULL,'128@example.com',NULL,NULL),(228,'N',228,'2021-11-19 10:30:16','2021-11-19 10:30:16',228,NULL,_binary '\0','129@example.com',NULL,'129',_binary '\0','qq','temp123',_binary '\0',NULL,_binary '\0',_binary '',NULL,'129@example.com',NULL,NULL),(229,'N',229,'2021-11-19 10:30:16','2021-11-19 10:30:16',229,NULL,_binary '\0','130@example.com',NULL,'130',_binary '\0','qq','temp123',_binary '\0',NULL,_binary '\0',_binary '',NULL,'130@example.com',NULL,NULL),(230,'N',230,'2021-11-19 10:30:16','2021-11-19 10:30:16',230,NULL,_binary '\0','131@example.com',NULL,'131',_binary '\0','qq','temp123',_binary '\0',NULL,_binary '\0',_binary '',NULL,'131@example.com',NULL,NULL),(231,'N',231,'2021-11-19 10:30:17','2021-11-19 10:30:17',231,NULL,_binary '\0','132@example.com',NULL,'132',_binary '\0','qq','temp123',_binary '\0',NULL,_binary '\0',_binary '',NULL,'132@example.com',NULL,NULL),(232,'N',232,'2021-11-19 10:30:17','2021-11-19 10:30:17',232,NULL,_binary '\0','133@example.com',NULL,'133',_binary '\0','qq','temp123',_binary '\0',NULL,_binary '\0',_binary '',NULL,'133@example.com',NULL,NULL),(233,'N',233,'2021-11-19 10:30:17','2021-11-19 10:30:17',233,NULL,_binary '\0','134@example.com',NULL,'134',_binary '\0','qq','temp123',_binary '\0',NULL,_binary '\0',_binary '',NULL,'134@example.com',NULL,NULL),(234,'N',234,'2021-11-19 10:30:18','2021-11-19 10:30:18',234,NULL,_binary '\0','135@example.com',NULL,'135',_binary '\0','qq','temp123',_binary '\0',NULL,_binary '\0',_binary '',NULL,'135@example.com',NULL,NULL),(235,'N',235,'2021-11-19 10:30:18','2021-11-19 10:30:18',235,NULL,_binary '\0','136@example.com',NULL,'136',_binary '\0','qq','temp123',_binary '\0',NULL,_binary '\0',_binary '',NULL,'136@example.com',NULL,NULL),(236,'N',236,'2021-11-19 10:30:18','2021-11-19 10:30:18',236,NULL,_binary '\0','137@example.com',NULL,'137',_binary '\0','qq','temp123',_binary '\0',NULL,_binary '\0',_binary '',NULL,'137@example.com',NULL,NULL),(237,'N',237,'2021-11-19 10:30:18','2021-11-19 10:30:18',237,NULL,_binary '\0','138@example.com',NULL,'138',_binary '\0','qq','temp123',_binary '\0',NULL,_binary '\0',_binary '',NULL,'138@example.com',NULL,NULL),(238,'N',238,'2021-11-19 10:30:19','2021-11-19 10:30:19',238,NULL,_binary '\0','139@example.com',NULL,'139',_binary '\0','qq','temp123',_binary '\0',NULL,_binary '\0',_binary '',NULL,'139@example.com',NULL,NULL),(239,'N',239,'2021-11-19 10:30:19','2021-11-19 10:30:19',239,NULL,_binary '\0','140@example.com',NULL,'140',_binary '\0','qq','temp123',_binary '\0',NULL,_binary '\0',_binary '',NULL,'140@example.com',NULL,NULL),(240,'N',240,'2021-11-19 10:30:19','2021-11-19 10:30:19',240,NULL,_binary '\0','141@example.com',NULL,'141',_binary '\0','qq','temp123',_binary '\0',NULL,_binary '\0',_binary '',NULL,'141@example.com',NULL,NULL),(241,'N',241,'2021-11-19 10:30:19','2021-11-19 10:30:19',241,NULL,_binary '\0','142@example.com',NULL,'142',_binary '\0','qq','temp123',_binary '\0',NULL,_binary '\0',_binary '',NULL,'142@example.com',NULL,NULL),(242,'N',242,'2021-11-19 10:30:19','2021-11-19 10:30:19',242,NULL,_binary '\0','143@example.com',NULL,'143',_binary '\0','qq','temp123',_binary '\0',NULL,_binary '\0',_binary '',NULL,'143@example.com',NULL,NULL),(243,'N',243,'2021-11-19 10:30:20','2021-11-19 10:30:20',243,NULL,_binary '\0','144@example.com',NULL,'144',_binary '\0','qq','temp123',_binary '\0',NULL,_binary '\0',_binary '',NULL,'144@example.com',NULL,NULL),(244,'N',244,'2021-11-19 10:30:20','2021-11-19 10:30:20',244,NULL,_binary '\0','145@example.com',NULL,'145',_binary '\0','qq','temp123',_binary '\0',NULL,_binary '\0',_binary '',NULL,'145@example.com',NULL,NULL),(245,'N',245,'2021-11-19 10:30:20','2021-11-19 10:30:20',245,NULL,_binary '\0','146@example.com',NULL,'146',_binary '\0','qq','temp123',_binary '\0',NULL,_binary '\0',_binary '',NULL,'146@example.com',NULL,NULL),(246,'N',246,'2021-11-19 10:30:20','2021-11-19 10:30:20',246,NULL,_binary '\0','147@example.com',NULL,'147',_binary '\0','qq','temp123',_binary '\0',NULL,_binary '\0',_binary '',NULL,'147@example.com',NULL,NULL),(247,'N',247,'2021-11-19 10:30:21','2021-11-19 10:30:21',247,NULL,_binary '\0','148@example.com',NULL,'148',_binary '\0','qq','temp123',_binary '\0',NULL,_binary '\0',_binary '',NULL,'148@example.com',NULL,NULL),(248,'N',248,'2021-11-19 10:30:21','2021-11-19 10:30:21',248,NULL,_binary '\0','149@example.com',NULL,'149',_binary '\0','qq','temp123',_binary '\0',NULL,_binary '\0',_binary '',NULL,'149@example.com',NULL,NULL),(249,'N',249,'2021-11-19 10:30:21','2021-11-19 10:30:21',249,NULL,_binary '\0','150@example.com',NULL,'150',_binary '\0','qq','temp123',_binary '\0',NULL,_binary '\0',_binary '',NULL,'150@example.com',NULL,NULL),(250,'N',250,'2021-11-19 10:30:21','2021-11-19 10:30:21',250,NULL,_binary '\0','151@example.com',NULL,'151',_binary '\0','qq','temp123',_binary '\0',NULL,_binary '\0',_binary '',NULL,'151@example.com',NULL,NULL),(251,'N',251,'2021-11-19 10:30:22','2021-11-19 10:30:22',251,NULL,_binary '\0','152@example.com',NULL,'152',_binary '\0','qq','temp123',_binary '\0',NULL,_binary '\0',_binary '',NULL,'152@example.com',NULL,NULL),(252,'N',252,'2021-11-19 10:30:22','2021-11-19 10:30:22',252,NULL,_binary '\0','153@example.com',NULL,'153',_binary '\0','qq','temp123',_binary '\0',NULL,_binary '\0',_binary '',NULL,'153@example.com',NULL,NULL),(253,'N',253,'2021-11-19 10:30:22','2021-11-19 10:30:22',253,NULL,_binary '\0','154@example.com',NULL,'154',_binary '\0','qq','temp123',_binary '\0',NULL,_binary '\0',_binary '',NULL,'154@example.com',NULL,NULL),(254,'N',254,'2021-11-19 10:30:22','2021-11-19 10:30:22',254,NULL,_binary '\0','155@example.com',NULL,'155',_binary '\0','qq','temp123',_binary '\0',NULL,_binary '\0',_binary '',NULL,'155@example.com',NULL,NULL),(255,'N',255,'2021-11-19 10:30:23','2021-11-19 10:30:23',255,NULL,_binary '\0','156@example.com',NULL,'156',_binary '\0','qq','temp123',_binary '\0',NULL,_binary '\0',_binary '',NULL,'156@example.com',NULL,NULL),(256,'N',256,'2021-11-19 10:30:23','2021-11-19 10:30:23',256,NULL,_binary '\0','157@example.com',NULL,'157',_binary '\0','qq','temp123',_binary '\0',NULL,_binary '\0',_binary '',NULL,'157@example.com',NULL,NULL),(257,'N',257,'2021-11-19 10:30:23','2021-11-19 10:30:23',257,NULL,_binary '\0','158@example.com',NULL,'158',_binary '\0','qq','temp123',_binary '\0',NULL,_binary '\0',_binary '',NULL,'158@example.com',NULL,NULL),(258,'N',258,'2021-11-19 10:30:23','2021-11-19 10:30:23',258,NULL,_binary '\0','159@example.com',NULL,'159',_binary '\0','qq','temp123',_binary '\0',NULL,_binary '\0',_binary '',NULL,'159@example.com',NULL,NULL),(259,'N',259,'2021-11-19 10:30:24','2021-11-19 10:30:24',259,NULL,_binary '\0','160@example.com',NULL,'160',_binary '\0','qq','temp123',_binary '\0',NULL,_binary '\0',_binary '',NULL,'160@example.com',NULL,NULL),(260,'N',260,'2021-11-19 10:30:24','2021-11-19 10:30:24',260,NULL,_binary '\0','161@example.com',NULL,'161',_binary '\0','qq','temp123',_binary '\0',NULL,_binary '\0',_binary '',NULL,'161@example.com',NULL,NULL),(261,'N',261,'2021-11-19 10:30:24','2021-11-19 10:30:24',261,NULL,_binary '\0','162@example.com',NULL,'162',_binary '\0','qq','temp123',_binary '\0',NULL,_binary '\0',_binary '',NULL,'162@example.com',NULL,NULL),(262,'N',262,'2021-11-19 10:30:24','2021-11-19 10:30:24',262,NULL,_binary '\0','163@example.com',NULL,'163',_binary '\0','qq','temp123',_binary '\0',NULL,_binary '\0',_binary '',NULL,'163@example.com',NULL,NULL),(263,'N',263,'2021-11-19 10:30:25','2021-11-19 10:30:25',263,NULL,_binary '\0','164@example.com',NULL,'164',_binary '\0','qq','temp123',_binary '\0',NULL,_binary '\0',_binary '',NULL,'164@example.com',NULL,NULL),(264,'N',264,'2021-11-19 10:30:25','2021-11-19 10:30:25',264,NULL,_binary '\0','165@example.com',NULL,'165',_binary '\0','qq','temp123',_binary '\0',NULL,_binary '\0',_binary '',NULL,'165@example.com',NULL,NULL),(265,'N',265,'2021-11-19 10:30:25','2021-11-19 10:30:25',265,NULL,_binary '\0','166@example.com',NULL,'166',_binary '\0','qq','temp123',_binary '\0',NULL,_binary '\0',_binary '',NULL,'166@example.com',NULL,NULL),(266,'N',266,'2021-11-19 10:30:25','2021-11-19 10:30:25',266,NULL,_binary '\0','167@example.com',NULL,'167',_binary '\0','qq','temp123',_binary '\0',NULL,_binary '\0',_binary '',NULL,'167@example.com',NULL,NULL),(267,'N',267,'2021-11-19 10:30:26','2021-11-19 10:30:26',267,NULL,_binary '\0','168@example.com',NULL,'168',_binary '\0','qq','temp123',_binary '\0',NULL,_binary '\0',_binary '',NULL,'168@example.com',NULL,NULL),(268,'N',268,'2021-11-19 10:30:26','2021-11-19 10:30:26',268,NULL,_binary '\0','169@example.com',NULL,'169',_binary '\0','qq','temp123',_binary '\0',NULL,_binary '\0',_binary '',NULL,'169@example.com',NULL,NULL),(269,'N',269,'2021-11-19 10:30:26','2021-11-19 10:30:26',269,NULL,_binary '\0','170@example.com',NULL,'170',_binary '\0','qq','temp123',_binary '\0',NULL,_binary '\0',_binary '',NULL,'170@example.com',NULL,NULL),(270,'N',270,'2021-11-19 10:30:26','2021-11-19 10:30:26',270,NULL,_binary '\0','171@example.com',NULL,'171',_binary '\0','qq','temp123',_binary '\0',NULL,_binary '\0',_binary '',NULL,'171@example.com',NULL,NULL),(271,'N',271,'2021-11-19 10:30:27','2021-11-19 10:30:27',271,NULL,_binary '\0','172@example.com',NULL,'172',_binary '\0','qq','temp123',_binary '\0',NULL,_binary '\0',_binary '',NULL,'172@example.com',NULL,NULL),(272,'N',272,'2021-11-19 10:30:27','2021-11-19 10:30:27',272,NULL,_binary '\0','173@example.com',NULL,'173',_binary '\0','qq','temp123',_binary '\0',NULL,_binary '\0',_binary '',NULL,'173@example.com',NULL,NULL),(273,'N',273,'2021-11-19 10:30:27','2021-11-19 10:30:27',273,NULL,_binary '\0','174@example.com',NULL,'174',_binary '\0','qq','temp123',_binary '\0',NULL,_binary '\0',_binary '',NULL,'174@example.com',NULL,NULL),(274,'N',274,'2021-11-19 10:30:27','2021-11-19 10:30:27',274,NULL,_binary '\0','175@example.com',NULL,'175',_binary '\0','qq','temp123',_binary '\0',NULL,_binary '\0',_binary '',NULL,'175@example.com',NULL,NULL),(275,'N',275,'2021-11-19 10:30:28','2021-11-19 10:30:28',275,NULL,_binary '\0','176@example.com',NULL,'176',_binary '\0','qq','temp123',_binary '\0',NULL,_binary '\0',_binary '',NULL,'176@example.com',NULL,NULL),(276,'N',276,'2021-11-19 10:30:28','2021-11-19 10:30:28',276,NULL,_binary '\0','177@example.com',NULL,'177',_binary '\0','qq','temp123',_binary '\0',NULL,_binary '\0',_binary '',NULL,'177@example.com',NULL,NULL),(277,'N',277,'2021-11-19 10:30:28','2021-11-19 10:30:28',277,NULL,_binary '\0','178@example.com',NULL,'178',_binary '\0','qq','temp123',_binary '\0',NULL,_binary '\0',_binary '',NULL,'178@example.com',NULL,NULL),(278,'N',278,'2021-11-19 10:30:28','2021-11-19 10:30:28',278,NULL,_binary '\0','179@example.com',NULL,'179',_binary '\0','qq','temp123',_binary '\0',NULL,_binary '\0',_binary '',NULL,'179@example.com',NULL,NULL),(279,'N',279,'2021-11-19 10:30:29','2021-11-19 10:30:29',279,NULL,_binary '\0','180@example.com',NULL,'180',_binary '\0','qq','temp123',_binary '\0',NULL,_binary '\0',_binary '',NULL,'180@example.com',NULL,NULL),(280,'N',280,'2021-11-19 10:30:29','2021-11-19 10:30:29',280,NULL,_binary '\0','181@example.com',NULL,'181',_binary '\0','qq','temp123',_binary '\0',NULL,_binary '\0',_binary '',NULL,'181@example.com',NULL,NULL),(281,'N',281,'2021-11-19 10:30:29','2021-11-19 10:30:29',281,NULL,_binary '\0','182@example.com',NULL,'182',_binary '\0','qq','temp123',_binary '\0',NULL,_binary '\0',_binary '',NULL,'182@example.com',NULL,NULL),(282,'N',282,'2021-11-19 10:30:29','2021-11-19 10:30:29',282,NULL,_binary '\0','183@example.com',NULL,'183',_binary '\0','qq','temp123',_binary '\0',NULL,_binary '\0',_binary '',NULL,'183@example.com',NULL,NULL),(283,'N',283,'2021-11-19 10:30:30','2021-11-19 10:30:30',283,NULL,_binary '\0','184@example.com',NULL,'184',_binary '\0','qq','temp123',_binary '\0',NULL,_binary '\0',_binary '',NULL,'184@example.com',NULL,NULL),(284,'N',284,'2021-11-19 10:30:30','2021-11-19 10:30:30',284,NULL,_binary '\0','185@example.com',NULL,'185',_binary '\0','qq','temp123',_binary '\0',NULL,_binary '\0',_binary '',NULL,'185@example.com',NULL,NULL),(285,'N',285,'2021-11-19 10:30:30','2021-11-19 10:30:30',285,NULL,_binary '\0','186@example.com',NULL,'186',_binary '\0','qq','temp123',_binary '\0',NULL,_binary '\0',_binary '',NULL,'186@example.com',NULL,NULL),(286,'N',286,'2021-11-19 10:30:30','2021-11-19 10:30:30',286,NULL,_binary '\0','187@example.com',NULL,'187',_binary '\0','qq','temp123',_binary '\0',NULL,_binary '\0',_binary '',NULL,'187@example.com',NULL,NULL),(287,'N',287,'2021-11-19 10:30:30','2021-11-19 10:30:30',287,NULL,_binary '\0','188@example.com',NULL,'188',_binary '\0','qq','temp123',_binary '\0',NULL,_binary '\0',_binary '',NULL,'188@example.com',NULL,NULL),(288,'N',288,'2021-11-19 10:30:31','2021-11-19 10:30:31',288,NULL,_binary '\0','189@example.com',NULL,'189',_binary '\0','qq','temp123',_binary '\0',NULL,_binary '\0',_binary '',NULL,'189@example.com',NULL,NULL),(289,'N',289,'2021-11-19 10:30:31','2021-11-19 10:30:31',289,NULL,_binary '\0','190@example.com',NULL,'190',_binary '\0','qq','temp123',_binary '\0',NULL,_binary '\0',_binary '',NULL,'190@example.com',NULL,NULL),(290,'N',290,'2021-11-19 10:30:31','2021-11-19 10:30:31',290,NULL,_binary '\0','191@example.com',NULL,'191',_binary '\0','qq','temp123',_binary '\0',NULL,_binary '\0',_binary '',NULL,'191@example.com',NULL,NULL),(291,'N',291,'2021-11-19 10:30:31','2021-11-19 10:30:31',291,NULL,_binary '\0','192@example.com',NULL,'192',_binary '\0','qq','temp123',_binary '\0',NULL,_binary '\0',_binary '',NULL,'192@example.com',NULL,NULL),(292,'N',292,'2021-11-19 10:30:32','2021-11-19 10:30:32',292,NULL,_binary '\0','193@example.com',NULL,'193',_binary '\0','qq','temp123',_binary '\0',NULL,_binary '\0',_binary '',NULL,'193@example.com',NULL,NULL),(293,'N',293,'2021-11-19 10:30:32','2021-11-19 10:30:32',293,NULL,_binary '\0','194@example.com',NULL,'194',_binary '\0','qq','temp123',_binary '\0',NULL,_binary '\0',_binary '',NULL,'194@example.com',NULL,NULL),(294,'N',294,'2021-11-19 10:30:32','2021-11-19 10:30:32',294,NULL,_binary '\0','195@example.com',NULL,'195',_binary '\0','qq','temp123',_binary '\0',NULL,_binary '\0',_binary '',NULL,'195@example.com',NULL,NULL),(295,'N',295,'2021-11-19 10:30:32','2021-11-19 10:30:32',295,NULL,_binary '\0','196@example.com',NULL,'196',_binary '\0','qq','temp123',_binary '\0',NULL,_binary '\0',_binary '',NULL,'196@example.com',NULL,NULL),(296,'N',296,'2021-11-19 10:30:33','2021-11-19 10:30:33',296,NULL,_binary '\0','197@example.com',NULL,'197',_binary '\0','qq','temp123',_binary '\0',NULL,_binary '\0',_binary '',NULL,'197@example.com',NULL,NULL),(297,'N',297,'2021-11-19 10:30:33','2021-11-19 10:30:33',297,NULL,_binary '\0','198@example.com',NULL,'198',_binary '\0','qq','temp123',_binary '\0',NULL,_binary '\0',_binary '',NULL,'198@example.com',NULL,NULL),(298,'N',298,'2021-11-19 10:30:33','2021-11-19 10:30:33',298,NULL,_binary '\0','199@example.com',NULL,'199',_binary '\0','qq','temp123',_binary '\0',NULL,_binary '\0',_binary '',NULL,'199@example.com',NULL,NULL),(299,'N',299,'2021-11-19 10:30:33','2021-11-19 10:30:33',299,NULL,_binary '\0','200@example.com',NULL,'200',_binary '\0','qq','temp123',_binary '\0',NULL,_binary '\0',_binary '',NULL,'200@example.com',NULL,NULL),(300,'N',300,'2021-11-19 10:30:34','2021-11-19 10:30:34',300,NULL,_binary '\0','201@example.com',NULL,'201',_binary '\0','qq','temp123',_binary '\0',NULL,_binary '\0',_binary '',NULL,'201@example.com',NULL,NULL),(301,'N',301,'2021-11-19 10:30:34','2021-11-19 10:30:34',301,NULL,_binary '\0','202@example.com',NULL,'202',_binary '\0','qq','temp123',_binary '\0',NULL,_binary '\0',_binary '',NULL,'202@example.com',NULL,NULL),(302,'N',302,'2021-11-19 10:30:34','2021-11-19 10:30:34',302,NULL,_binary '\0','203@example.com',NULL,'203',_binary '\0','qq','temp123',_binary '\0',NULL,_binary '\0',_binary '',NULL,'203@example.com',NULL,NULL),(303,'N',303,'2021-11-19 10:30:34','2021-11-19 10:30:34',303,NULL,_binary '\0','204@example.com',NULL,'204',_binary '\0','qq','temp123',_binary '\0',NULL,_binary '\0',_binary '',NULL,'204@example.com',NULL,NULL),(304,'N',304,'2021-11-19 10:30:35','2021-11-19 10:30:35',304,NULL,_binary '\0','205@example.com',NULL,'205',_binary '\0','qq','temp123',_binary '\0',NULL,_binary '\0',_binary '',NULL,'205@example.com',NULL,NULL),(305,'N',305,'2021-11-19 10:30:35','2021-11-19 10:30:35',305,NULL,_binary '\0','206@example.com',NULL,'206',_binary '\0','qq','temp123',_binary '\0',NULL,_binary '\0',_binary '',NULL,'206@example.com',NULL,NULL),(306,'N',306,'2021-11-19 10:30:35','2021-11-19 10:30:35',306,NULL,_binary '\0','207@example.com',NULL,'207',_binary '\0','qq','temp123',_binary '\0',NULL,_binary '\0',_binary '',NULL,'207@example.com',NULL,NULL),(307,'N',307,'2021-11-19 10:30:35','2021-11-19 10:30:35',307,NULL,_binary '\0','208@example.com',NULL,'208',_binary '\0','qq','temp123',_binary '\0',NULL,_binary '\0',_binary '',NULL,'208@example.com',NULL,NULL),(308,'N',308,'2021-11-19 10:30:36','2021-11-19 10:30:36',308,NULL,_binary '\0','209@example.com',NULL,'209',_binary '\0','qq','temp123',_binary '\0',NULL,_binary '\0',_binary '',NULL,'209@example.com',NULL,NULL),(309,'N',309,'2021-11-19 10:30:36','2021-11-19 10:30:36',309,NULL,_binary '\0','210@example.com',NULL,'210',_binary '\0','qq','temp123',_binary '\0',NULL,_binary '\0',_binary '',NULL,'210@example.com',NULL,NULL),(310,'N',310,'2021-11-19 10:30:36','2021-11-19 10:30:36',310,NULL,_binary '\0','211@example.com',NULL,'211',_binary '\0','qq','temp123',_binary '\0',NULL,_binary '\0',_binary '',NULL,'211@example.com',NULL,NULL),(311,'N',311,'2021-11-19 10:30:36','2021-11-19 10:30:36',311,NULL,_binary '\0','212@example.com',NULL,'212',_binary '\0','qq','temp123',_binary '\0',NULL,_binary '\0',_binary '',NULL,'212@example.com',NULL,NULL),(312,'N',312,'2021-11-19 10:30:37','2021-11-19 10:30:37',312,NULL,_binary '\0','213@example.com',NULL,'213',_binary '\0','qq','temp123',_binary '\0',NULL,_binary '\0',_binary '',NULL,'213@example.com',NULL,NULL),(313,'N',313,'2021-11-19 10:30:37','2021-11-19 10:30:37',313,NULL,_binary '\0','214@example.com',NULL,'214',_binary '\0','qq','temp123',_binary '\0',NULL,_binary '\0',_binary '',NULL,'214@example.com',NULL,NULL),(314,'N',314,'2021-11-19 10:30:37','2021-11-19 10:30:37',314,NULL,_binary '\0','215@example.com',NULL,'215',_binary '\0','qq','temp123',_binary '\0',NULL,_binary '\0',_binary '',NULL,'215@example.com',NULL,NULL),(315,'N',315,'2021-11-19 10:30:37','2021-11-19 10:30:37',315,NULL,_binary '\0','216@example.com',NULL,'216',_binary '\0','qq','temp123',_binary '\0',NULL,_binary '\0',_binary '',NULL,'216@example.com',NULL,NULL),(316,'N',316,'2021-11-19 10:30:38','2021-11-19 10:30:38',316,NULL,_binary '\0','217@example.com',NULL,'217',_binary '\0','qq','temp123',_binary '\0',NULL,_binary '\0',_binary '',NULL,'217@example.com',NULL,NULL),(317,'N',317,'2021-11-19 10:30:38','2021-11-19 10:30:38',317,NULL,_binary '\0','218@example.com',NULL,'218',_binary '\0','qq','temp123',_binary '\0',NULL,_binary '\0',_binary '',NULL,'218@example.com',NULL,NULL),(318,'N',318,'2021-11-19 10:30:38','2021-11-19 10:30:38',318,NULL,_binary '\0','219@example.com',NULL,'219',_binary '\0','qq','temp123',_binary '\0',NULL,_binary '\0',_binary '',NULL,'219@example.com',NULL,NULL),(319,'N',319,'2021-11-19 10:30:38','2021-11-19 10:30:38',319,NULL,_binary '\0','220@example.com',NULL,'220',_binary '\0','qq','temp123',_binary '\0',NULL,_binary '\0',_binary '',NULL,'220@example.com',NULL,NULL),(320,'N',320,'2021-11-19 10:30:39','2021-11-19 10:30:39',320,NULL,_binary '\0','221@example.com',NULL,'221',_binary '\0','qq','temp123',_binary '\0',NULL,_binary '\0',_binary '',NULL,'221@example.com',NULL,NULL),(321,'N',321,'2021-11-19 10:30:39','2021-11-19 10:30:39',321,NULL,_binary '\0','222@example.com',NULL,'222',_binary '\0','qq','temp123',_binary '\0',NULL,_binary '\0',_binary '',NULL,'222@example.com',NULL,NULL),(322,'N',322,'2021-11-19 10:30:39','2021-11-19 10:30:39',322,NULL,_binary '\0','223@example.com',NULL,'223',_binary '\0','qq','temp123',_binary '\0',NULL,_binary '\0',_binary '',NULL,'223@example.com',NULL,NULL),(323,'N',323,'2021-11-19 10:30:39','2021-11-19 10:30:39',323,NULL,_binary '\0','224@example.com',NULL,'224',_binary '\0','qq','temp123',_binary '\0',NULL,_binary '\0',_binary '',NULL,'224@example.com',NULL,NULL),(324,'N',324,'2021-11-19 10:30:40','2021-11-19 10:30:40',324,NULL,_binary '\0','225@example.com',NULL,'225',_binary '\0','qq','temp123',_binary '\0',NULL,_binary '\0',_binary '',NULL,'225@example.com',NULL,NULL),(325,'N',325,'2021-11-19 10:30:40','2021-11-19 10:30:40',325,NULL,_binary '\0','226@example.com',NULL,'226',_binary '\0','qq','temp123',_binary '\0',NULL,_binary '\0',_binary '',NULL,'226@example.com',NULL,NULL),(326,'N',326,'2021-11-19 10:30:40','2021-11-19 10:30:40',326,NULL,_binary '\0','227@example.com',NULL,'227',_binary '\0','qq','temp123',_binary '\0',NULL,_binary '\0',_binary '',NULL,'227@example.com',NULL,NULL),(327,'N',327,'2021-11-19 10:30:40','2021-11-19 10:30:40',327,NULL,_binary '\0','228@example.com',NULL,'228',_binary '\0','qq','temp123',_binary '\0',NULL,_binary '\0',_binary '',NULL,'228@example.com',NULL,NULL),(328,'N',328,'2021-11-19 10:30:41','2021-11-19 10:30:41',328,NULL,_binary '\0','229@example.com',NULL,'229',_binary '\0','qq','temp123',_binary '\0',NULL,_binary '\0',_binary '',NULL,'229@example.com',NULL,NULL),(329,'N',329,'2021-11-19 10:30:41','2021-11-19 10:30:41',329,NULL,_binary '\0','230@example.com',NULL,'230',_binary '\0','qq','temp123',_binary '\0',NULL,_binary '\0',_binary '',NULL,'230@example.com',NULL,NULL),(330,'N',330,'2021-11-19 10:30:41','2021-11-19 10:30:41',330,NULL,_binary '\0','231@example.com',NULL,'231',_binary '\0','qq','temp123',_binary '\0',NULL,_binary '\0',_binary '',NULL,'231@example.com',NULL,NULL),(331,'N',331,'2021-11-19 10:30:41','2021-11-19 10:30:41',331,NULL,_binary '\0','232@example.com',NULL,'232',_binary '\0','qq','temp123',_binary '\0',NULL,_binary '\0',_binary '',NULL,'232@example.com',NULL,NULL),(332,'N',332,'2021-11-19 10:30:42','2021-11-19 10:30:42',332,NULL,_binary '\0','233@example.com',NULL,'233',_binary '\0','qq','temp123',_binary '\0',NULL,_binary '\0',_binary '',NULL,'233@example.com',NULL,NULL),(333,'N',333,'2021-11-19 10:30:42','2021-11-19 10:30:42',333,NULL,_binary '\0','234@example.com',NULL,'234',_binary '\0','qq','temp123',_binary '\0',NULL,_binary '\0',_binary '',NULL,'234@example.com',NULL,NULL),(334,'N',334,'2021-11-19 10:30:42','2021-11-19 10:30:42',334,NULL,_binary '\0','235@example.com',NULL,'235',_binary '\0','qq','temp123',_binary '\0',NULL,_binary '\0',_binary '',NULL,'235@example.com',NULL,NULL),(335,'N',335,'2021-11-19 10:30:42','2021-11-19 10:30:42',335,NULL,_binary '\0','236@example.com',NULL,'236',_binary '\0','qq','temp123',_binary '\0',NULL,_binary '\0',_binary '',NULL,'236@example.com',NULL,NULL),(336,'N',336,'2021-11-19 10:30:43','2021-11-19 10:30:43',336,NULL,_binary '\0','237@example.com',NULL,'237',_binary '\0','qq','temp123',_binary '\0',NULL,_binary '\0',_binary '',NULL,'237@example.com',NULL,NULL),(337,'N',337,'2021-11-19 10:30:43','2021-11-19 10:30:43',337,NULL,_binary '\0','238@example.com',NULL,'238',_binary '\0','qq','temp123',_binary '\0',NULL,_binary '\0',_binary '',NULL,'238@example.com',NULL,NULL),(338,'N',338,'2021-11-19 10:30:43','2021-11-19 10:30:43',338,NULL,_binary '\0','239@example.com',NULL,'239',_binary '\0','qq','temp123',_binary '\0',NULL,_binary '\0',_binary '',NULL,'239@example.com',NULL,NULL),(339,'N',339,'2021-11-19 10:30:43','2021-11-19 10:30:43',339,NULL,_binary '\0','240@example.com',NULL,'240',_binary '\0','qq','temp123',_binary '\0',NULL,_binary '\0',_binary '',NULL,'240@example.com',NULL,NULL),(340,'N',340,'2021-11-19 10:30:44','2021-11-19 10:30:44',340,NULL,_binary '\0','241@example.com',NULL,'241',_binary '\0','qq','temp123',_binary '\0',NULL,_binary '\0',_binary '',NULL,'241@example.com',NULL,NULL),(341,'N',341,'2021-11-19 10:30:44','2021-11-19 10:30:44',341,NULL,_binary '\0','242@example.com',NULL,'242',_binary '\0','qq','temp123',_binary '\0',NULL,_binary '\0',_binary '',NULL,'242@example.com',NULL,NULL),(342,'N',342,'2021-11-19 10:30:44','2021-11-19 10:30:44',342,NULL,_binary '\0','243@example.com',NULL,'243',_binary '\0','qq','temp123',_binary '\0',NULL,_binary '\0',_binary '',NULL,'243@example.com',NULL,NULL),(343,'N',343,'2021-11-19 10:30:44','2021-11-19 10:30:44',343,NULL,_binary '\0','244@example.com',NULL,'244',_binary '\0','qq','temp123',_binary '\0',NULL,_binary '\0',_binary '',NULL,'244@example.com',NULL,NULL),(344,'N',344,'2021-11-19 10:30:45','2021-11-19 10:30:45',344,NULL,_binary '\0','245@example.com',NULL,'245',_binary '\0','qq','temp123',_binary '\0',NULL,_binary '\0',_binary '',NULL,'245@example.com',NULL,NULL),(345,'N',345,'2021-11-19 10:30:45','2021-11-19 10:30:45',345,NULL,_binary '\0','246@example.com',NULL,'246',_binary '\0','qq','temp123',_binary '\0',NULL,_binary '\0',_binary '',NULL,'246@example.com',NULL,NULL),(346,'N',346,'2021-11-19 10:30:45','2021-11-19 10:30:45',346,NULL,_binary '\0','247@example.com',NULL,'247',_binary '\0','qq','temp123',_binary '\0',NULL,_binary '\0',_binary '',NULL,'247@example.com',NULL,NULL),(347,'N',347,'2021-11-19 10:30:45','2021-11-19 10:30:45',347,NULL,_binary '\0','248@example.com',NULL,'248',_binary '\0','qq','temp123',_binary '\0',NULL,_binary '\0',_binary '',NULL,'248@example.com',NULL,NULL),(348,'N',348,'2021-11-19 10:30:46','2021-11-19 10:30:46',348,NULL,_binary '\0','249@example.com',NULL,'249',_binary '\0','qq','temp123',_binary '\0',NULL,_binary '\0',_binary '',NULL,'249@example.com',NULL,NULL),(349,'N',349,'2021-11-19 10:30:46','2021-11-19 10:30:46',349,NULL,_binary '\0','250@example.com',NULL,'250',_binary '\0','qq','temp123',_binary '\0',NULL,_binary '\0',_binary '',NULL,'250@example.com',NULL,NULL),(350,'N',350,'2021-11-19 10:30:46','2021-11-19 10:30:46',350,NULL,_binary '\0','251@example.com',NULL,'251',_binary '\0','qq','temp123',_binary '\0',NULL,_binary '\0',_binary '',NULL,'251@example.com',NULL,NULL),(351,'N',351,'2021-11-19 10:30:46','2021-11-19 10:30:46',351,NULL,_binary '\0','252@example.com',NULL,'252',_binary '\0','qq','temp123',_binary '\0',NULL,_binary '\0',_binary '',NULL,'252@example.com',NULL,NULL),(352,'N',352,'2021-11-19 10:30:47','2021-11-19 10:30:47',352,NULL,_binary '\0','253@example.com',NULL,'253',_binary '\0','qq','temp123',_binary '\0',NULL,_binary '\0',_binary '',NULL,'253@example.com',NULL,NULL),(353,'N',353,'2021-11-19 10:30:47','2021-11-19 10:30:47',353,NULL,_binary '\0','254@example.com',NULL,'254',_binary '\0','qq','temp123',_binary '\0',NULL,_binary '\0',_binary '',NULL,'254@example.com',NULL,NULL),(354,'N',354,'2021-11-19 10:30:47','2021-11-19 10:30:47',354,NULL,_binary '\0','255@example.com',NULL,'255',_binary '\0','qq','temp123',_binary '\0',NULL,_binary '\0',_binary '',NULL,'255@example.com',NULL,NULL),(355,'N',355,'2021-11-19 10:30:47','2021-11-19 10:30:47',355,NULL,_binary '\0','256@example.com',NULL,'256',_binary '\0','qq','temp123',_binary '\0',NULL,_binary '\0',_binary '',NULL,'256@example.com',NULL,NULL),(356,'N',356,'2021-11-19 10:30:48','2021-11-19 10:30:48',356,NULL,_binary '\0','257@example.com',NULL,'257',_binary '\0','qq','temp123',_binary '\0',NULL,_binary '\0',_binary '',NULL,'257@example.com',NULL,NULL),(357,'N',357,'2021-11-19 10:30:48','2021-11-19 10:30:48',357,NULL,_binary '\0','258@example.com',NULL,'258',_binary '\0','qq','temp123',_binary '\0',NULL,_binary '\0',_binary '',NULL,'258@example.com',NULL,NULL),(358,'N',358,'2021-11-19 10:30:48','2021-11-19 10:30:48',358,NULL,_binary '\0','259@example.com',NULL,'259',_binary '\0','qq','temp123',_binary '\0',NULL,_binary '\0',_binary '',NULL,'259@example.com',NULL,NULL),(359,'N',359,'2021-11-19 10:30:48','2021-11-19 10:30:48',359,NULL,_binary '\0','260@example.com',NULL,'260',_binary '\0','qq','temp123',_binary '\0',NULL,_binary '\0',_binary '',NULL,'260@example.com',NULL,NULL),(360,'N',360,'2021-11-19 10:30:49','2021-11-19 10:30:49',360,NULL,_binary '\0','261@example.com',NULL,'261',_binary '\0','qq','temp123',_binary '\0',NULL,_binary '\0',_binary '',NULL,'261@example.com',NULL,NULL),(361,'N',361,'2021-11-19 10:30:49','2021-11-19 10:30:49',361,NULL,_binary '\0','262@example.com',NULL,'262',_binary '\0','qq','temp123',_binary '\0',NULL,_binary '\0',_binary '',NULL,'262@example.com',NULL,NULL),(362,'N',362,'2021-11-19 10:30:49','2021-11-19 10:30:49',362,NULL,_binary '\0','263@example.com',NULL,'263',_binary '\0','qq','temp123',_binary '\0',NULL,_binary '\0',_binary '',NULL,'263@example.com',NULL,NULL),(363,'N',363,'2021-11-19 10:30:49','2021-11-19 10:30:49',363,NULL,_binary '\0','264@example.com',NULL,'264',_binary '\0','qq','temp123',_binary '\0',NULL,_binary '\0',_binary '',NULL,'264@example.com',NULL,NULL),(364,'N',364,'2021-11-19 10:30:50','2021-11-19 10:30:50',364,NULL,_binary '\0','265@example.com',NULL,'265',_binary '\0','qq','temp123',_binary '\0',NULL,_binary '\0',_binary '',NULL,'265@example.com',NULL,NULL),(365,'N',365,'2021-11-19 10:30:50','2021-11-19 10:30:50',365,NULL,_binary '\0','266@example.com',NULL,'266',_binary '\0','qq','temp123',_binary '\0',NULL,_binary '\0',_binary '',NULL,'266@example.com',NULL,NULL),(366,'N',366,'2021-11-19 10:30:50','2021-11-19 10:30:50',366,NULL,_binary '\0','267@example.com',NULL,'267',_binary '\0','qq','temp123',_binary '\0',NULL,_binary '\0',_binary '',NULL,'267@example.com',NULL,NULL),(367,'N',367,'2021-11-19 10:30:50','2021-11-19 10:30:50',367,NULL,_binary '\0','268@example.com',NULL,'268',_binary '\0','qq','temp123',_binary '\0',NULL,_binary '\0',_binary '',NULL,'268@example.com',NULL,NULL),(368,'N',368,'2021-11-19 10:30:50','2021-11-19 10:30:50',368,NULL,_binary '\0','269@example.com',NULL,'269',_binary '\0','qq','temp123',_binary '\0',NULL,_binary '\0',_binary '',NULL,'269@example.com',NULL,NULL),(369,'N',369,'2021-11-19 10:30:51','2021-11-19 10:30:51',369,NULL,_binary '\0','270@example.com',NULL,'270',_binary '\0','qq','temp123',_binary '\0',NULL,_binary '\0',_binary '',NULL,'270@example.com',NULL,NULL),(370,'N',370,'2021-11-19 10:30:51','2021-11-19 10:30:51',370,NULL,_binary '\0','271@example.com',NULL,'271',_binary '\0','qq','temp123',_binary '\0',NULL,_binary '\0',_binary '',NULL,'271@example.com',NULL,NULL),(371,'N',371,'2021-11-19 10:30:51','2021-11-19 10:30:51',371,NULL,_binary '\0','272@example.com',NULL,'272',_binary '\0','qq','temp123',_binary '\0',NULL,_binary '\0',_binary '',NULL,'272@example.com',NULL,NULL),(372,'N',372,'2021-11-19 10:30:51','2021-11-19 10:30:51',372,NULL,_binary '\0','273@example.com',NULL,'273',_binary '\0','qq','temp123',_binary '\0',NULL,_binary '\0',_binary '',NULL,'273@example.com',NULL,NULL),(373,'N',373,'2021-11-19 10:30:52','2021-11-19 10:30:52',373,NULL,_binary '\0','274@example.com',NULL,'274',_binary '\0','qq','temp123',_binary '\0',NULL,_binary '\0',_binary '',NULL,'274@example.com',NULL,NULL),(374,'N',374,'2021-11-19 10:30:52','2021-11-19 10:30:52',374,NULL,_binary '\0','275@example.com',NULL,'275',_binary '\0','qq','temp123',_binary '\0',NULL,_binary '\0',_binary '',NULL,'275@example.com',NULL,NULL),(375,'N',375,'2021-11-19 10:30:52','2021-11-19 10:30:52',375,NULL,_binary '\0','276@example.com',NULL,'276',_binary '\0','qq','temp123',_binary '\0',NULL,_binary '\0',_binary '',NULL,'276@example.com',NULL,NULL),(376,'N',376,'2021-11-19 10:30:52','2021-11-19 10:30:52',376,NULL,_binary '\0','277@example.com',NULL,'277',_binary '\0','qq','temp123',_binary '\0',NULL,_binary '\0',_binary '',NULL,'277@example.com',NULL,NULL),(377,'N',377,'2021-11-19 10:30:53','2021-11-19 10:30:53',377,NULL,_binary '\0','278@example.com',NULL,'278',_binary '\0','qq','temp123',_binary '\0',NULL,_binary '\0',_binary '',NULL,'278@example.com',NULL,NULL),(378,'N',378,'2021-11-19 10:30:53','2021-11-19 10:30:53',378,NULL,_binary '\0','279@example.com',NULL,'279',_binary '\0','qq','temp123',_binary '\0',NULL,_binary '\0',_binary '',NULL,'279@example.com',NULL,NULL),(379,'N',379,'2021-11-19 10:30:53','2021-11-19 10:30:53',379,NULL,_binary '\0','280@example.com',NULL,'280',_binary '\0','qq','temp123',_binary '\0',NULL,_binary '\0',_binary '',NULL,'280@example.com',NULL,NULL),(380,'N',380,'2021-11-19 10:30:53','2021-11-19 10:30:53',380,NULL,_binary '\0','281@example.com',NULL,'281',_binary '\0','qq','temp123',_binary '\0',NULL,_binary '\0',_binary '',NULL,'281@example.com',NULL,NULL),(381,'N',381,'2021-11-19 10:30:54','2021-11-19 10:30:54',381,NULL,_binary '\0','282@example.com',NULL,'282',_binary '\0','qq','temp123',_binary '\0',NULL,_binary '\0',_binary '',NULL,'282@example.com',NULL,NULL),(382,'N',382,'2021-11-19 10:30:54','2021-11-19 10:30:54',382,NULL,_binary '\0','283@example.com',NULL,'283',_binary '\0','qq','temp123',_binary '\0',NULL,_binary '\0',_binary '',NULL,'283@example.com',NULL,NULL),(383,'N',383,'2021-11-19 10:30:54','2021-11-19 10:30:54',383,NULL,_binary '\0','284@example.com',NULL,'284',_binary '\0','qq','temp123',_binary '\0',NULL,_binary '\0',_binary '',NULL,'284@example.com',NULL,NULL),(384,'N',384,'2021-11-19 10:30:54','2021-11-19 10:30:54',384,NULL,_binary '\0','285@example.com',NULL,'285',_binary '\0','qq','temp123',_binary '\0',NULL,_binary '\0',_binary '',NULL,'285@example.com',NULL,NULL),(385,'N',385,'2021-11-19 10:30:55','2021-11-19 10:30:55',385,NULL,_binary '\0','286@example.com',NULL,'286',_binary '\0','qq','temp123',_binary '\0',NULL,_binary '\0',_binary '',NULL,'286@example.com',NULL,NULL),(386,'N',386,'2021-11-19 10:30:55','2021-11-19 10:30:55',386,NULL,_binary '\0','287@example.com',NULL,'287',_binary '\0','qq','temp123',_binary '\0',NULL,_binary '\0',_binary '',NULL,'287@example.com',NULL,NULL),(387,'N',387,'2021-11-19 10:30:55','2021-11-19 10:30:55',387,NULL,_binary '\0','288@example.com',NULL,'288',_binary '\0','qq','temp123',_binary '\0',NULL,_binary '\0',_binary '',NULL,'288@example.com',NULL,NULL),(388,'N',388,'2021-11-19 10:30:55','2021-11-19 10:30:55',388,NULL,_binary '\0','289@example.com',NULL,'289',_binary '\0','qq','temp123',_binary '\0',NULL,_binary '\0',_binary '',NULL,'289@example.com',NULL,NULL),(389,'N',389,'2021-11-19 10:30:56','2021-11-19 10:30:56',389,NULL,_binary '\0','290@example.com',NULL,'290',_binary '\0','qq','temp123',_binary '\0',NULL,_binary '\0',_binary '',NULL,'290@example.com',NULL,NULL),(390,'N',390,'2021-11-19 10:30:56','2021-11-19 10:30:56',390,NULL,_binary '\0','291@example.com',NULL,'291',_binary '\0','qq','temp123',_binary '\0',NULL,_binary '\0',_binary '',NULL,'291@example.com',NULL,NULL),(391,'N',391,'2021-11-19 10:30:56','2021-11-19 10:30:56',391,NULL,_binary '\0','292@example.com',NULL,'292',_binary '\0','qq','temp123',_binary '\0',NULL,_binary '\0',_binary '',NULL,'292@example.com',NULL,NULL),(392,'N',392,'2021-11-19 10:30:56','2021-11-19 10:30:56',392,NULL,_binary '\0','293@example.com',NULL,'293',_binary '\0','qq','temp123',_binary '\0',NULL,_binary '\0',_binary '',NULL,'293@example.com',NULL,NULL),(393,'N',393,'2021-11-19 10:30:57','2021-11-19 10:30:57',393,NULL,_binary '\0','294@example.com',NULL,'294',_binary '\0','qq','temp123',_binary '\0',NULL,_binary '\0',_binary '',NULL,'294@example.com',NULL,NULL),(394,'N',394,'2021-11-19 10:30:57','2021-11-19 10:30:57',394,NULL,_binary '\0','295@example.com',NULL,'295',_binary '\0','qq','temp123',_binary '\0',NULL,_binary '\0',_binary '',NULL,'295@example.com',NULL,NULL),(395,'N',395,'2021-11-19 10:30:57','2021-11-19 10:30:57',395,NULL,_binary '\0','296@example.com',NULL,'296',_binary '\0','qq','temp123',_binary '\0',NULL,_binary '\0',_binary '',NULL,'296@example.com',NULL,NULL),(396,'N',396,'2021-11-19 10:30:57','2021-11-19 10:30:57',396,NULL,_binary '\0','297@example.com',NULL,'297',_binary '\0','qq','temp123',_binary '\0',NULL,_binary '\0',_binary '',NULL,'297@example.com',NULL,NULL),(397,'N',397,'2021-11-19 10:30:58','2021-11-19 10:30:58',397,NULL,_binary '\0','298@example.com',NULL,'298',_binary '\0','qq','temp123',_binary '\0',NULL,_binary '\0',_binary '',NULL,'298@example.com',NULL,NULL),(398,'N',398,'2021-11-19 10:30:58','2021-11-19 10:30:58',398,NULL,_binary '\0','299@example.com',NULL,'299',_binary '\0','qq','temp123',_binary '\0',NULL,_binary '\0',_binary '',NULL,'299@example.com',NULL,NULL),(399,'N',399,'2021-11-19 10:30:58','2021-11-19 10:30:58',399,NULL,_binary '\0','300@example.com',NULL,'300',_binary '\0','qq','temp123',_binary '\0',NULL,_binary '\0',_binary '',NULL,'300@example.com',NULL,NULL),(400,'N',400,'2021-11-19 10:30:58','2021-11-19 10:30:58',400,NULL,_binary '\0','301@example.com',NULL,'301',_binary '\0','qq','temp123',_binary '\0',NULL,_binary '\0',_binary '',NULL,'301@example.com',NULL,NULL),(401,'N',401,'2021-11-19 10:30:59','2021-11-19 10:30:59',401,NULL,_binary '\0','302@example.com',NULL,'302',_binary '\0','qq','temp123',_binary '\0',NULL,_binary '\0',_binary '',NULL,'302@example.com',NULL,NULL),(402,'N',402,'2021-11-19 10:30:59','2021-11-19 10:30:59',402,NULL,_binary '\0','303@example.com',NULL,'303',_binary '\0','qq','temp123',_binary '\0',NULL,_binary '\0',_binary '',NULL,'303@example.com',NULL,NULL),(403,'N',403,'2021-11-19 10:30:59','2021-11-19 10:30:59',403,NULL,_binary '\0','304@example.com',NULL,'304',_binary '\0','qq','temp123',_binary '\0',NULL,_binary '\0',_binary '',NULL,'304@example.com',NULL,NULL),(404,'N',404,'2021-11-19 10:30:59','2021-11-19 10:30:59',404,NULL,_binary '\0','305@example.com',NULL,'305',_binary '\0','qq','temp123',_binary '\0',NULL,_binary '\0',_binary '',NULL,'305@example.com',NULL,NULL),(405,'N',405,'2021-11-19 10:31:00','2021-11-19 10:31:00',405,NULL,_binary '\0','306@example.com',NULL,'306',_binary '\0','qq','temp123',_binary '\0',NULL,_binary '\0',_binary '',NULL,'306@example.com',NULL,NULL),(406,'N',406,'2021-11-19 10:31:00','2021-11-19 10:31:00',406,NULL,_binary '\0','307@example.com',NULL,'307',_binary '\0','qq','temp123',_binary '\0',NULL,_binary '\0',_binary '',NULL,'307@example.com',NULL,NULL),(407,'N',407,'2021-11-19 10:31:00','2021-11-19 10:31:00',407,NULL,_binary '\0','308@example.com',NULL,'308',_binary '\0','qq','temp123',_binary '\0',NULL,_binary '\0',_binary '',NULL,'308@example.com',NULL,NULL),(408,'N',408,'2021-11-19 10:31:00','2021-11-19 10:31:00',408,NULL,_binary '\0','309@example.com',NULL,'309',_binary '\0','qq','temp123',_binary '\0',NULL,_binary '\0',_binary '',NULL,'309@example.com',NULL,NULL),(409,'N',409,'2021-11-19 10:31:00','2021-11-19 10:31:00',409,NULL,_binary '\0','310@example.com',NULL,'310',_binary '\0','qq','temp123',_binary '\0',NULL,_binary '\0',_binary '',NULL,'310@example.com',NULL,NULL),(410,'N',410,'2021-11-19 10:31:01','2021-11-19 10:31:01',410,NULL,_binary '\0','311@example.com',NULL,'311',_binary '\0','qq','temp123',_binary '\0',NULL,_binary '\0',_binary '',NULL,'311@example.com',NULL,NULL),(411,'N',411,'2021-11-19 10:31:01','2021-11-19 10:31:01',411,NULL,_binary '\0','312@example.com',NULL,'312',_binary '\0','qq','temp123',_binary '\0',NULL,_binary '\0',_binary '',NULL,'312@example.com',NULL,NULL),(412,'N',412,'2021-11-19 10:31:01','2021-11-19 10:31:01',412,NULL,_binary '\0','313@example.com',NULL,'313',_binary '\0','qq','temp123',_binary '\0',NULL,_binary '\0',_binary '',NULL,'313@example.com',NULL,NULL),(413,'N',413,'2021-11-19 10:31:01','2021-11-19 10:31:01',413,NULL,_binary '\0','314@example.com',NULL,'314',_binary '\0','qq','temp123',_binary '\0',NULL,_binary '\0',_binary '',NULL,'314@example.com',NULL,NULL),(414,'N',414,'2021-11-19 10:31:02','2021-11-19 10:31:02',414,NULL,_binary '\0','315@example.com',NULL,'315',_binary '\0','qq','temp123',_binary '\0',NULL,_binary '\0',_binary '',NULL,'315@example.com',NULL,NULL),(415,'N',415,'2021-11-19 10:31:02','2021-11-19 10:31:02',415,NULL,_binary '\0','316@example.com',NULL,'316',_binary '\0','qq','temp123',_binary '\0',NULL,_binary '\0',_binary '',NULL,'316@example.com',NULL,NULL),(416,'N',416,'2021-11-19 10:31:02','2021-11-19 10:31:02',416,NULL,_binary '\0','317@example.com',NULL,'317',_binary '\0','qq','temp123',_binary '\0',NULL,_binary '\0',_binary '',NULL,'317@example.com',NULL,NULL),(417,'N',417,'2021-11-19 10:31:02','2021-11-19 10:31:02',417,NULL,_binary '\0','318@example.com',NULL,'318',_binary '\0','qq','temp123',_binary '\0',NULL,_binary '\0',_binary '',NULL,'318@example.com',NULL,NULL),(418,'N',418,'2021-11-19 10:31:03','2021-11-19 10:31:03',418,NULL,_binary '\0','319@example.com',NULL,'319',_binary '\0','qq','temp123',_binary '\0',NULL,_binary '\0',_binary '',NULL,'319@example.com',NULL,NULL),(419,'N',419,'2021-11-19 10:31:03','2021-11-19 10:31:03',419,NULL,_binary '\0','320@example.com',NULL,'320',_binary '\0','qq','temp123',_binary '\0',NULL,_binary '\0',_binary '',NULL,'320@example.com',NULL,NULL),(420,'N',420,'2021-11-19 10:31:03','2021-11-19 10:31:03',420,NULL,_binary '\0','321@example.com',NULL,'321',_binary '\0','qq','temp123',_binary '\0',NULL,_binary '\0',_binary '',NULL,'321@example.com',NULL,NULL),(421,'N',421,'2021-11-19 10:31:03','2021-11-19 10:31:03',421,NULL,_binary '\0','322@example.com',NULL,'322',_binary '\0','qq','temp123',_binary '\0',NULL,_binary '\0',_binary '',NULL,'322@example.com',NULL,NULL),(422,'N',422,'2021-11-19 10:31:03','2021-11-19 10:31:03',422,NULL,_binary '\0','323@example.com',NULL,'323',_binary '\0','qq','temp123',_binary '\0',NULL,_binary '\0',_binary '',NULL,'323@example.com',NULL,NULL),(423,'N',423,'2021-11-19 10:31:04','2021-11-19 10:31:04',423,NULL,_binary '\0','324@example.com',NULL,'324',_binary '\0','qq','temp123',_binary '\0',NULL,_binary '\0',_binary '',NULL,'324@example.com',NULL,NULL),(424,'N',424,'2021-11-19 10:31:04','2021-11-19 10:31:04',424,NULL,_binary '\0','325@example.com',NULL,'325',_binary '\0','qq','temp123',_binary '\0',NULL,_binary '\0',_binary '',NULL,'325@example.com',NULL,NULL),(425,'N',425,'2021-11-19 10:31:04','2021-11-19 10:31:04',425,NULL,_binary '\0','326@example.com',NULL,'326',_binary '\0','qq','temp123',_binary '\0',NULL,_binary '\0',_binary '',NULL,'326@example.com',NULL,NULL),(426,'N',426,'2021-11-19 10:31:04','2021-11-19 10:31:04',426,NULL,_binary '\0','327@example.com',NULL,'327',_binary '\0','qq','temp123',_binary '\0',NULL,_binary '\0',_binary '',NULL,'327@example.com',NULL,NULL),(427,'N',427,'2021-11-19 10:31:05','2021-11-19 10:31:05',427,NULL,_binary '\0','328@example.com',NULL,'328',_binary '\0','qq','temp123',_binary '\0',NULL,_binary '\0',_binary '',NULL,'328@example.com',NULL,NULL),(428,'N',428,'2021-11-19 10:31:05','2021-11-19 10:31:05',428,NULL,_binary '\0','329@example.com',NULL,'329',_binary '\0','qq','temp123',_binary '\0',NULL,_binary '\0',_binary '',NULL,'329@example.com',NULL,NULL),(429,'N',429,'2021-11-19 10:31:05','2021-11-19 10:31:05',429,NULL,_binary '\0','330@example.com',NULL,'330',_binary '\0','qq','temp123',_binary '\0',NULL,_binary '\0',_binary '',NULL,'330@example.com',NULL,NULL),(430,'N',430,'2021-11-19 10:31:05','2021-11-19 10:31:05',430,NULL,_binary '\0','331@example.com',NULL,'331',_binary '\0','qq','temp123',_binary '\0',NULL,_binary '\0',_binary '',NULL,'331@example.com',NULL,NULL),(431,'N',431,'2021-11-19 10:31:05','2021-11-19 10:31:05',431,NULL,_binary '\0','332@example.com',NULL,'332',_binary '\0','qq','temp123',_binary '\0',NULL,_binary '\0',_binary '',NULL,'332@example.com',NULL,NULL),(432,'N',432,'2021-11-19 10:31:06','2021-11-19 10:31:06',432,NULL,_binary '\0','333@example.com',NULL,'333',_binary '\0','qq','temp123',_binary '\0',NULL,_binary '\0',_binary '',NULL,'333@example.com',NULL,NULL),(433,'N',433,'2021-11-19 10:31:06','2021-11-19 10:31:06',433,NULL,_binary '\0','334@example.com',NULL,'334',_binary '\0','qq','temp123',_binary '\0',NULL,_binary '\0',_binary '',NULL,'334@example.com',NULL,NULL),(434,'N',434,'2021-11-19 10:31:06','2021-11-19 10:31:06',434,NULL,_binary '\0','335@example.com',NULL,'335',_binary '\0','qq','temp123',_binary '\0',NULL,_binary '\0',_binary '',NULL,'335@example.com',NULL,NULL),(435,'N',435,'2021-11-19 10:31:06','2021-11-19 10:31:06',435,NULL,_binary '\0','336@example.com',NULL,'336',_binary '\0','qq','temp123',_binary '\0',NULL,_binary '\0',_binary '',NULL,'336@example.com',NULL,NULL),(436,'N',436,'2021-11-19 10:31:07','2021-11-19 10:31:07',436,NULL,_binary '\0','337@example.com',NULL,'337',_binary '\0','qq','temp123',_binary '\0',NULL,_binary '\0',_binary '',NULL,'337@example.com',NULL,NULL),(437,'N',437,'2021-11-19 10:31:07','2021-11-19 10:31:07',437,NULL,_binary '\0','338@example.com',NULL,'338',_binary '\0','qq','temp123',_binary '\0',NULL,_binary '\0',_binary '',NULL,'338@example.com',NULL,NULL),(438,'N',438,'2021-11-19 10:31:07','2021-11-19 10:31:07',438,NULL,_binary '\0','339@example.com',NULL,'339',_binary '\0','qq','temp123',_binary '\0',NULL,_binary '\0',_binary '',NULL,'339@example.com',NULL,NULL),(439,'N',439,'2021-11-19 10:31:07','2021-11-19 10:31:07',439,NULL,_binary '\0','340@example.com',NULL,'340',_binary '\0','qq','temp123',_binary '\0',NULL,_binary '\0',_binary '',NULL,'340@example.com',NULL,NULL),(440,'N',440,'2021-11-19 10:31:08','2021-11-19 10:31:08',440,NULL,_binary '\0','341@example.com',NULL,'341',_binary '\0','qq','temp123',_binary '\0',NULL,_binary '\0',_binary '',NULL,'341@example.com',NULL,NULL),(441,'N',441,'2021-11-19 10:31:08','2021-11-19 10:31:08',441,NULL,_binary '\0','342@example.com',NULL,'342',_binary '\0','qq','temp123',_binary '\0',NULL,_binary '\0',_binary '',NULL,'342@example.com',NULL,NULL),(442,'N',442,'2021-11-19 10:31:08','2021-11-19 10:31:08',442,NULL,_binary '\0','343@example.com',NULL,'343',_binary '\0','qq','temp123',_binary '\0',NULL,_binary '\0',_binary '',NULL,'343@example.com',NULL,NULL),(443,'N',443,'2021-11-19 10:31:08','2021-11-19 10:31:08',443,NULL,_binary '\0','344@example.com',NULL,'344',_binary '\0','qq','temp123',_binary '\0',NULL,_binary '\0',_binary '',NULL,'344@example.com',NULL,NULL),(444,'N',444,'2021-11-19 10:31:08','2021-11-19 10:31:08',444,NULL,_binary '\0','345@example.com',NULL,'345',_binary '\0','qq','temp123',_binary '\0',NULL,_binary '\0',_binary '',NULL,'345@example.com',NULL,NULL),(445,'N',445,'2021-11-19 10:31:09','2021-11-19 10:31:09',445,NULL,_binary '\0','346@example.com',NULL,'346',_binary '\0','qq','temp123',_binary '\0',NULL,_binary '\0',_binary '',NULL,'346@example.com',NULL,NULL),(446,'N',446,'2021-11-19 10:31:09','2021-11-19 10:31:09',446,NULL,_binary '\0','347@example.com',NULL,'347',_binary '\0','qq','temp123',_binary '\0',NULL,_binary '\0',_binary '',NULL,'347@example.com',NULL,NULL),(447,'N',447,'2021-11-19 10:31:09','2021-11-19 10:31:09',447,NULL,_binary '\0','348@example.com',NULL,'348',_binary '\0','qq','temp123',_binary '\0',NULL,_binary '\0',_binary '',NULL,'348@example.com',NULL,NULL),(448,'N',448,'2021-11-19 10:31:09','2021-11-19 10:31:09',448,NULL,_binary '\0','349@example.com',NULL,'349',_binary '\0','qq','temp123',_binary '\0',NULL,_binary '\0',_binary '',NULL,'349@example.com',NULL,NULL),(449,'N',449,'2021-11-19 10:31:10','2021-11-19 10:31:10',449,NULL,_binary '\0','350@example.com',NULL,'350',_binary '\0','qq','temp123',_binary '\0',NULL,_binary '\0',_binary '',NULL,'350@example.com',NULL,NULL),(450,'N',450,'2021-11-19 10:31:10','2021-11-19 10:31:10',450,NULL,_binary '\0','351@example.com',NULL,'351',_binary '\0','qq','temp123',_binary '\0',NULL,_binary '\0',_binary '',NULL,'351@example.com',NULL,NULL),(451,'N',451,'2021-11-19 10:31:10','2021-11-19 10:31:10',451,NULL,_binary '\0','352@example.com',NULL,'352',_binary '\0','qq','temp123',_binary '\0',NULL,_binary '\0',_binary '',NULL,'352@example.com',NULL,NULL),(452,'N',452,'2021-11-19 10:31:10','2021-11-19 10:31:10',452,NULL,_binary '\0','353@example.com',NULL,'353',_binary '\0','qq','temp123',_binary '\0',NULL,_binary '\0',_binary '',NULL,'353@example.com',NULL,NULL),(453,'N',453,'2021-11-19 10:31:11','2021-11-19 10:31:11',453,NULL,_binary '\0','354@example.com',NULL,'354',_binary '\0','qq','temp123',_binary '\0',NULL,_binary '\0',_binary '',NULL,'354@example.com',NULL,NULL),(454,'N',454,'2021-11-19 10:31:11','2021-11-19 10:31:11',454,NULL,_binary '\0','355@example.com',NULL,'355',_binary '\0','qq','temp123',_binary '\0',NULL,_binary '\0',_binary '',NULL,'355@example.com',NULL,NULL),(455,'N',455,'2021-11-19 10:31:11','2021-11-19 10:31:11',455,NULL,_binary '\0','356@example.com',NULL,'356',_binary '\0','qq','temp123',_binary '\0',NULL,_binary '\0',_binary '',NULL,'356@example.com',NULL,NULL),(456,'N',456,'2021-11-19 10:31:11','2021-11-19 10:31:11',456,NULL,_binary '\0','357@example.com',NULL,'357',_binary '\0','qq','temp123',_binary '\0',NULL,_binary '\0',_binary '',NULL,'357@example.com',NULL,NULL),(457,'N',457,'2021-11-19 10:31:11','2021-11-19 10:31:11',457,NULL,_binary '\0','358@example.com',NULL,'358',_binary '\0','qq','temp123',_binary '\0',NULL,_binary '\0',_binary '',NULL,'358@example.com',NULL,NULL),(458,'N',458,'2021-11-19 10:31:12','2021-11-19 10:31:12',458,NULL,_binary '\0','359@example.com',NULL,'359',_binary '\0','qq','temp123',_binary '\0',NULL,_binary '\0',_binary '',NULL,'359@example.com',NULL,NULL),(459,'N',459,'2021-11-19 10:31:12','2021-11-19 10:31:12',459,NULL,_binary '\0','360@example.com',NULL,'360',_binary '\0','qq','temp123',_binary '\0',NULL,_binary '\0',_binary '',NULL,'360@example.com',NULL,NULL),(460,'N',460,'2021-11-19 10:31:12','2021-11-19 10:31:12',460,NULL,_binary '\0','361@example.com',NULL,'361',_binary '\0','qq','temp123',_binary '\0',NULL,_binary '\0',_binary '',NULL,'361@example.com',NULL,NULL),(461,'N',461,'2021-11-19 10:31:12','2021-11-19 10:31:12',461,NULL,_binary '\0','362@example.com',NULL,'362',_binary '\0','qq','temp123',_binary '\0',NULL,_binary '\0',_binary '',NULL,'362@example.com',NULL,NULL),(462,'N',462,'2021-11-19 10:31:12','2021-11-19 10:31:12',462,NULL,_binary '\0','363@example.com',NULL,'363',_binary '\0','qq','temp123',_binary '\0',NULL,_binary '\0',_binary '',NULL,'363@example.com',NULL,NULL),(463,'N',463,'2021-11-19 10:31:13','2021-11-19 10:31:13',463,NULL,_binary '\0','364@example.com',NULL,'364',_binary '\0','qq','temp123',_binary '\0',NULL,_binary '\0',_binary '',NULL,'364@example.com',NULL,NULL),(464,'N',464,'2021-11-19 10:31:13','2021-11-19 10:31:13',464,NULL,_binary '\0','365@example.com',NULL,'365',_binary '\0','qq','temp123',_binary '\0',NULL,_binary '\0',_binary '',NULL,'365@example.com',NULL,NULL),(465,'N',465,'2021-11-19 10:31:13','2021-11-19 10:31:13',465,NULL,_binary '\0','366@example.com',NULL,'366',_binary '\0','qq','temp123',_binary '\0',NULL,_binary '\0',_binary '',NULL,'366@example.com',NULL,NULL),(466,'N',466,'2021-11-19 10:31:13','2021-11-19 10:31:13',466,NULL,_binary '\0','367@example.com',NULL,'367',_binary '\0','qq','temp123',_binary '\0',NULL,_binary '\0',_binary '',NULL,'367@example.com',NULL,NULL),(467,'N',467,'2021-11-19 10:31:14','2021-11-19 10:31:14',467,NULL,_binary '\0','368@example.com',NULL,'368',_binary '\0','qq','temp123',_binary '\0',NULL,_binary '\0',_binary '',NULL,'368@example.com',NULL,NULL),(468,'N',468,'2021-11-19 10:31:14','2021-11-19 10:31:14',468,NULL,_binary '\0','369@example.com',NULL,'369',_binary '\0','qq','temp123',_binary '\0',NULL,_binary '\0',_binary '',NULL,'369@example.com',NULL,NULL),(469,'N',469,'2021-11-19 10:31:14','2021-11-19 10:31:14',469,NULL,_binary '\0','370@example.com',NULL,'370',_binary '\0','qq','temp123',_binary '\0',NULL,_binary '\0',_binary '',NULL,'370@example.com',NULL,NULL),(470,'N',470,'2021-11-19 10:31:14','2021-11-19 10:31:14',470,NULL,_binary '\0','371@example.com',NULL,'371',_binary '\0','qq','temp123',_binary '\0',NULL,_binary '\0',_binary '',NULL,'371@example.com',NULL,NULL),(471,'N',471,'2021-11-19 10:31:14','2021-11-19 10:31:14',471,NULL,_binary '\0','372@example.com',NULL,'372',_binary '\0','qq','temp123',_binary '\0',NULL,_binary '\0',_binary '',NULL,'372@example.com',NULL,NULL),(472,'N',472,'2021-11-19 10:31:15','2021-11-19 10:31:15',472,NULL,_binary '\0','373@example.com',NULL,'373',_binary '\0','qq','temp123',_binary '\0',NULL,_binary '\0',_binary '',NULL,'373@example.com',NULL,NULL),(473,'N',473,'2021-11-19 10:31:15','2021-11-19 10:31:15',473,NULL,_binary '\0','374@example.com',NULL,'374',_binary '\0','qq','temp123',_binary '\0',NULL,_binary '\0',_binary '',NULL,'374@example.com',NULL,NULL),(474,'N',474,'2021-11-19 10:31:15','2021-11-19 10:31:15',474,NULL,_binary '\0','375@example.com',NULL,'375',_binary '\0','qq','temp123',_binary '\0',NULL,_binary '\0',_binary '',NULL,'375@example.com',NULL,NULL),(475,'N',475,'2021-11-19 10:31:15','2021-11-19 10:31:15',475,NULL,_binary '\0','376@example.com',NULL,'376',_binary '\0','qq','temp123',_binary '\0',NULL,_binary '\0',_binary '',NULL,'376@example.com',NULL,NULL),(476,'N',476,'2021-11-19 10:31:15','2021-11-19 10:31:15',476,NULL,_binary '\0','377@example.com',NULL,'377',_binary '\0','qq','temp123',_binary '\0',NULL,_binary '\0',_binary '',NULL,'377@example.com',NULL,NULL),(477,'N',477,'2021-11-19 10:31:16','2021-11-19 10:31:16',477,NULL,_binary '\0','378@example.com',NULL,'378',_binary '\0','qq','temp123',_binary '\0',NULL,_binary '\0',_binary '',NULL,'378@example.com',NULL,NULL),(478,'N',478,'2021-11-19 10:31:16','2021-11-19 10:31:16',478,NULL,_binary '\0','379@example.com',NULL,'379',_binary '\0','qq','temp123',_binary '\0',NULL,_binary '\0',_binary '',NULL,'379@example.com',NULL,NULL),(479,'N',479,'2021-11-19 10:31:16','2021-11-19 10:31:16',479,NULL,_binary '\0','380@example.com',NULL,'380',_binary '\0','qq','temp123',_binary '\0',NULL,_binary '\0',_binary '',NULL,'380@example.com',NULL,NULL),(480,'N',480,'2021-11-19 10:31:16','2021-11-19 10:31:16',480,NULL,_binary '\0','381@example.com',NULL,'381',_binary '\0','qq','temp123',_binary '\0',NULL,_binary '\0',_binary '',NULL,'381@example.com',NULL,NULL),(481,'N',481,'2021-11-19 10:31:17','2021-11-19 10:31:17',481,NULL,_binary '\0','382@example.com',NULL,'382',_binary '\0','qq','temp123',_binary '\0',NULL,_binary '\0',_binary '',NULL,'382@example.com',NULL,NULL),(482,'N',482,'2021-11-19 10:31:17','2021-11-19 10:31:17',482,NULL,_binary '\0','383@example.com',NULL,'383',_binary '\0','qq','temp123',_binary '\0',NULL,_binary '\0',_binary '',NULL,'383@example.com',NULL,NULL),(483,'N',483,'2021-11-19 10:31:17','2021-11-19 10:31:17',483,NULL,_binary '\0','384@example.com',NULL,'384',_binary '\0','qq','temp123',_binary '\0',NULL,_binary '\0',_binary '',NULL,'384@example.com',NULL,NULL),(484,'N',484,'2021-11-19 10:31:17','2021-11-19 10:31:17',484,NULL,_binary '\0','385@example.com',NULL,'385',_binary '\0','qq','temp123',_binary '\0',NULL,_binary '\0',_binary '',NULL,'385@example.com',NULL,NULL),(485,'N',485,'2021-11-19 10:31:17','2021-11-19 10:31:17',485,NULL,_binary '\0','386@example.com',NULL,'386',_binary '\0','qq','temp123',_binary '\0',NULL,_binary '\0',_binary '',NULL,'386@example.com',NULL,NULL),(486,'N',486,'2021-11-19 10:31:18','2021-11-19 10:31:18',486,NULL,_binary '\0','387@example.com',NULL,'387',_binary '\0','qq','temp123',_binary '\0',NULL,_binary '\0',_binary '',NULL,'387@example.com',NULL,NULL),(487,'N',487,'2021-11-19 10:31:18','2021-11-19 10:31:18',487,NULL,_binary '\0','388@example.com',NULL,'388',_binary '\0','qq','temp123',_binary '\0',NULL,_binary '\0',_binary '',NULL,'388@example.com',NULL,NULL),(488,'N',488,'2021-11-19 10:31:18','2021-11-19 10:31:18',488,NULL,_binary '\0','389@example.com',NULL,'389',_binary '\0','qq','temp123',_binary '\0',NULL,_binary '\0',_binary '',NULL,'389@example.com',NULL,NULL),(489,'N',489,'2021-11-19 10:31:18','2021-11-19 10:31:18',489,NULL,_binary '\0','390@example.com',NULL,'390',_binary '\0','qq','temp123',_binary '\0',NULL,_binary '\0',_binary '',NULL,'390@example.com',NULL,NULL),(490,'N',490,'2021-11-19 10:31:19','2021-11-19 10:31:19',490,NULL,_binary '\0','391@example.com',NULL,'391',_binary '\0','qq','temp123',_binary '\0',NULL,_binary '\0',_binary '',NULL,'391@example.com',NULL,NULL),(491,'N',491,'2021-11-19 10:31:19','2021-11-19 10:31:19',491,NULL,_binary '\0','392@example.com',NULL,'392',_binary '\0','qq','temp123',_binary '\0',NULL,_binary '\0',_binary '',NULL,'392@example.com',NULL,NULL),(492,'N',492,'2021-11-19 10:31:19','2021-11-19 10:31:19',492,NULL,_binary '\0','393@example.com',NULL,'393',_binary '\0','qq','temp123',_binary '\0',NULL,_binary '\0',_binary '',NULL,'393@example.com',NULL,NULL),(493,'N',493,'2021-11-19 10:31:19','2021-11-19 10:31:19',493,NULL,_binary '\0','394@example.com',NULL,'394',_binary '\0','qq','temp123',_binary '\0',NULL,_binary '\0',_binary '',NULL,'394@example.com',NULL,NULL),(494,'N',494,'2021-11-19 10:31:19','2021-11-19 10:31:19',494,NULL,_binary '\0','395@example.com',NULL,'395',_binary '\0','qq','temp123',_binary '\0',NULL,_binary '\0',_binary '',NULL,'395@example.com',NULL,NULL),(495,'N',495,'2021-11-19 10:31:20','2021-11-19 10:31:20',495,NULL,_binary '\0','396@example.com',NULL,'396',_binary '\0','qq','temp123',_binary '\0',NULL,_binary '\0',_binary '',NULL,'396@example.com',NULL,NULL),(496,'N',496,'2021-11-19 10:31:20','2021-11-19 10:31:20',496,NULL,_binary '\0','397@example.com',NULL,'397',_binary '\0','qq','temp123',_binary '\0',NULL,_binary '\0',_binary '',NULL,'397@example.com',NULL,NULL),(497,'N',497,'2021-11-19 10:31:20','2021-11-19 10:31:20',497,NULL,_binary '\0','398@example.com',NULL,'398',_binary '\0','qq','temp123',_binary '\0',NULL,_binary '\0',_binary '',NULL,'398@example.com',NULL,NULL),(498,'N',498,'2021-11-19 10:31:20','2021-11-19 10:31:20',498,NULL,_binary '\0','399@example.com',NULL,'399',_binary '\0','qq','temp123',_binary '\0',NULL,_binary '\0',_binary '',NULL,'399@example.com',NULL,NULL),(499,'N',499,'2021-11-19 10:31:21','2021-11-19 10:31:21',499,NULL,_binary '\0','400@example.com',NULL,'400',_binary '\0','qq','temp123',_binary '\0',NULL,_binary '\0',_binary '',NULL,'400@example.com',NULL,NULL),(500,'N',500,'2021-11-19 10:31:21','2021-11-19 10:31:21',500,NULL,_binary '\0','401@example.com',NULL,'401',_binary '\0','qq','temp123',_binary '\0',NULL,_binary '\0',_binary '',NULL,'401@example.com',NULL,NULL),(501,'N',501,'2021-11-19 10:31:21','2021-11-19 10:31:21',501,NULL,_binary '\0','402@example.com',NULL,'402',_binary '\0','qq','temp123',_binary '\0',NULL,_binary '\0',_binary '',NULL,'402@example.com',NULL,NULL),(502,'N',502,'2021-11-19 10:31:21','2021-11-19 10:31:21',502,NULL,_binary '\0','403@example.com',NULL,'403',_binary '\0','qq','temp123',_binary '\0',NULL,_binary '\0',_binary '',NULL,'403@example.com',NULL,NULL),(503,'N',503,'2021-11-19 10:31:21','2021-11-19 10:31:21',503,NULL,_binary '\0','404@example.com',NULL,'404',_binary '\0','qq','temp123',_binary '\0',NULL,_binary '\0',_binary '',NULL,'404@example.com',NULL,NULL),(504,'N',504,'2021-11-19 10:31:22','2021-11-19 10:31:22',504,NULL,_binary '\0','405@example.com',NULL,'405',_binary '\0','qq','temp123',_binary '\0',NULL,_binary '\0',_binary '',NULL,'405@example.com',NULL,NULL),(505,'N',505,'2021-11-19 10:31:22','2021-11-19 10:31:22',505,NULL,_binary '\0','406@example.com',NULL,'406',_binary '\0','qq','temp123',_binary '\0',NULL,_binary '\0',_binary '',NULL,'406@example.com',NULL,NULL),(506,'N',506,'2021-11-19 10:31:22','2021-11-19 10:31:22',506,NULL,_binary '\0','407@example.com',NULL,'407',_binary '\0','qq','temp123',_binary '\0',NULL,_binary '\0',_binary '',NULL,'407@example.com',NULL,NULL),(507,'N',507,'2021-11-19 10:31:22','2021-11-19 10:31:22',507,NULL,_binary '\0','408@example.com',NULL,'408',_binary '\0','qq','temp123',_binary '\0',NULL,_binary '\0',_binary '',NULL,'408@example.com',NULL,NULL),(508,'N',508,'2021-11-19 10:31:23','2021-11-19 10:31:23',508,NULL,_binary '\0','409@example.com',NULL,'409',_binary '\0','qq','temp123',_binary '\0',NULL,_binary '\0',_binary '',NULL,'409@example.com',NULL,NULL),(509,'N',509,'2021-11-19 10:31:23','2021-11-19 10:31:23',509,NULL,_binary '\0','410@example.com',NULL,'410',_binary '\0','qq','temp123',_binary '\0',NULL,_binary '\0',_binary '',NULL,'410@example.com',NULL,NULL),(510,'N',510,'2021-11-19 10:31:23','2021-11-19 10:31:23',510,NULL,_binary '\0','411@example.com',NULL,'411',_binary '\0','qq','temp123',_binary '\0',NULL,_binary '\0',_binary '',NULL,'411@example.com',NULL,NULL),(511,'N',511,'2021-11-19 10:31:23','2021-11-19 10:31:23',511,NULL,_binary '\0','412@example.com',NULL,'412',_binary '\0','qq','temp123',_binary '\0',NULL,_binary '\0',_binary '',NULL,'412@example.com',NULL,NULL),(512,'N',512,'2021-11-19 10:31:23','2021-11-19 10:31:23',512,NULL,_binary '\0','413@example.com',NULL,'413',_binary '\0','qq','temp123',_binary '\0',NULL,_binary '\0',_binary '',NULL,'413@example.com',NULL,NULL),(513,'N',513,'2021-11-19 10:31:24','2021-11-19 10:31:24',513,NULL,_binary '\0','414@example.com',NULL,'414',_binary '\0','qq','temp123',_binary '\0',NULL,_binary '\0',_binary '',NULL,'414@example.com',NULL,NULL),(514,'N',514,'2021-11-19 10:31:24','2021-11-19 10:31:24',514,NULL,_binary '\0','415@example.com',NULL,'415',_binary '\0','qq','temp123',_binary '\0',NULL,_binary '\0',_binary '',NULL,'415@example.com',NULL,NULL),(515,'N',515,'2021-11-19 10:31:24','2021-11-19 10:31:24',515,NULL,_binary '\0','416@example.com',NULL,'416',_binary '\0','qq','temp123',_binary '\0',NULL,_binary '\0',_binary '',NULL,'416@example.com',NULL,NULL),(516,'N',516,'2021-11-19 10:31:24','2021-11-19 10:31:24',516,NULL,_binary '\0','417@example.com',NULL,'417',_binary '\0','qq','temp123',_binary '\0',NULL,_binary '\0',_binary '',NULL,'417@example.com',NULL,NULL),(517,'N',517,'2021-11-19 10:31:25','2021-11-19 10:31:25',517,NULL,_binary '\0','418@example.com',NULL,'418',_binary '\0','qq','temp123',_binary '\0',NULL,_binary '\0',_binary '',NULL,'418@example.com',NULL,NULL),(518,'N',518,'2021-11-19 10:31:25','2021-11-19 10:31:25',518,NULL,_binary '\0','419@example.com',NULL,'419',_binary '\0','qq','temp123',_binary '\0',NULL,_binary '\0',_binary '',NULL,'419@example.com',NULL,NULL),(519,'N',519,'2021-11-19 10:31:25','2021-11-19 10:31:25',519,NULL,_binary '\0','420@example.com',NULL,'420',_binary '\0','qq','temp123',_binary '\0',NULL,_binary '\0',_binary '',NULL,'420@example.com',NULL,NULL),(520,'N',520,'2021-11-19 10:31:25','2021-11-19 10:31:25',520,NULL,_binary '\0','421@example.com',NULL,'421',_binary '\0','qq','temp123',_binary '\0',NULL,_binary '\0',_binary '',NULL,'421@example.com',NULL,NULL),(521,'N',521,'2021-11-19 10:31:26','2021-11-19 10:31:26',521,NULL,_binary '\0','422@example.com',NULL,'422',_binary '\0','qq','temp123',_binary '\0',NULL,_binary '\0',_binary '',NULL,'422@example.com',NULL,NULL),(522,'N',522,'2021-11-19 10:31:26','2021-11-19 10:31:26',522,NULL,_binary '\0','423@example.com',NULL,'423',_binary '\0','qq','temp123',_binary '\0',NULL,_binary '\0',_binary '',NULL,'423@example.com',NULL,NULL),(523,'N',523,'2021-11-19 10:31:26','2021-11-19 10:31:26',523,NULL,_binary '\0','424@example.com',NULL,'424',_binary '\0','qq','temp123',_binary '\0',NULL,_binary '\0',_binary '',NULL,'424@example.com',NULL,NULL),(524,'N',524,'2021-11-19 10:31:26','2021-11-19 10:31:26',524,NULL,_binary '\0','425@example.com',NULL,'425',_binary '\0','qq','temp123',_binary '\0',NULL,_binary '\0',_binary '',NULL,'425@example.com',NULL,NULL),(525,'N',525,'2021-11-19 10:31:26','2021-11-19 10:31:26',525,NULL,_binary '\0','426@example.com',NULL,'426',_binary '\0','qq','temp123',_binary '\0',NULL,_binary '\0',_binary '',NULL,'426@example.com',NULL,NULL),(526,'N',526,'2021-11-19 10:31:27','2021-11-19 10:31:27',526,NULL,_binary '\0','427@example.com',NULL,'427',_binary '\0','qq','temp123',_binary '\0',NULL,_binary '\0',_binary '',NULL,'427@example.com',NULL,NULL),(527,'N',527,'2021-11-19 10:31:27','2021-11-19 10:31:27',527,NULL,_binary '\0','428@example.com',NULL,'428',_binary '\0','qq','temp123',_binary '\0',NULL,_binary '\0',_binary '',NULL,'428@example.com',NULL,NULL),(528,'N',528,'2021-11-19 10:31:27','2021-11-19 10:31:27',528,NULL,_binary '\0','429@example.com',NULL,'429',_binary '\0','qq','temp123',_binary '\0',NULL,_binary '\0',_binary '',NULL,'429@example.com',NULL,NULL),(529,'N',529,'2021-11-19 10:31:27','2021-11-19 10:31:27',529,NULL,_binary '\0','430@example.com',NULL,'430',_binary '\0','qq','temp123',_binary '\0',NULL,_binary '\0',_binary '',NULL,'430@example.com',NULL,NULL),(530,'N',530,'2021-11-19 10:31:27','2021-11-19 10:31:27',530,NULL,_binary '\0','431@example.com',NULL,'431',_binary '\0','qq','temp123',_binary '\0',NULL,_binary '\0',_binary '',NULL,'431@example.com',NULL,NULL),(531,'N',531,'2021-11-19 10:31:28','2021-11-19 10:31:28',531,NULL,_binary '\0','432@example.com',NULL,'432',_binary '\0','qq','temp123',_binary '\0',NULL,_binary '\0',_binary '',NULL,'432@example.com',NULL,NULL),(532,'N',532,'2021-11-19 10:31:28','2021-11-19 10:31:28',532,NULL,_binary '\0','433@example.com',NULL,'433',_binary '\0','qq','temp123',_binary '\0',NULL,_binary '\0',_binary '',NULL,'433@example.com',NULL,NULL),(533,'N',533,'2021-11-19 10:31:28','2021-11-19 10:31:28',533,NULL,_binary '\0','434@example.com',NULL,'434',_binary '\0','qq','temp123',_binary '\0',NULL,_binary '\0',_binary '',NULL,'434@example.com',NULL,NULL),(534,'N',534,'2021-11-19 10:31:28','2021-11-19 10:31:28',534,NULL,_binary '\0','435@example.com',NULL,'435',_binary '\0','qq','temp123',_binary '\0',NULL,_binary '\0',_binary '',NULL,'435@example.com',NULL,NULL),(535,'N',535,'2021-11-19 10:31:29','2021-11-19 10:31:29',535,NULL,_binary '\0','436@example.com',NULL,'436',_binary '\0','qq','temp123',_binary '\0',NULL,_binary '\0',_binary '',NULL,'436@example.com',NULL,NULL),(536,'N',536,'2021-11-19 10:31:29','2021-11-19 10:31:29',536,NULL,_binary '\0','437@example.com',NULL,'437',_binary '\0','qq','temp123',_binary '\0',NULL,_binary '\0',_binary '',NULL,'437@example.com',NULL,NULL),(537,'N',537,'2021-11-19 10:31:29','2021-11-19 10:31:29',537,NULL,_binary '\0','438@example.com',NULL,'438',_binary '\0','qq','temp123',_binary '\0',NULL,_binary '\0',_binary '',NULL,'438@example.com',NULL,NULL),(538,'N',538,'2021-11-19 10:31:29','2021-11-19 10:31:29',538,NULL,_binary '\0','439@example.com',NULL,'439',_binary '\0','qq','temp123',_binary '\0',NULL,_binary '\0',_binary '',NULL,'439@example.com',NULL,NULL),(539,'N',539,'2021-11-19 10:31:30','2021-11-19 10:31:30',539,NULL,_binary '\0','440@example.com',NULL,'440',_binary '\0','qq','temp123',_binary '\0',NULL,_binary '\0',_binary '',NULL,'440@example.com',NULL,NULL),(540,'N',540,'2021-11-19 10:31:30','2021-11-19 10:31:30',540,NULL,_binary '\0','441@example.com',NULL,'441',_binary '\0','qq','temp123',_binary '\0',NULL,_binary '\0',_binary '',NULL,'441@example.com',NULL,NULL),(541,'N',541,'2021-11-19 10:31:30','2021-11-19 10:31:30',541,NULL,_binary '\0','442@example.com',NULL,'442',_binary '\0','qq','temp123',_binary '\0',NULL,_binary '\0',_binary '',NULL,'442@example.com',NULL,NULL),(542,'N',542,'2021-11-19 10:31:30','2021-11-19 10:31:30',542,NULL,_binary '\0','443@example.com',NULL,'443',_binary '\0','qq','temp123',_binary '\0',NULL,_binary '\0',_binary '',NULL,'443@example.com',NULL,NULL),(543,'N',543,'2021-11-19 10:31:30','2021-11-19 10:31:30',543,NULL,_binary '\0','444@example.com',NULL,'444',_binary '\0','qq','temp123',_binary '\0',NULL,_binary '\0',_binary '',NULL,'444@example.com',NULL,NULL),(544,'N',544,'2021-11-19 10:31:31','2021-11-19 10:31:31',544,NULL,_binary '\0','445@example.com',NULL,'445',_binary '\0','qq','temp123',_binary '\0',NULL,_binary '\0',_binary '',NULL,'445@example.com',NULL,NULL),(545,'N',545,'2021-11-19 10:31:31','2021-11-19 10:31:31',545,NULL,_binary '\0','446@example.com',NULL,'446',_binary '\0','qq','temp123',_binary '\0',NULL,_binary '\0',_binary '',NULL,'446@example.com',NULL,NULL),(546,'N',546,'2021-11-19 10:31:31','2021-11-19 10:31:31',546,NULL,_binary '\0','447@example.com',NULL,'447',_binary '\0','qq','temp123',_binary '\0',NULL,_binary '\0',_binary '',NULL,'447@example.com',NULL,NULL),(547,'N',547,'2021-11-19 10:31:31','2021-11-19 10:31:31',547,NULL,_binary '\0','448@example.com',NULL,'448',_binary '\0','qq','temp123',_binary '\0',NULL,_binary '\0',_binary '',NULL,'448@example.com',NULL,NULL),(548,'N',548,'2021-11-19 10:31:31','2021-11-19 10:31:31',548,NULL,_binary '\0','449@example.com',NULL,'449',_binary '\0','qq','temp123',_binary '\0',NULL,_binary '\0',_binary '',NULL,'449@example.com',NULL,NULL),(549,'N',549,'2021-11-19 10:31:32','2021-11-19 10:31:32',549,NULL,_binary '\0','450@example.com',NULL,'450',_binary '\0','qq','temp123',_binary '\0',NULL,_binary '\0',_binary '',NULL,'450@example.com',NULL,NULL),(550,'N',550,'2021-11-19 10:31:32','2021-11-19 10:31:32',550,NULL,_binary '\0','451@example.com',NULL,'451',_binary '\0','qq','temp123',_binary '\0',NULL,_binary '\0',_binary '',NULL,'451@example.com',NULL,NULL),(551,'N',551,'2021-11-19 10:31:32','2021-11-19 10:31:32',551,NULL,_binary '\0','452@example.com',NULL,'452',_binary '\0','qq','temp123',_binary '\0',NULL,_binary '\0',_binary '',NULL,'452@example.com',NULL,NULL),(552,'N',552,'2021-11-19 10:31:32','2021-11-19 10:31:32',552,NULL,_binary '\0','453@example.com',NULL,'453',_binary '\0','qq','temp123',_binary '\0',NULL,_binary '\0',_binary '',NULL,'453@example.com',NULL,NULL),(553,'N',553,'2021-11-19 10:31:33','2021-11-19 10:31:33',553,NULL,_binary '\0','454@example.com',NULL,'454',_binary '\0','qq','temp123',_binary '\0',NULL,_binary '\0',_binary '',NULL,'454@example.com',NULL,NULL),(554,'N',554,'2021-11-19 10:31:33','2021-11-19 10:31:33',554,NULL,_binary '\0','455@example.com',NULL,'455',_binary '\0','qq','temp123',_binary '\0',NULL,_binary '\0',_binary '',NULL,'455@example.com',NULL,NULL),(555,'N',555,'2021-11-19 10:31:33','2021-11-19 10:31:33',555,NULL,_binary '\0','456@example.com',NULL,'456',_binary '\0','qq','temp123',_binary '\0',NULL,_binary '\0',_binary '',NULL,'456@example.com',NULL,NULL),(556,'N',556,'2021-11-19 10:31:33','2021-11-19 10:31:33',556,NULL,_binary '\0','457@example.com',NULL,'457',_binary '\0','qq','temp123',_binary '\0',NULL,_binary '\0',_binary '',NULL,'457@example.com',NULL,NULL),(557,'N',557,'2021-11-19 10:31:33','2021-11-19 10:31:33',557,NULL,_binary '\0','458@example.com',NULL,'458',_binary '\0','qq','temp123',_binary '\0',NULL,_binary '\0',_binary '',NULL,'458@example.com',NULL,NULL),(558,'N',558,'2021-11-19 10:31:34','2021-11-19 10:31:34',558,NULL,_binary '\0','459@example.com',NULL,'459',_binary '\0','qq','temp123',_binary '\0',NULL,_binary '\0',_binary '',NULL,'459@example.com',NULL,NULL),(559,'N',559,'2021-11-19 10:31:34','2021-11-19 10:31:34',559,NULL,_binary '\0','460@example.com',NULL,'460',_binary '\0','qq','temp123',_binary '\0',NULL,_binary '\0',_binary '',NULL,'460@example.com',NULL,NULL),(560,'N',560,'2021-11-19 10:31:34','2021-11-19 10:31:34',560,NULL,_binary '\0','461@example.com',NULL,'461',_binary '\0','qq','temp123',_binary '\0',NULL,_binary '\0',_binary '',NULL,'461@example.com',NULL,NULL),(561,'N',561,'2021-11-19 10:31:34','2021-11-19 10:31:34',561,NULL,_binary '\0','462@example.com',NULL,'462',_binary '\0','qq','temp123',_binary '\0',NULL,_binary '\0',_binary '',NULL,'462@example.com',NULL,NULL),(562,'N',562,'2021-11-19 10:31:34','2021-11-19 10:31:34',562,NULL,_binary '\0','463@example.com',NULL,'463',_binary '\0','qq','temp123',_binary '\0',NULL,_binary '\0',_binary '',NULL,'463@example.com',NULL,NULL),(563,'N',563,'2021-11-19 10:31:35','2021-11-19 10:31:35',563,NULL,_binary '\0','464@example.com',NULL,'464',_binary '\0','qq','temp123',_binary '\0',NULL,_binary '\0',_binary '',NULL,'464@example.com',NULL,NULL),(564,'N',564,'2021-11-19 10:31:35','2021-11-19 10:31:35',564,NULL,_binary '\0','465@example.com',NULL,'465',_binary '\0','qq','temp123',_binary '\0',NULL,_binary '\0',_binary '',NULL,'465@example.com',NULL,NULL),(565,'N',565,'2021-11-19 10:31:35','2021-11-19 10:31:35',565,NULL,_binary '\0','466@example.com',NULL,'466',_binary '\0','qq','temp123',_binary '\0',NULL,_binary '\0',_binary '',NULL,'466@example.com',NULL,NULL),(566,'N',566,'2021-11-19 10:31:35','2021-11-19 10:31:35',566,NULL,_binary '\0','467@example.com',NULL,'467',_binary '\0','qq','temp123',_binary '\0',NULL,_binary '\0',_binary '',NULL,'467@example.com',NULL,NULL),(567,'N',567,'2021-11-19 10:31:35','2021-11-19 10:31:35',567,NULL,_binary '\0','468@example.com',NULL,'468',_binary '\0','qq','temp123',_binary '\0',NULL,_binary '\0',_binary '',NULL,'468@example.com',NULL,NULL),(568,'N',568,'2021-11-19 10:31:36','2021-11-19 10:31:36',568,NULL,_binary '\0','469@example.com',NULL,'469',_binary '\0','qq','temp123',_binary '\0',NULL,_binary '\0',_binary '',NULL,'469@example.com',NULL,NULL),(569,'N',569,'2021-11-19 10:31:36','2021-11-19 10:31:36',569,NULL,_binary '\0','470@example.com',NULL,'470',_binary '\0','qq','temp123',_binary '\0',NULL,_binary '\0',_binary '',NULL,'470@example.com',NULL,NULL),(570,'N',570,'2021-11-19 10:31:36','2021-11-19 10:31:36',570,NULL,_binary '\0','471@example.com',NULL,'471',_binary '\0','qq','temp123',_binary '\0',NULL,_binary '\0',_binary '',NULL,'471@example.com',NULL,NULL),(571,'N',571,'2021-11-19 10:31:36','2021-11-19 10:31:36',571,NULL,_binary '\0','472@example.com',NULL,'472',_binary '\0','qq','temp123',_binary '\0',NULL,_binary '\0',_binary '',NULL,'472@example.com',NULL,NULL),(572,'N',572,'2021-11-19 10:31:37','2021-11-19 10:31:37',572,NULL,_binary '\0','473@example.com',NULL,'473',_binary '\0','qq','temp123',_binary '\0',NULL,_binary '\0',_binary '',NULL,'473@example.com',NULL,NULL),(573,'N',573,'2021-11-19 10:31:37','2021-11-19 10:31:37',573,NULL,_binary '\0','474@example.com',NULL,'474',_binary '\0','qq','temp123',_binary '\0',NULL,_binary '\0',_binary '',NULL,'474@example.com',NULL,NULL),(574,'N',574,'2021-11-19 10:31:37','2021-11-19 10:31:37',574,NULL,_binary '\0','475@example.com',NULL,'475',_binary '\0','qq','temp123',_binary '\0',NULL,_binary '\0',_binary '',NULL,'475@example.com',NULL,NULL),(575,'N',575,'2021-11-19 10:31:37','2021-11-19 10:31:37',575,NULL,_binary '\0','476@example.com',NULL,'476',_binary '\0','qq','temp123',_binary '\0',NULL,_binary '\0',_binary '',NULL,'476@example.com',NULL,NULL),(576,'N',576,'2021-11-19 10:31:37','2021-11-19 10:31:37',576,NULL,_binary '\0','477@example.com',NULL,'477',_binary '\0','qq','temp123',_binary '\0',NULL,_binary '\0',_binary '',NULL,'477@example.com',NULL,NULL),(577,'N',577,'2021-11-19 10:31:38','2021-11-19 10:31:38',577,NULL,_binary '\0','478@example.com',NULL,'478',_binary '\0','qq','temp123',_binary '\0',NULL,_binary '\0',_binary '',NULL,'478@example.com',NULL,NULL),(578,'N',578,'2021-11-19 10:31:38','2021-11-19 10:31:38',578,NULL,_binary '\0','479@example.com',NULL,'479',_binary '\0','qq','temp123',_binary '\0',NULL,_binary '\0',_binary '',NULL,'479@example.com',NULL,NULL),(579,'N',579,'2021-11-19 10:31:38','2021-11-19 10:31:38',579,NULL,_binary '\0','480@example.com',NULL,'480',_binary '\0','qq','temp123',_binary '\0',NULL,_binary '\0',_binary '',NULL,'480@example.com',NULL,NULL),(580,'N',580,'2021-11-19 10:31:38','2021-11-19 10:31:38',580,NULL,_binary '\0','481@example.com',NULL,'481',_binary '\0','qq','temp123',_binary '\0',NULL,_binary '\0',_binary '',NULL,'481@example.com',NULL,NULL),(581,'N',581,'2021-11-19 10:31:39','2021-11-19 10:31:39',581,NULL,_binary '\0','482@example.com',NULL,'482',_binary '\0','qq','temp123',_binary '\0',NULL,_binary '\0',_binary '',NULL,'482@example.com',NULL,NULL),(582,'N',582,'2021-11-19 10:31:39','2021-11-19 10:31:39',582,NULL,_binary '\0','483@example.com',NULL,'483',_binary '\0','qq','temp123',_binary '\0',NULL,_binary '\0',_binary '',NULL,'483@example.com',NULL,NULL),(583,'N',583,'2021-11-19 10:31:39','2021-11-19 10:31:39',583,NULL,_binary '\0','484@example.com',NULL,'484',_binary '\0','qq','temp123',_binary '\0',NULL,_binary '\0',_binary '',NULL,'484@example.com',NULL,NULL),(584,'N',584,'2021-11-19 10:31:39','2021-11-19 10:31:39',584,NULL,_binary '\0','485@example.com',NULL,'485',_binary '\0','qq','temp123',_binary '\0',NULL,_binary '\0',_binary '',NULL,'485@example.com',NULL,NULL),(585,'N',585,'2021-11-19 10:31:39','2021-11-19 10:31:39',585,NULL,_binary '\0','486@example.com',NULL,'486',_binary '\0','qq','temp123',_binary '\0',NULL,_binary '\0',_binary '',NULL,'486@example.com',NULL,NULL),(586,'N',586,'2021-11-19 10:31:40','2021-11-19 10:31:40',586,NULL,_binary '\0','487@example.com',NULL,'487',_binary '\0','qq','temp123',_binary '\0',NULL,_binary '\0',_binary '',NULL,'487@example.com',NULL,NULL),(587,'N',587,'2021-11-19 10:31:40','2021-11-19 10:31:40',587,NULL,_binary '\0','488@example.com',NULL,'488',_binary '\0','qq','temp123',_binary '\0',NULL,_binary '\0',_binary '',NULL,'488@example.com',NULL,NULL),(588,'N',588,'2021-11-19 10:31:40','2021-11-19 10:31:40',588,NULL,_binary '\0','489@example.com',NULL,'489',_binary '\0','qq','temp123',_binary '\0',NULL,_binary '\0',_binary '',NULL,'489@example.com',NULL,NULL),(589,'N',589,'2021-11-19 10:31:40','2021-11-19 10:31:40',589,NULL,_binary '\0','490@example.com',NULL,'490',_binary '\0','qq','temp123',_binary '\0',NULL,_binary '\0',_binary '',NULL,'490@example.com',NULL,NULL),(590,'N',590,'2021-11-19 10:31:41','2021-11-19 10:31:41',590,NULL,_binary '\0','491@example.com',NULL,'491',_binary '\0','qq','temp123',_binary '\0',NULL,_binary '\0',_binary '',NULL,'491@example.com',NULL,NULL),(591,'N',591,'2021-11-19 10:31:41','2021-11-19 10:31:41',591,NULL,_binary '\0','492@example.com',NULL,'492',_binary '\0','qq','temp123',_binary '\0',NULL,_binary '\0',_binary '',NULL,'492@example.com',NULL,NULL),(592,'N',592,'2021-11-19 10:31:41','2021-11-19 10:31:41',592,NULL,_binary '\0','493@example.com',NULL,'493',_binary '\0','qq','temp123',_binary '\0',NULL,_binary '\0',_binary '',NULL,'493@example.com',NULL,NULL),(593,'N',593,'2021-11-19 10:31:41','2021-11-19 10:31:41',593,NULL,_binary '\0','494@example.com',NULL,'494',_binary '\0','qq','temp123',_binary '\0',NULL,_binary '\0',_binary '',NULL,'494@example.com',NULL,NULL),(594,'N',594,'2021-11-19 10:31:41','2021-11-19 10:31:41',594,NULL,_binary '\0','495@example.com',NULL,'495',_binary '\0','qq','temp123',_binary '\0',NULL,_binary '\0',_binary '',NULL,'495@example.com',NULL,NULL),(595,'N',595,'2021-11-19 10:31:42','2021-11-19 10:31:42',595,NULL,_binary '\0','496@example.com',NULL,'496',_binary '\0','qq','temp123',_binary '\0',NULL,_binary '\0',_binary '',NULL,'496@example.com',NULL,NULL),(596,'N',596,'2021-11-19 10:31:42','2021-11-19 10:31:42',596,NULL,_binary '\0','497@example.com',NULL,'497',_binary '\0','qq','temp123',_binary '\0',NULL,_binary '\0',_binary '',NULL,'497@example.com',NULL,NULL),(597,'N',597,'2021-11-19 10:31:42','2021-11-19 10:31:42',597,NULL,_binary '\0','498@example.com',NULL,'498',_binary '\0','qq','temp123',_binary '\0',NULL,_binary '\0',_binary '',NULL,'498@example.com',NULL,NULL),(598,'N',598,'2021-11-19 10:31:42','2021-11-19 10:31:42',598,NULL,_binary '\0','499@example.com',NULL,'499',_binary '\0','qq','temp123',_binary '\0',NULL,_binary '\0',_binary '',NULL,'499@example.com',NULL,NULL),(599,'N',599,'2021-11-19 10:31:42','2021-11-19 10:31:42',599,NULL,_binary '\0','500@example.com',NULL,'500',_binary '\0','qq','temp123',_binary '\0',NULL,_binary '\0',_binary '',NULL,'500@example.com',NULL,NULL),(600,'N',600,'2021-11-19 10:31:43','2021-11-19 10:31:43',600,NULL,_binary '\0','501@example.com',NULL,'501',_binary '\0','qq','temp123',_binary '\0',NULL,_binary '\0',_binary '',NULL,'501@example.com',NULL,NULL),(601,'N',601,'2021-11-19 10:31:43','2021-11-19 10:31:43',601,NULL,_binary '\0','502@example.com',NULL,'502',_binary '\0','qq','temp123',_binary '\0',NULL,_binary '\0',_binary '',NULL,'502@example.com',NULL,NULL),(602,'N',602,'2021-11-19 10:31:43','2021-11-19 10:31:43',602,NULL,_binary '\0','503@example.com',NULL,'503',_binary '\0','qq','temp123',_binary '\0',NULL,_binary '\0',_binary '',NULL,'503@example.com',NULL,NULL),(603,'N',603,'2021-11-19 10:31:43','2021-11-19 10:31:43',603,NULL,_binary '\0','504@example.com',NULL,'504',_binary '\0','qq','temp123',_binary '\0',NULL,_binary '\0',_binary '',NULL,'504@example.com',NULL,NULL),(604,'N',604,'2021-11-19 10:31:44','2021-11-19 10:31:44',604,NULL,_binary '\0','505@example.com',NULL,'505',_binary '\0','qq','temp123',_binary '\0',NULL,_binary '\0',_binary '',NULL,'505@example.com',NULL,NULL),(605,'N',605,'2021-11-19 10:31:44','2021-11-19 10:31:44',605,NULL,_binary '\0','506@example.com',NULL,'506',_binary '\0','qq','temp123',_binary '\0',NULL,_binary '\0',_binary '',NULL,'506@example.com',NULL,NULL),(606,'N',606,'2021-11-19 10:31:44','2021-11-19 10:31:44',606,NULL,_binary '\0','507@example.com',NULL,'507',_binary '\0','qq','temp123',_binary '\0',NULL,_binary '\0',_binary '',NULL,'507@example.com',NULL,NULL),(607,'N',607,'2021-11-19 10:31:44','2021-11-19 10:31:44',607,NULL,_binary '\0','508@example.com',NULL,'508',_binary '\0','qq','temp123',_binary '\0',NULL,_binary '\0',_binary '',NULL,'508@example.com',NULL,NULL),(608,'N',608,'2021-11-19 10:31:44','2021-11-19 10:31:44',608,NULL,_binary '\0','509@example.com',NULL,'509',_binary '\0','qq','temp123',_binary '\0',NULL,_binary '\0',_binary '',NULL,'509@example.com',NULL,NULL),(609,'N',609,'2021-11-19 10:31:45','2021-11-19 10:31:45',609,NULL,_binary '\0','510@example.com',NULL,'510',_binary '\0','qq','temp123',_binary '\0',NULL,_binary '\0',_binary '',NULL,'510@example.com',NULL,NULL),(610,'N',610,'2021-11-19 10:31:45','2021-11-19 10:31:45',610,NULL,_binary '\0','511@example.com',NULL,'511',_binary '\0','qq','temp123',_binary '\0',NULL,_binary '\0',_binary '',NULL,'511@example.com',NULL,NULL),(611,'N',611,'2021-11-19 10:31:45','2021-11-19 10:31:45',611,NULL,_binary '\0','512@example.com',NULL,'512',_binary '\0','qq','temp123',_binary '\0',NULL,_binary '\0',_binary '',NULL,'512@example.com',NULL,NULL),(612,'N',612,'2021-11-19 10:31:45','2021-11-19 10:31:45',612,NULL,_binary '\0','513@example.com',NULL,'513',_binary '\0','qq','temp123',_binary '\0',NULL,_binary '\0',_binary '',NULL,'513@example.com',NULL,NULL),(613,'N',613,'2021-11-19 10:31:45','2021-11-19 10:31:45',613,NULL,_binary '\0','514@example.com',NULL,'514',_binary '\0','qq','temp123',_binary '\0',NULL,_binary '\0',_binary '',NULL,'514@example.com',NULL,NULL),(614,'N',614,'2021-11-19 10:31:46','2021-11-19 10:31:46',614,NULL,_binary '\0','515@example.com',NULL,'515',_binary '\0','qq','temp123',_binary '\0',NULL,_binary '\0',_binary '',NULL,'515@example.com',NULL,NULL),(615,'N',615,'2021-11-19 10:31:46','2021-11-19 10:31:46',615,NULL,_binary '\0','516@example.com',NULL,'516',_binary '\0','qq','temp123',_binary '\0',NULL,_binary '\0',_binary '',NULL,'516@example.com',NULL,NULL),(616,'N',616,'2021-11-19 10:31:46','2021-11-19 10:31:46',616,NULL,_binary '\0','517@example.com',NULL,'517',_binary '\0','qq','temp123',_binary '\0',NULL,_binary '\0',_binary '',NULL,'517@example.com',NULL,NULL),(617,'N',617,'2021-11-19 10:31:46','2021-11-19 10:31:46',617,NULL,_binary '\0','518@example.com',NULL,'518',_binary '\0','qq','temp123',_binary '\0',NULL,_binary '\0',_binary '',NULL,'518@example.com',NULL,NULL),(618,'N',618,'2021-11-19 10:31:46','2021-11-19 10:31:46',618,NULL,_binary '\0','519@example.com',NULL,'519',_binary '\0','qq','temp123',_binary '\0',NULL,_binary '\0',_binary '',NULL,'519@example.com',NULL,NULL),(619,'N',619,'2021-11-19 10:31:47','2021-11-19 10:31:47',619,NULL,_binary '\0','520@example.com',NULL,'520',_binary '\0','qq','temp123',_binary '\0',NULL,_binary '\0',_binary '',NULL,'520@example.com',NULL,NULL),(620,'N',620,'2021-11-19 10:31:47','2021-11-19 10:31:47',620,NULL,_binary '\0','521@example.com',NULL,'521',_binary '\0','qq','temp123',_binary '\0',NULL,_binary '\0',_binary '',NULL,'521@example.com',NULL,NULL),(621,'N',621,'2021-11-19 10:31:47','2021-11-19 10:31:47',621,NULL,_binary '\0','522@example.com',NULL,'522',_binary '\0','qq','temp123',_binary '\0',NULL,_binary '\0',_binary '',NULL,'522@example.com',NULL,NULL),(622,'N',622,'2021-11-19 10:31:47','2021-11-19 10:31:47',622,NULL,_binary '\0','523@example.com',NULL,'523',_binary '\0','qq','temp123',_binary '\0',NULL,_binary '\0',_binary '',NULL,'523@example.com',NULL,NULL),(623,'N',623,'2021-11-19 10:31:47','2021-11-19 10:31:47',623,NULL,_binary '\0','524@example.com',NULL,'524',_binary '\0','qq','temp123',_binary '\0',NULL,_binary '\0',_binary '',NULL,'524@example.com',NULL,NULL),(624,'N',624,'2021-11-19 10:31:48','2021-11-19 10:31:48',624,NULL,_binary '\0','525@example.com',NULL,'525',_binary '\0','qq','temp123',_binary '\0',NULL,_binary '\0',_binary '',NULL,'525@example.com',NULL,NULL),(625,'N',625,'2021-11-19 10:31:48','2021-11-19 10:31:48',625,NULL,_binary '\0','526@example.com',NULL,'526',_binary '\0','qq','temp123',_binary '\0',NULL,_binary '\0',_binary '',NULL,'526@example.com',NULL,NULL),(626,'N',626,'2021-11-19 10:31:48','2021-11-19 10:31:48',626,NULL,_binary '\0','527@example.com',NULL,'527',_binary '\0','qq','temp123',_binary '\0',NULL,_binary '\0',_binary '',NULL,'527@example.com',NULL,NULL),(627,'N',627,'2021-11-19 10:31:48','2021-11-19 10:31:48',627,NULL,_binary '\0','528@example.com',NULL,'528',_binary '\0','qq','temp123',_binary '\0',NULL,_binary '\0',_binary '',NULL,'528@example.com',NULL,NULL),(628,'N',628,'2021-11-19 10:31:49','2021-11-19 10:31:49',628,NULL,_binary '\0','529@example.com',NULL,'529',_binary '\0','qq','temp123',_binary '\0',NULL,_binary '\0',_binary '',NULL,'529@example.com',NULL,NULL),(629,'N',629,'2021-11-19 10:31:49','2021-11-19 10:31:49',629,NULL,_binary '\0','530@example.com',NULL,'530',_binary '\0','qq','temp123',_binary '\0',NULL,_binary '\0',_binary '',NULL,'530@example.com',NULL,NULL),(630,'N',630,'2021-11-19 10:31:49','2021-11-19 10:31:49',630,NULL,_binary '\0','531@example.com',NULL,'531',_binary '\0','qq','temp123',_binary '\0',NULL,_binary '\0',_binary '',NULL,'531@example.com',NULL,NULL),(631,'N',631,'2021-11-19 10:31:49','2021-11-19 10:31:49',631,NULL,_binary '\0','532@example.com',NULL,'532',_binary '\0','qq','temp123',_binary '\0',NULL,_binary '\0',_binary '',NULL,'532@example.com',NULL,NULL),(632,'N',632,'2021-11-19 10:31:50','2021-11-19 10:31:50',632,NULL,_binary '\0','533@example.com',NULL,'533',_binary '\0','qq','temp123',_binary '\0',NULL,_binary '\0',_binary '',NULL,'533@example.com',NULL,NULL),(633,'N',633,'2021-11-19 10:31:50','2021-11-19 10:31:50',633,NULL,_binary '\0','534@example.com',NULL,'534',_binary '\0','qq','temp123',_binary '\0',NULL,_binary '\0',_binary '',NULL,'534@example.com',NULL,NULL),(634,'N',634,'2021-11-19 10:31:50','2021-11-19 10:31:50',634,NULL,_binary '\0','535@example.com',NULL,'535',_binary '\0','qq','temp123',_binary '\0',NULL,_binary '\0',_binary '',NULL,'535@example.com',NULL,NULL),(635,'N',635,'2021-11-19 10:31:50','2021-11-19 10:31:50',635,NULL,_binary '\0','536@example.com',NULL,'536',_binary '\0','qq','temp123',_binary '\0',NULL,_binary '\0',_binary '',NULL,'536@example.com',NULL,NULL),(636,'N',636,'2021-11-19 10:31:50','2021-11-19 10:31:50',636,NULL,_binary '\0','537@example.com',NULL,'537',_binary '\0','qq','temp123',_binary '\0',NULL,_binary '\0',_binary '',NULL,'537@example.com',NULL,NULL),(637,'N',637,'2021-11-19 10:31:51','2021-11-19 10:31:51',637,NULL,_binary '\0','538@example.com',NULL,'538',_binary '\0','qq','temp123',_binary '\0',NULL,_binary '\0',_binary '',NULL,'538@example.com',NULL,NULL),(638,'N',638,'2021-11-19 10:31:51','2021-11-19 10:31:51',638,NULL,_binary '\0','539@example.com',NULL,'539',_binary '\0','qq','temp123',_binary '\0',NULL,_binary '\0',_binary '',NULL,'539@example.com',NULL,NULL),(639,'N',639,'2021-11-19 10:31:51','2021-11-19 10:31:51',639,NULL,_binary '\0','540@example.com',NULL,'540',_binary '\0','qq','temp123',_binary '\0',NULL,_binary '\0',_binary '',NULL,'540@example.com',NULL,NULL),(640,'N',640,'2021-11-19 10:31:51','2021-11-19 10:31:51',640,NULL,_binary '\0','541@example.com',NULL,'541',_binary '\0','qq','temp123',_binary '\0',NULL,_binary '\0',_binary '',NULL,'541@example.com',NULL,NULL),(641,'N',641,'2021-11-19 10:31:52','2021-11-19 10:31:52',641,NULL,_binary '\0','542@example.com',NULL,'542',_binary '\0','qq','temp123',_binary '\0',NULL,_binary '\0',_binary '',NULL,'542@example.com',NULL,NULL),(642,'N',642,'2021-11-19 10:31:52','2021-11-19 10:31:52',642,NULL,_binary '\0','543@example.com',NULL,'543',_binary '\0','qq','temp123',_binary '\0',NULL,_binary '\0',_binary '',NULL,'543@example.com',NULL,NULL),(643,'N',643,'2021-11-19 10:31:52','2021-11-19 10:31:52',643,NULL,_binary '\0','544@example.com',NULL,'544',_binary '\0','qq','temp123',_binary '\0',NULL,_binary '\0',_binary '',NULL,'544@example.com',NULL,NULL),(644,'N',644,'2021-11-19 10:31:52','2021-11-19 10:31:52',644,NULL,_binary '\0','545@example.com',NULL,'545',_binary '\0','qq','temp123',_binary '\0',NULL,_binary '\0',_binary '',NULL,'545@example.com',NULL,NULL),(645,'N',645,'2021-11-19 10:31:52','2021-11-19 10:31:52',645,NULL,_binary '\0','546@example.com',NULL,'546',_binary '\0','qq','temp123',_binary '\0',NULL,_binary '\0',_binary '',NULL,'546@example.com',NULL,NULL),(646,'N',646,'2021-11-19 10:31:53','2021-11-19 10:31:53',646,NULL,_binary '\0','547@example.com',NULL,'547',_binary '\0','qq','temp123',_binary '\0',NULL,_binary '\0',_binary '',NULL,'547@example.com',NULL,NULL),(647,'N',647,'2021-11-19 10:31:53','2021-11-19 10:31:53',647,NULL,_binary '\0','548@example.com',NULL,'548',_binary '\0','qq','temp123',_binary '\0',NULL,_binary '\0',_binary '',NULL,'548@example.com',NULL,NULL),(648,'N',648,'2021-11-19 10:31:53','2021-11-19 10:31:53',648,NULL,_binary '\0','549@example.com',NULL,'549',_binary '\0','qq','temp123',_binary '\0',NULL,_binary '\0',_binary '',NULL,'549@example.com',NULL,NULL),(649,'N',649,'2021-11-19 10:31:53','2021-11-19 10:31:53',649,NULL,_binary '\0','550@example.com',NULL,'550',_binary '\0','qq','temp123',_binary '\0',NULL,_binary '\0',_binary '',NULL,'550@example.com',NULL,NULL),(650,'N',650,'2021-11-19 10:31:54','2021-11-19 10:31:54',650,NULL,_binary '\0','551@example.com',NULL,'551',_binary '\0','qq','temp123',_binary '\0',NULL,_binary '\0',_binary '',NULL,'551@example.com',NULL,NULL),(651,'N',651,'2021-11-19 10:31:54','2021-11-19 10:31:54',651,NULL,_binary '\0','552@example.com',NULL,'552',_binary '\0','qq','temp123',_binary '\0',NULL,_binary '\0',_binary '',NULL,'552@example.com',NULL,NULL),(652,'N',652,'2021-11-19 10:31:54','2021-11-19 10:31:54',652,NULL,_binary '\0','553@example.com',NULL,'553',_binary '\0','qq','temp123',_binary '\0',NULL,_binary '\0',_binary '',NULL,'553@example.com',NULL,NULL),(653,'N',653,'2021-11-19 10:31:54','2021-11-19 10:31:54',653,NULL,_binary '\0','554@example.com',NULL,'554',_binary '\0','qq','temp123',_binary '\0',NULL,_binary '\0',_binary '',NULL,'554@example.com',NULL,NULL),(654,'N',654,'2021-11-19 10:31:55','2021-11-19 10:31:55',654,NULL,_binary '\0','555@example.com',NULL,'555',_binary '\0','qq','temp123',_binary '\0',NULL,_binary '\0',_binary '',NULL,'555@example.com',NULL,NULL),(655,'N',655,'2021-11-19 10:31:55','2021-11-19 10:31:55',655,NULL,_binary '\0','556@example.com',NULL,'556',_binary '\0','qq','temp123',_binary '\0',NULL,_binary '\0',_binary '',NULL,'556@example.com',NULL,NULL),(656,'N',656,'2021-11-19 10:31:55','2021-11-19 10:31:55',656,NULL,_binary '\0','557@example.com',NULL,'557',_binary '\0','qq','temp123',_binary '\0',NULL,_binary '\0',_binary '',NULL,'557@example.com',NULL,NULL),(657,'N',657,'2021-11-19 10:31:55','2021-11-19 10:31:55',657,NULL,_binary '\0','558@example.com',NULL,'558',_binary '\0','qq','temp123',_binary '\0',NULL,_binary '\0',_binary '',NULL,'558@example.com',NULL,NULL),(658,'N',658,'2021-11-19 10:31:55','2021-11-19 10:31:55',658,NULL,_binary '\0','559@example.com',NULL,'559',_binary '\0','qq','temp123',_binary '\0',NULL,_binary '\0',_binary '',NULL,'559@example.com',NULL,NULL),(659,'N',659,'2021-11-19 10:31:56','2021-11-19 10:31:56',659,NULL,_binary '\0','560@example.com',NULL,'560',_binary '\0','qq','temp123',_binary '\0',NULL,_binary '\0',_binary '',NULL,'560@example.com',NULL,NULL),(660,'N',660,'2021-11-19 10:31:56','2021-11-19 10:31:56',660,NULL,_binary '\0','561@example.com',NULL,'561',_binary '\0','qq','temp123',_binary '\0',NULL,_binary '\0',_binary '',NULL,'561@example.com',NULL,NULL),(661,'N',661,'2021-11-19 10:31:56','2021-11-19 10:31:56',661,NULL,_binary '\0','562@example.com',NULL,'562',_binary '\0','qq','temp123',_binary '\0',NULL,_binary '\0',_binary '',NULL,'562@example.com',NULL,NULL),(662,'N',662,'2021-11-19 10:31:56','2021-11-19 10:31:56',662,NULL,_binary '\0','563@example.com',NULL,'563',_binary '\0','qq','temp123',_binary '\0',NULL,_binary '\0',_binary '',NULL,'563@example.com',NULL,NULL),(663,'N',663,'2021-11-19 10:31:56','2021-11-19 10:31:56',663,NULL,_binary '\0','564@example.com',NULL,'564',_binary '\0','qq','temp123',_binary '\0',NULL,_binary '\0',_binary '',NULL,'564@example.com',NULL,NULL),(664,'N',664,'2021-11-19 10:31:57','2021-11-19 10:31:57',664,NULL,_binary '\0','565@example.com',NULL,'565',_binary '\0','qq','temp123',_binary '\0',NULL,_binary '\0',_binary '',NULL,'565@example.com',NULL,NULL),(665,'N',665,'2021-11-19 10:31:57','2021-11-19 10:31:57',665,NULL,_binary '\0','566@example.com',NULL,'566',_binary '\0','qq','temp123',_binary '\0',NULL,_binary '\0',_binary '',NULL,'566@example.com',NULL,NULL),(666,'N',666,'2021-11-19 10:31:57','2021-11-19 10:31:57',666,NULL,_binary '\0','567@example.com',NULL,'567',_binary '\0','qq','temp123',_binary '\0',NULL,_binary '\0',_binary '',NULL,'567@example.com',NULL,NULL),(667,'N',667,'2021-11-19 10:31:57','2021-11-19 10:31:57',667,NULL,_binary '\0','568@example.com',NULL,'568',_binary '\0','qq','temp123',_binary '\0',NULL,_binary '\0',_binary '',NULL,'568@example.com',NULL,NULL),(668,'N',668,'2021-11-19 10:31:57','2021-11-19 10:31:57',668,NULL,_binary '\0','569@example.com',NULL,'569',_binary '\0','qq','temp123',_binary '\0',NULL,_binary '\0',_binary '',NULL,'569@example.com',NULL,NULL),(669,'N',669,'2021-11-19 10:31:58','2021-11-19 10:31:58',669,NULL,_binary '\0','570@example.com',NULL,'570',_binary '\0','qq','temp123',_binary '\0',NULL,_binary '\0',_binary '',NULL,'570@example.com',NULL,NULL),(670,'N',670,'2021-11-19 10:31:58','2021-11-19 10:31:58',670,NULL,_binary '\0','571@example.com',NULL,'571',_binary '\0','qq','temp123',_binary '\0',NULL,_binary '\0',_binary '',NULL,'571@example.com',NULL,NULL),(671,'N',671,'2021-11-19 10:31:58','2021-11-19 10:31:58',671,NULL,_binary '\0','572@example.com',NULL,'572',_binary '\0','qq','temp123',_binary '\0',NULL,_binary '\0',_binary '',NULL,'572@example.com',NULL,NULL),(672,'N',672,'2021-11-19 10:31:58','2021-11-19 10:31:58',672,NULL,_binary '\0','573@example.com',NULL,'573',_binary '\0','qq','temp123',_binary '\0',NULL,_binary '\0',_binary '',NULL,'573@example.com',NULL,NULL),(673,'N',673,'2021-11-19 10:31:58','2021-11-19 10:31:58',673,NULL,_binary '\0','574@example.com',NULL,'574',_binary '\0','qq','temp123',_binary '\0',NULL,_binary '\0',_binary '',NULL,'574@example.com',NULL,NULL),(674,'N',674,'2021-11-19 10:31:59','2021-11-19 10:31:59',674,NULL,_binary '\0','575@example.com',NULL,'575',_binary '\0','qq','temp123',_binary '\0',NULL,_binary '\0',_binary '',NULL,'575@example.com',NULL,NULL),(675,'N',675,'2021-11-19 10:31:59','2021-11-19 10:31:59',675,NULL,_binary '\0','576@example.com',NULL,'576',_binary '\0','qq','temp123',_binary '\0',NULL,_binary '\0',_binary '',NULL,'576@example.com',NULL,NULL),(676,'N',676,'2021-11-19 10:31:59','2021-11-19 10:31:59',676,NULL,_binary '\0','577@example.com',NULL,'577',_binary '\0','qq','temp123',_binary '\0',NULL,_binary '\0',_binary '',NULL,'577@example.com',NULL,NULL),(677,'N',677,'2021-11-19 10:31:59','2021-11-19 10:31:59',677,NULL,_binary '\0','578@example.com',NULL,'578',_binary '\0','qq','temp123',_binary '\0',NULL,_binary '\0',_binary '',NULL,'578@example.com',NULL,NULL),(678,'N',678,'2021-11-19 10:31:59','2021-11-19 10:31:59',678,NULL,_binary '\0','579@example.com',NULL,'579',_binary '\0','qq','temp123',_binary '\0',NULL,_binary '\0',_binary '',NULL,'579@example.com',NULL,NULL),(679,'N',679,'2021-11-19 10:32:00','2021-11-19 10:32:00',679,NULL,_binary '\0','580@example.com',NULL,'580',_binary '\0','qq','temp123',_binary '\0',NULL,_binary '\0',_binary '',NULL,'580@example.com',NULL,NULL),(680,'N',680,'2021-11-19 10:32:00','2021-11-19 10:32:00',680,NULL,_binary '\0','581@example.com',NULL,'581',_binary '\0','qq','temp123',_binary '\0',NULL,_binary '\0',_binary '',NULL,'581@example.com',NULL,NULL),(681,'N',681,'2021-11-19 10:32:00','2021-11-19 10:32:00',681,NULL,_binary '\0','582@example.com',NULL,'582',_binary '\0','qq','temp123',_binary '\0',NULL,_binary '\0',_binary '',NULL,'582@example.com',NULL,NULL),(682,'N',682,'2021-11-19 10:32:00','2021-11-19 10:32:00',682,NULL,_binary '\0','583@example.com',NULL,'583',_binary '\0','qq','temp123',_binary '\0',NULL,_binary '\0',_binary '',NULL,'583@example.com',NULL,NULL),(683,'N',683,'2021-11-19 10:32:00','2021-11-19 10:32:00',683,NULL,_binary '\0','584@example.com',NULL,'584',_binary '\0','qq','temp123',_binary '\0',NULL,_binary '\0',_binary '',NULL,'584@example.com',NULL,NULL),(684,'N',684,'2021-11-19 10:32:01','2021-11-19 10:32:01',684,NULL,_binary '\0','585@example.com',NULL,'585',_binary '\0','qq','temp123',_binary '\0',NULL,_binary '\0',_binary '',NULL,'585@example.com',NULL,NULL),(685,'N',685,'2021-11-19 10:32:01','2021-11-19 10:32:01',685,NULL,_binary '\0','586@example.com',NULL,'586',_binary '\0','qq','temp123',_binary '\0',NULL,_binary '\0',_binary '',NULL,'586@example.com',NULL,NULL),(686,'N',686,'2021-11-19 10:32:01','2021-11-19 10:32:01',686,NULL,_binary '\0','587@example.com',NULL,'587',_binary '\0','qq','temp123',_binary '\0',NULL,_binary '\0',_binary '',NULL,'587@example.com',NULL,NULL),(687,'N',687,'2021-11-19 10:32:01','2021-11-19 10:32:01',687,NULL,_binary '\0','588@example.com',NULL,'588',_binary '\0','qq','temp123',_binary '\0',NULL,_binary '\0',_binary '',NULL,'588@example.com',NULL,NULL),(688,'N',688,'2021-11-19 10:32:02','2021-11-19 10:32:02',688,NULL,_binary '\0','589@example.com',NULL,'589',_binary '\0','qq','temp123',_binary '\0',NULL,_binary '\0',_binary '',NULL,'589@example.com',NULL,NULL),(689,'N',689,'2021-11-19 10:32:02','2021-11-19 10:32:02',689,NULL,_binary '\0','590@example.com',NULL,'590',_binary '\0','qq','temp123',_binary '\0',NULL,_binary '\0',_binary '',NULL,'590@example.com',NULL,NULL),(690,'N',690,'2021-11-19 10:32:02','2021-11-19 10:32:02',690,NULL,_binary '\0','591@example.com',NULL,'591',_binary '\0','qq','temp123',_binary '\0',NULL,_binary '\0',_binary '',NULL,'591@example.com',NULL,NULL),(691,'N',691,'2021-11-19 10:32:02','2021-11-19 10:32:02',691,NULL,_binary '\0','592@example.com',NULL,'592',_binary '\0','qq','temp123',_binary '\0',NULL,_binary '\0',_binary '',NULL,'592@example.com',NULL,NULL),(692,'N',692,'2021-11-19 10:32:02','2021-11-19 10:32:02',692,NULL,_binary '\0','593@example.com',NULL,'593',_binary '\0','qq','temp123',_binary '\0',NULL,_binary '\0',_binary '',NULL,'593@example.com',NULL,NULL),(693,'N',693,'2021-11-19 10:32:03','2021-11-19 10:32:03',693,NULL,_binary '\0','594@example.com',NULL,'594',_binary '\0','qq','temp123',_binary '\0',NULL,_binary '\0',_binary '',NULL,'594@example.com',NULL,NULL),(694,'N',694,'2021-11-19 10:32:03','2021-11-19 10:32:03',694,NULL,_binary '\0','595@example.com',NULL,'595',_binary '\0','qq','temp123',_binary '\0',NULL,_binary '\0',_binary '',NULL,'595@example.com',NULL,NULL),(695,'N',695,'2021-11-19 10:32:03','2021-11-19 10:32:03',695,NULL,_binary '\0','596@example.com',NULL,'596',_binary '\0','qq','temp123',_binary '\0',NULL,_binary '\0',_binary '',NULL,'596@example.com',NULL,NULL),(696,'N',696,'2021-11-19 10:32:03','2021-11-19 10:32:03',696,NULL,_binary '\0','597@example.com',NULL,'597',_binary '\0','qq','temp123',_binary '\0',NULL,_binary '\0',_binary '',NULL,'597@example.com',NULL,NULL),(697,'N',697,'2021-11-19 10:32:03','2021-11-19 10:32:03',697,NULL,_binary '\0','598@example.com',NULL,'598',_binary '\0','qq','temp123',_binary '\0',NULL,_binary '\0',_binary '',NULL,'598@example.com',NULL,NULL),(698,'N',698,'2021-11-19 10:32:04','2021-11-19 10:32:04',698,NULL,_binary '\0','599@example.com',NULL,'599',_binary '\0','qq','temp123',_binary '\0',NULL,_binary '\0',_binary '',NULL,'599@example.com',NULL,NULL),(699,'N',699,'2021-11-19 10:32:04','2021-11-19 10:32:04',699,NULL,_binary '\0','600@example.com',NULL,'600',_binary '\0','qq','temp123',_binary '\0',NULL,_binary '\0',_binary '',NULL,'600@example.com',NULL,NULL),(700,'N',700,'2021-11-19 10:32:04','2021-11-19 10:32:04',700,NULL,_binary '\0','601@example.com',NULL,'601',_binary '\0','qq','temp123',_binary '\0',NULL,_binary '\0',_binary '',NULL,'601@example.com',NULL,NULL),(701,'N',701,'2021-11-19 10:32:04','2021-11-19 10:32:04',701,NULL,_binary '\0','602@example.com',NULL,'602',_binary '\0','qq','temp123',_binary '\0',NULL,_binary '\0',_binary '',NULL,'602@example.com',NULL,NULL),(702,'N',702,'2021-11-19 10:32:05','2021-11-19 10:32:05',702,NULL,_binary '\0','603@example.com',NULL,'603',_binary '\0','qq','temp123',_binary '\0',NULL,_binary '\0',_binary '',NULL,'603@example.com',NULL,NULL),(703,'N',703,'2021-11-19 10:32:05','2021-11-19 10:32:05',703,NULL,_binary '\0','604@example.com',NULL,'604',_binary '\0','qq','temp123',_binary '\0',NULL,_binary '\0',_binary '',NULL,'604@example.com',NULL,NULL),(704,'N',704,'2021-11-19 10:32:05','2021-11-19 10:32:05',704,NULL,_binary '\0','605@example.com',NULL,'605',_binary '\0','qq','temp123',_binary '\0',NULL,_binary '\0',_binary '',NULL,'605@example.com',NULL,NULL),(705,'N',705,'2021-11-19 10:32:05','2021-11-19 10:32:05',705,NULL,_binary '\0','606@example.com',NULL,'606',_binary '\0','qq','temp123',_binary '\0',NULL,_binary '\0',_binary '',NULL,'606@example.com',NULL,NULL),(706,'N',706,'2021-11-19 10:32:06','2021-11-19 10:32:06',706,NULL,_binary '\0','607@example.com',NULL,'607',_binary '\0','qq','temp123',_binary '\0',NULL,_binary '\0',_binary '',NULL,'607@example.com',NULL,NULL),(707,'N',707,'2021-11-19 10:32:06','2021-11-19 10:32:06',707,NULL,_binary '\0','608@example.com',NULL,'608',_binary '\0','qq','temp123',_binary '\0',NULL,_binary '\0',_binary '',NULL,'608@example.com',NULL,NULL),(708,'N',708,'2021-11-19 10:32:06','2021-11-19 10:32:06',708,NULL,_binary '\0','609@example.com',NULL,'609',_binary '\0','qq','temp123',_binary '\0',NULL,_binary '\0',_binary '',NULL,'609@example.com',NULL,NULL),(709,'N',709,'2021-11-19 10:32:06','2021-11-19 10:32:06',709,NULL,_binary '\0','610@example.com',NULL,'610',_binary '\0','qq','temp123',_binary '\0',NULL,_binary '\0',_binary '',NULL,'610@example.com',NULL,NULL),(710,'N',710,'2021-11-19 10:32:06','2021-11-19 10:32:06',710,NULL,_binary '\0','611@example.com',NULL,'611',_binary '\0','qq','temp123',_binary '\0',NULL,_binary '\0',_binary '',NULL,'611@example.com',NULL,NULL),(711,'N',711,'2021-11-19 10:32:07','2021-11-19 10:32:07',711,NULL,_binary '\0','612@example.com',NULL,'612',_binary '\0','qq','temp123',_binary '\0',NULL,_binary '\0',_binary '',NULL,'612@example.com',NULL,NULL),(712,'N',712,'2021-11-19 10:32:07','2021-11-19 10:32:07',712,NULL,_binary '\0','613@example.com',NULL,'613',_binary '\0','qq','temp123',_binary '\0',NULL,_binary '\0',_binary '',NULL,'613@example.com',NULL,NULL),(713,'N',713,'2021-11-19 10:32:07','2021-11-19 10:32:07',713,NULL,_binary '\0','614@example.com',NULL,'614',_binary '\0','qq','temp123',_binary '\0',NULL,_binary '\0',_binary '',NULL,'614@example.com',NULL,NULL),(714,'N',714,'2021-11-19 10:32:07','2021-11-19 10:32:07',714,NULL,_binary '\0','615@example.com',NULL,'615',_binary '\0','qq','temp123',_binary '\0',NULL,_binary '\0',_binary '',NULL,'615@example.com',NULL,NULL),(715,'N',715,'2021-11-19 10:32:07','2021-11-19 10:32:07',715,NULL,_binary '\0','616@example.com',NULL,'616',_binary '\0','qq','temp123',_binary '\0',NULL,_binary '\0',_binary '',NULL,'616@example.com',NULL,NULL),(716,'N',716,'2021-11-19 10:32:08','2021-11-19 10:32:08',716,NULL,_binary '\0','617@example.com',NULL,'617',_binary '\0','qq','temp123',_binary '\0',NULL,_binary '\0',_binary '',NULL,'617@example.com',NULL,NULL),(717,'N',717,'2021-11-19 10:32:08','2021-11-19 10:32:08',717,NULL,_binary '\0','618@example.com',NULL,'618',_binary '\0','qq','temp123',_binary '\0',NULL,_binary '\0',_binary '',NULL,'618@example.com',NULL,NULL),(718,'N',718,'2021-11-19 10:32:08','2021-11-19 10:32:08',718,NULL,_binary '\0','619@example.com',NULL,'619',_binary '\0','qq','temp123',_binary '\0',NULL,_binary '\0',_binary '',NULL,'619@example.com',NULL,NULL),(719,'N',719,'2021-11-19 10:32:08','2021-11-19 10:32:08',719,NULL,_binary '\0','620@example.com',NULL,'620',_binary '\0','qq','temp123',_binary '\0',NULL,_binary '\0',_binary '',NULL,'620@example.com',NULL,NULL),(720,'N',720,'2021-11-19 10:32:08','2021-11-19 10:32:08',720,NULL,_binary '\0','621@example.com',NULL,'621',_binary '\0','qq','temp123',_binary '\0',NULL,_binary '\0',_binary '',NULL,'621@example.com',NULL,NULL),(721,'N',721,'2021-11-19 10:32:09','2021-11-19 10:32:09',721,NULL,_binary '\0','622@example.com',NULL,'622',_binary '\0','qq','temp123',_binary '\0',NULL,_binary '\0',_binary '',NULL,'622@example.com',NULL,NULL),(722,'N',722,'2021-11-19 10:32:09','2021-11-19 10:32:09',722,NULL,_binary '\0','623@example.com',NULL,'623',_binary '\0','qq','temp123',_binary '\0',NULL,_binary '\0',_binary '',NULL,'623@example.com',NULL,NULL),(723,'N',723,'2021-11-19 10:32:09','2021-11-19 10:32:09',723,NULL,_binary '\0','624@example.com',NULL,'624',_binary '\0','qq','temp123',_binary '\0',NULL,_binary '\0',_binary '',NULL,'624@example.com',NULL,NULL),(724,'N',724,'2021-11-19 10:32:09','2021-11-19 10:32:09',724,NULL,_binary '\0','625@example.com',NULL,'625',_binary '\0','qq','temp123',_binary '\0',NULL,_binary '\0',_binary '',NULL,'625@example.com',NULL,NULL),(725,'N',725,'2021-11-19 10:32:10','2021-11-19 10:32:10',725,NULL,_binary '\0','626@example.com',NULL,'626',_binary '\0','qq','temp123',_binary '\0',NULL,_binary '\0',_binary '',NULL,'626@example.com',NULL,NULL),(726,'N',726,'2021-11-19 10:32:10','2021-11-19 10:32:10',726,NULL,_binary '\0','627@example.com',NULL,'627',_binary '\0','qq','temp123',_binary '\0',NULL,_binary '\0',_binary '',NULL,'627@example.com',NULL,NULL),(727,'N',727,'2021-11-19 10:32:10','2021-11-19 10:32:10',727,NULL,_binary '\0','628@example.com',NULL,'628',_binary '\0','qq','temp123',_binary '\0',NULL,_binary '\0',_binary '',NULL,'628@example.com',NULL,NULL),(728,'N',728,'2021-11-19 10:32:10','2021-11-19 10:32:10',728,NULL,_binary '\0','629@example.com',NULL,'629',_binary '\0','qq','temp123',_binary '\0',NULL,_binary '\0',_binary '',NULL,'629@example.com',NULL,NULL),(729,'N',729,'2021-11-19 10:32:10','2021-11-19 10:32:10',729,NULL,_binary '\0','630@example.com',NULL,'630',_binary '\0','qq','temp123',_binary '\0',NULL,_binary '\0',_binary '',NULL,'630@example.com',NULL,NULL),(730,'N',730,'2021-11-19 10:32:11','2021-11-19 10:32:11',730,NULL,_binary '\0','631@example.com',NULL,'631',_binary '\0','qq','temp123',_binary '\0',NULL,_binary '\0',_binary '',NULL,'631@example.com',NULL,NULL),(731,'N',731,'2021-11-19 10:32:11','2021-11-19 10:32:11',731,NULL,_binary '\0','632@example.com',NULL,'632',_binary '\0','qq','temp123',_binary '\0',NULL,_binary '\0',_binary '',NULL,'632@example.com',NULL,NULL),(732,'N',732,'2021-11-19 10:32:11','2021-11-19 10:32:11',732,NULL,_binary '\0','633@example.com',NULL,'633',_binary '\0','qq','temp123',_binary '\0',NULL,_binary '\0',_binary '',NULL,'633@example.com',NULL,NULL),(733,'N',733,'2021-11-19 10:32:11','2021-11-19 10:32:11',733,NULL,_binary '\0','634@example.com',NULL,'634',_binary '\0','qq','temp123',_binary '\0',NULL,_binary '\0',_binary '',NULL,'634@example.com',NULL,NULL),(734,'N',734,'2021-11-19 10:32:11','2021-11-19 10:32:11',734,NULL,_binary '\0','635@example.com',NULL,'635',_binary '\0','qq','temp123',_binary '\0',NULL,_binary '\0',_binary '',NULL,'635@example.com',NULL,NULL),(735,'N',735,'2021-11-19 10:32:12','2021-11-19 10:32:12',735,NULL,_binary '\0','636@example.com',NULL,'636',_binary '\0','qq','temp123',_binary '\0',NULL,_binary '\0',_binary '',NULL,'636@example.com',NULL,NULL),(736,'N',736,'2021-11-19 10:32:12','2021-11-19 10:32:12',736,NULL,_binary '\0','637@example.com',NULL,'637',_binary '\0','qq','temp123',_binary '\0',NULL,_binary '\0',_binary '',NULL,'637@example.com',NULL,NULL),(737,'N',737,'2021-11-19 10:32:12','2021-11-19 10:32:12',737,NULL,_binary '\0','638@example.com',NULL,'638',_binary '\0','qq','temp123',_binary '\0',NULL,_binary '\0',_binary '',NULL,'638@example.com',NULL,NULL),(738,'N',738,'2021-11-19 10:32:12','2021-11-19 10:32:12',738,NULL,_binary '\0','639@example.com',NULL,'639',_binary '\0','qq','temp123',_binary '\0',NULL,_binary '\0',_binary '',NULL,'639@example.com',NULL,NULL),(739,'N',739,'2021-11-19 10:32:12','2021-11-19 10:32:12',739,NULL,_binary '\0','640@example.com',NULL,'640',_binary '\0','qq','temp123',_binary '\0',NULL,_binary '\0',_binary '',NULL,'640@example.com',NULL,NULL),(740,'N',740,'2021-11-19 10:32:13','2021-11-19 10:32:13',740,NULL,_binary '\0','641@example.com',NULL,'641',_binary '\0','qq','temp123',_binary '\0',NULL,_binary '\0',_binary '',NULL,'641@example.com',NULL,NULL),(741,'N',741,'2021-11-19 10:32:13','2021-11-19 10:32:13',741,NULL,_binary '\0','642@example.com',NULL,'642',_binary '\0','qq','temp123',_binary '\0',NULL,_binary '\0',_binary '',NULL,'642@example.com',NULL,NULL),(742,'N',742,'2021-11-19 10:32:13','2021-11-19 10:32:13',742,NULL,_binary '\0','643@example.com',NULL,'643',_binary '\0','qq','temp123',_binary '\0',NULL,_binary '\0',_binary '',NULL,'643@example.com',NULL,NULL),(743,'N',743,'2021-11-19 10:32:13','2021-11-19 10:32:13',743,NULL,_binary '\0','644@example.com',NULL,'644',_binary '\0','qq','temp123',_binary '\0',NULL,_binary '\0',_binary '',NULL,'644@example.com',NULL,NULL),(744,'N',744,'2021-11-19 10:32:14','2021-11-19 10:32:14',744,NULL,_binary '\0','645@example.com',NULL,'645',_binary '\0','qq','temp123',_binary '\0',NULL,_binary '\0',_binary '',NULL,'645@example.com',NULL,NULL),(745,'N',745,'2021-11-19 10:32:14','2021-11-19 10:32:14',745,NULL,_binary '\0','646@example.com',NULL,'646',_binary '\0','qq','temp123',_binary '\0',NULL,_binary '\0',_binary '',NULL,'646@example.com',NULL,NULL),(746,'N',746,'2021-11-19 10:32:14','2021-11-19 10:32:14',746,NULL,_binary '\0','647@example.com',NULL,'647',_binary '\0','qq','temp123',_binary '\0',NULL,_binary '\0',_binary '',NULL,'647@example.com',NULL,NULL),(747,'N',747,'2021-11-19 10:32:14','2021-11-19 10:32:14',747,NULL,_binary '\0','648@example.com',NULL,'648',_binary '\0','qq','temp123',_binary '\0',NULL,_binary '\0',_binary '',NULL,'648@example.com',NULL,NULL),(748,'N',748,'2021-11-19 10:32:15','2021-11-19 10:32:15',748,NULL,_binary '\0','649@example.com',NULL,'649',_binary '\0','qq','temp123',_binary '\0',NULL,_binary '\0',_binary '',NULL,'649@example.com',NULL,NULL),(749,'N',749,'2021-11-19 10:32:15','2021-11-19 10:32:15',749,NULL,_binary '\0','650@example.com',NULL,'650',_binary '\0','qq','temp123',_binary '\0',NULL,_binary '\0',_binary '',NULL,'650@example.com',NULL,NULL),(750,'N',750,'2021-11-19 10:32:15','2021-11-19 10:32:15',750,NULL,_binary '\0','651@example.com',NULL,'651',_binary '\0','qq','temp123',_binary '\0',NULL,_binary '\0',_binary '',NULL,'651@example.com',NULL,NULL),(751,'N',751,'2021-11-19 10:32:15','2021-11-19 10:32:15',751,NULL,_binary '\0','652@example.com',NULL,'652',_binary '\0','qq','temp123',_binary '\0',NULL,_binary '\0',_binary '',NULL,'652@example.com',NULL,NULL),(752,'N',752,'2021-11-19 10:32:16','2021-11-19 10:32:16',752,NULL,_binary '\0','653@example.com',NULL,'653',_binary '\0','qq','temp123',_binary '\0',NULL,_binary '\0',_binary '',NULL,'653@example.com',NULL,NULL),(753,'N',753,'2021-11-19 10:32:16','2021-11-19 10:32:16',753,NULL,_binary '\0','654@example.com',NULL,'654',_binary '\0','qq','temp123',_binary '\0',NULL,_binary '\0',_binary '',NULL,'654@example.com',NULL,NULL),(754,'N',754,'2021-11-19 10:32:16','2021-11-19 10:32:16',754,NULL,_binary '\0','655@example.com',NULL,'655',_binary '\0','qq','temp123',_binary '\0',NULL,_binary '\0',_binary '',NULL,'655@example.com',NULL,NULL),(755,'N',755,'2021-11-19 10:32:16','2021-11-19 10:32:16',755,NULL,_binary '\0','656@example.com',NULL,'656',_binary '\0','qq','temp123',_binary '\0',NULL,_binary '\0',_binary '',NULL,'656@example.com',NULL,NULL),(756,'N',756,'2021-11-19 10:32:17','2021-11-19 10:32:17',756,NULL,_binary '\0','657@example.com',NULL,'657',_binary '\0','qq','temp123',_binary '\0',NULL,_binary '\0',_binary '',NULL,'657@example.com',NULL,NULL),(757,'N',757,'2021-11-19 10:32:17','2021-11-19 10:32:17',757,NULL,_binary '\0','658@example.com',NULL,'658',_binary '\0','qq','temp123',_binary '\0',NULL,_binary '\0',_binary '',NULL,'658@example.com',NULL,NULL),(758,'N',758,'2021-11-19 10:32:17','2021-11-19 10:32:17',758,NULL,_binary '\0','659@example.com',NULL,'659',_binary '\0','qq','temp123',_binary '\0',NULL,_binary '\0',_binary '',NULL,'659@example.com',NULL,NULL),(759,'N',759,'2021-11-19 10:32:17','2021-11-19 10:32:17',759,NULL,_binary '\0','660@example.com',NULL,'660',_binary '\0','qq','temp123',_binary '\0',NULL,_binary '\0',_binary '',NULL,'660@example.com',NULL,NULL),(760,'N',760,'2021-11-19 10:32:17','2021-11-19 10:32:17',760,NULL,_binary '\0','661@example.com',NULL,'661',_binary '\0','qq','temp123',_binary '\0',NULL,_binary '\0',_binary '',NULL,'661@example.com',NULL,NULL),(761,'N',761,'2021-11-19 10:32:18','2021-11-19 10:32:18',761,NULL,_binary '\0','662@example.com',NULL,'662',_binary '\0','qq','temp123',_binary '\0',NULL,_binary '\0',_binary '',NULL,'662@example.com',NULL,NULL),(762,'N',762,'2021-11-19 10:32:18','2021-11-19 10:32:18',762,NULL,_binary '\0','663@example.com',NULL,'663',_binary '\0','qq','temp123',_binary '\0',NULL,_binary '\0',_binary '',NULL,'663@example.com',NULL,NULL),(763,'N',763,'2021-11-19 10:32:18','2021-11-19 10:32:18',763,NULL,_binary '\0','664@example.com',NULL,'664',_binary '\0','qq','temp123',_binary '\0',NULL,_binary '\0',_binary '',NULL,'664@example.com',NULL,NULL),(764,'N',764,'2021-11-19 10:32:18','2021-11-19 10:32:18',764,NULL,_binary '\0','665@example.com',NULL,'665',_binary '\0','qq','temp123',_binary '\0',NULL,_binary '\0',_binary '',NULL,'665@example.com',NULL,NULL),(765,'N',765,'2021-11-19 10:32:18','2021-11-19 10:32:18',765,NULL,_binary '\0','666@example.com',NULL,'666',_binary '\0','qq','temp123',_binary '\0',NULL,_binary '\0',_binary '',NULL,'666@example.com',NULL,NULL),(766,'N',766,'2021-11-19 10:32:19','2021-11-19 10:32:19',766,NULL,_binary '\0','667@example.com',NULL,'667',_binary '\0','qq','temp123',_binary '\0',NULL,_binary '\0',_binary '',NULL,'667@example.com',NULL,NULL),(767,'N',767,'2021-11-19 10:32:19','2021-11-19 10:32:19',767,NULL,_binary '\0','668@example.com',NULL,'668',_binary '\0','qq','temp123',_binary '\0',NULL,_binary '\0',_binary '',NULL,'668@example.com',NULL,NULL),(768,'N',768,'2021-11-19 10:32:19','2021-11-19 10:32:19',768,NULL,_binary '\0','669@example.com',NULL,'669',_binary '\0','qq','temp123',_binary '\0',NULL,_binary '\0',_binary '',NULL,'669@example.com',NULL,NULL),(769,'N',769,'2021-11-19 10:32:19','2021-11-19 10:32:19',769,NULL,_binary '\0','670@example.com',NULL,'670',_binary '\0','qq','temp123',_binary '\0',NULL,_binary '\0',_binary '',NULL,'670@example.com',NULL,NULL),(770,'N',770,'2021-11-19 10:32:20','2021-11-19 10:32:20',770,NULL,_binary '\0','671@example.com',NULL,'671',_binary '\0','qq','temp123',_binary '\0',NULL,_binary '\0',_binary '',NULL,'671@example.com',NULL,NULL),(771,'N',771,'2021-11-19 10:32:20','2021-11-19 10:32:20',771,NULL,_binary '\0','672@example.com',NULL,'672',_binary '\0','qq','temp123',_binary '\0',NULL,_binary '\0',_binary '',NULL,'672@example.com',NULL,NULL),(772,'N',772,'2021-11-19 10:32:20','2021-11-19 10:32:20',772,NULL,_binary '\0','673@example.com',NULL,'673',_binary '\0','qq','temp123',_binary '\0',NULL,_binary '\0',_binary '',NULL,'673@example.com',NULL,NULL),(773,'N',773,'2021-11-19 10:32:20','2021-11-19 10:32:20',773,NULL,_binary '\0','674@example.com',NULL,'674',_binary '\0','qq','temp123',_binary '\0',NULL,_binary '\0',_binary '',NULL,'674@example.com',NULL,NULL),(774,'N',774,'2021-11-19 10:32:20','2021-11-19 10:32:20',774,NULL,_binary '\0','675@example.com',NULL,'675',_binary '\0','qq','temp123',_binary '\0',NULL,_binary '\0',_binary '',NULL,'675@example.com',NULL,NULL),(775,'N',775,'2021-11-19 10:32:21','2021-11-19 10:32:21',775,NULL,_binary '\0','676@example.com',NULL,'676',_binary '\0','qq','temp123',_binary '\0',NULL,_binary '\0',_binary '',NULL,'676@example.com',NULL,NULL),(776,'N',776,'2021-11-19 10:32:21','2021-11-19 10:32:21',776,NULL,_binary '\0','677@example.com',NULL,'677',_binary '\0','qq','temp123',_binary '\0',NULL,_binary '\0',_binary '',NULL,'677@example.com',NULL,NULL),(777,'N',777,'2021-11-19 10:32:21','2021-11-19 10:32:21',777,NULL,_binary '\0','678@example.com',NULL,'678',_binary '\0','qq','temp123',_binary '\0',NULL,_binary '\0',_binary '',NULL,'678@example.com',NULL,NULL),(778,'N',778,'2021-11-19 10:32:21','2021-11-19 10:32:21',778,NULL,_binary '\0','679@example.com',NULL,'679',_binary '\0','qq','temp123',_binary '\0',NULL,_binary '\0',_binary '',NULL,'679@example.com',NULL,NULL),(779,'N',779,'2021-11-19 10:32:22','2021-11-19 10:32:22',779,NULL,_binary '\0','680@example.com',NULL,'680',_binary '\0','qq','temp123',_binary '\0',NULL,_binary '\0',_binary '',NULL,'680@example.com',NULL,NULL),(780,'N',780,'2021-11-19 10:32:22','2021-11-19 10:32:22',780,NULL,_binary '\0','681@example.com',NULL,'681',_binary '\0','qq','temp123',_binary '\0',NULL,_binary '\0',_binary '',NULL,'681@example.com',NULL,NULL),(781,'N',781,'2021-11-19 10:32:22','2021-11-19 10:32:22',781,NULL,_binary '\0','682@example.com',NULL,'682',_binary '\0','qq','temp123',_binary '\0',NULL,_binary '\0',_binary '',NULL,'682@example.com',NULL,NULL),(782,'N',782,'2021-11-19 10:32:22','2021-11-19 10:32:22',782,NULL,_binary '\0','683@example.com',NULL,'683',_binary '\0','qq','temp123',_binary '\0',NULL,_binary '\0',_binary '',NULL,'683@example.com',NULL,NULL),(783,'N',783,'2021-11-19 10:32:22','2021-11-19 10:32:22',783,NULL,_binary '\0','684@example.com',NULL,'684',_binary '\0','qq','temp123',_binary '\0',NULL,_binary '\0',_binary '',NULL,'684@example.com',NULL,NULL),(784,'N',784,'2021-11-19 10:32:23','2021-11-19 10:32:23',784,NULL,_binary '\0','685@example.com',NULL,'685',_binary '\0','qq','temp123',_binary '\0',NULL,_binary '\0',_binary '',NULL,'685@example.com',NULL,NULL),(785,'N',785,'2021-11-19 10:32:23','2021-11-19 10:32:23',785,NULL,_binary '\0','686@example.com',NULL,'686',_binary '\0','qq','temp123',_binary '\0',NULL,_binary '\0',_binary '',NULL,'686@example.com',NULL,NULL),(786,'N',786,'2021-11-19 10:32:23','2021-11-19 10:32:23',786,NULL,_binary '\0','687@example.com',NULL,'687',_binary '\0','qq','temp123',_binary '\0',NULL,_binary '\0',_binary '',NULL,'687@example.com',NULL,NULL),(787,'N',787,'2021-11-19 10:32:23','2021-11-19 10:32:23',787,NULL,_binary '\0','688@example.com',NULL,'688',_binary '\0','qq','temp123',_binary '\0',NULL,_binary '\0',_binary '',NULL,'688@example.com',NULL,NULL),(788,'N',788,'2021-11-19 10:32:23','2021-11-19 10:32:23',788,NULL,_binary '\0','689@example.com',NULL,'689',_binary '\0','qq','temp123',_binary '\0',NULL,_binary '\0',_binary '',NULL,'689@example.com',NULL,NULL),(789,'N',789,'2021-11-19 10:32:24','2021-11-19 10:32:24',789,NULL,_binary '\0','690@example.com',NULL,'690',_binary '\0','qq','temp123',_binary '\0',NULL,_binary '\0',_binary '',NULL,'690@example.com',NULL,NULL),(790,'N',790,'2021-11-19 10:32:24','2021-11-19 10:32:24',790,NULL,_binary '\0','691@example.com',NULL,'691',_binary '\0','qq','temp123',_binary '\0',NULL,_binary '\0',_binary '',NULL,'691@example.com',NULL,NULL),(791,'N',791,'2021-11-19 10:32:24','2021-11-19 10:32:24',791,NULL,_binary '\0','692@example.com',NULL,'692',_binary '\0','qq','temp123',_binary '\0',NULL,_binary '\0',_binary '',NULL,'692@example.com',NULL,NULL),(792,'N',792,'2021-11-19 10:32:24','2021-11-19 10:32:24',792,NULL,_binary '\0','693@example.com',NULL,'693',_binary '\0','qq','temp123',_binary '\0',NULL,_binary '\0',_binary '',NULL,'693@example.com',NULL,NULL),(793,'N',793,'2021-11-19 10:32:25','2021-11-19 10:32:25',793,NULL,_binary '\0','694@example.com',NULL,'694',_binary '\0','qq','temp123',_binary '\0',NULL,_binary '\0',_binary '',NULL,'694@example.com',NULL,NULL),(794,'N',794,'2021-11-19 10:32:25','2021-11-19 10:32:25',794,NULL,_binary '\0','695@example.com',NULL,'695',_binary '\0','qq','temp123',_binary '\0',NULL,_binary '\0',_binary '',NULL,'695@example.com',NULL,NULL),(795,'N',795,'2021-11-19 10:32:25','2021-11-19 10:32:25',795,NULL,_binary '\0','696@example.com',NULL,'696',_binary '\0','qq','temp123',_binary '\0',NULL,_binary '\0',_binary '',NULL,'696@example.com',NULL,NULL),(796,'N',796,'2021-11-19 10:32:25','2021-11-19 10:32:25',796,NULL,_binary '\0','697@example.com',NULL,'697',_binary '\0','qq','temp123',_binary '\0',NULL,_binary '\0',_binary '',NULL,'697@example.com',NULL,NULL),(797,'N',797,'2021-11-19 10:32:25','2021-11-19 10:32:25',797,NULL,_binary '\0','698@example.com',NULL,'698',_binary '\0','qq','temp123',_binary '\0',NULL,_binary '\0',_binary '',NULL,'698@example.com',NULL,NULL),(798,'N',798,'2021-11-19 10:32:26','2021-11-19 10:32:26',798,NULL,_binary '\0','699@example.com',NULL,'699',_binary '\0','qq','temp123',_binary '\0',NULL,_binary '\0',_binary '',NULL,'699@example.com',NULL,NULL),(799,'N',799,'2021-11-19 10:32:26','2021-11-19 10:32:26',799,NULL,_binary '\0','700@example.com',NULL,'700',_binary '\0','qq','temp123',_binary '\0',NULL,_binary '\0',_binary '',NULL,'700@example.com',NULL,NULL),(800,'N',800,'2021-11-19 10:32:26','2021-11-19 10:32:26',800,NULL,_binary '\0','701@example.com',NULL,'701',_binary '\0','qq','temp123',_binary '\0',NULL,_binary '\0',_binary '',NULL,'701@example.com',NULL,NULL),(801,'N',801,'2021-11-19 10:32:26','2021-11-19 10:32:26',801,NULL,_binary '\0','702@example.com',NULL,'702',_binary '\0','qq','temp123',_binary '\0',NULL,_binary '\0',_binary '',NULL,'702@example.com',NULL,NULL),(802,'N',802,'2021-11-19 10:32:27','2021-11-19 10:32:27',802,NULL,_binary '\0','703@example.com',NULL,'703',_binary '\0','qq','temp123',_binary '\0',NULL,_binary '\0',_binary '',NULL,'703@example.com',NULL,NULL),(803,'N',803,'2021-11-19 10:32:27','2021-11-19 10:32:27',803,NULL,_binary '\0','704@example.com',NULL,'704',_binary '\0','qq','temp123',_binary '\0',NULL,_binary '\0',_binary '',NULL,'704@example.com',NULL,NULL),(804,'N',804,'2021-11-19 10:32:27','2021-11-19 10:32:27',804,NULL,_binary '\0','705@example.com',NULL,'705',_binary '\0','qq','temp123',_binary '\0',NULL,_binary '\0',_binary '',NULL,'705@example.com',NULL,NULL),(805,'N',805,'2021-11-19 10:32:27','2021-11-19 10:32:27',805,NULL,_binary '\0','706@example.com',NULL,'706',_binary '\0','qq','temp123',_binary '\0',NULL,_binary '\0',_binary '',NULL,'706@example.com',NULL,NULL),(806,'N',806,'2021-11-19 10:32:28','2021-11-19 10:32:28',806,NULL,_binary '\0','707@example.com',NULL,'707',_binary '\0','qq','temp123',_binary '\0',NULL,_binary '\0',_binary '',NULL,'707@example.com',NULL,NULL),(807,'N',807,'2021-11-19 10:32:28','2021-11-19 10:32:28',807,NULL,_binary '\0','708@example.com',NULL,'708',_binary '\0','qq','temp123',_binary '\0',NULL,_binary '\0',_binary '',NULL,'708@example.com',NULL,NULL),(808,'N',808,'2021-11-19 10:32:28','2021-11-19 10:32:28',808,NULL,_binary '\0','709@example.com',NULL,'709',_binary '\0','qq','temp123',_binary '\0',NULL,_binary '\0',_binary '',NULL,'709@example.com',NULL,NULL),(809,'N',809,'2021-11-19 10:32:28','2021-11-19 10:32:28',809,NULL,_binary '\0','710@example.com',NULL,'710',_binary '\0','qq','temp123',_binary '\0',NULL,_binary '\0',_binary '',NULL,'710@example.com',NULL,NULL),(810,'N',810,'2021-11-19 10:32:28','2021-11-19 10:32:28',810,NULL,_binary '\0','711@example.com',NULL,'711',_binary '\0','qq','temp123',_binary '\0',NULL,_binary '\0',_binary '',NULL,'711@example.com',NULL,NULL),(811,'N',811,'2021-11-19 10:32:29','2021-11-19 10:32:29',811,NULL,_binary '\0','712@example.com',NULL,'712',_binary '\0','qq','temp123',_binary '\0',NULL,_binary '\0',_binary '',NULL,'712@example.com',NULL,NULL),(812,'N',812,'2021-11-19 10:32:29','2021-11-19 10:32:29',812,NULL,_binary '\0','713@example.com',NULL,'713',_binary '\0','qq','temp123',_binary '\0',NULL,_binary '\0',_binary '',NULL,'713@example.com',NULL,NULL),(813,'N',813,'2021-11-19 10:32:29','2021-11-19 10:32:29',813,NULL,_binary '\0','714@example.com',NULL,'714',_binary '\0','qq','temp123',_binary '\0',NULL,_binary '\0',_binary '',NULL,'714@example.com',NULL,NULL),(814,'N',814,'2021-11-19 10:32:29','2021-11-19 10:32:29',814,NULL,_binary '\0','715@example.com',NULL,'715',_binary '\0','qq','temp123',_binary '\0',NULL,_binary '\0',_binary '',NULL,'715@example.com',NULL,NULL),(815,'N',815,'2021-11-19 10:32:30','2021-11-19 10:32:30',815,NULL,_binary '\0','716@example.com',NULL,'716',_binary '\0','qq','temp123',_binary '\0',NULL,_binary '\0',_binary '',NULL,'716@example.com',NULL,NULL),(816,'N',816,'2021-11-19 10:32:30','2021-11-19 10:32:30',816,NULL,_binary '\0','717@example.com',NULL,'717',_binary '\0','qq','temp123',_binary '\0',NULL,_binary '\0',_binary '',NULL,'717@example.com',NULL,NULL),(817,'N',817,'2021-11-19 10:32:30','2021-11-19 10:32:30',817,NULL,_binary '\0','718@example.com',NULL,'718',_binary '\0','qq','temp123',_binary '\0',NULL,_binary '\0',_binary '',NULL,'718@example.com',NULL,NULL),(818,'N',818,'2021-11-19 10:32:30','2021-11-19 10:32:30',818,NULL,_binary '\0','719@example.com',NULL,'719',_binary '\0','qq','temp123',_binary '\0',NULL,_binary '\0',_binary '',NULL,'719@example.com',NULL,NULL),(819,'N',819,'2021-11-19 10:32:30','2021-11-19 10:32:30',819,NULL,_binary '\0','720@example.com',NULL,'720',_binary '\0','qq','temp123',_binary '\0',NULL,_binary '\0',_binary '',NULL,'720@example.com',NULL,NULL),(820,'N',820,'2021-11-19 10:32:31','2021-11-19 10:32:31',820,NULL,_binary '\0','721@example.com',NULL,'721',_binary '\0','qq','temp123',_binary '\0',NULL,_binary '\0',_binary '',NULL,'721@example.com',NULL,NULL),(821,'N',821,'2021-11-19 10:32:31','2021-11-19 10:32:31',821,NULL,_binary '\0','722@example.com',NULL,'722',_binary '\0','qq','temp123',_binary '\0',NULL,_binary '\0',_binary '',NULL,'722@example.com',NULL,NULL),(822,'N',822,'2021-11-19 10:32:31','2021-11-19 10:32:31',822,NULL,_binary '\0','723@example.com',NULL,'723',_binary '\0','qq','temp123',_binary '\0',NULL,_binary '\0',_binary '',NULL,'723@example.com',NULL,NULL),(823,'N',823,'2021-11-19 10:32:31','2021-11-19 10:32:31',823,NULL,_binary '\0','724@example.com',NULL,'724',_binary '\0','qq','temp123',_binary '\0',NULL,_binary '\0',_binary '',NULL,'724@example.com',NULL,NULL),(824,'N',824,'2021-11-19 10:32:31','2021-11-19 10:32:31',824,NULL,_binary '\0','725@example.com',NULL,'725',_binary '\0','qq','temp123',_binary '\0',NULL,_binary '\0',_binary '',NULL,'725@example.com',NULL,NULL),(825,'N',825,'2021-11-19 10:32:32','2021-11-19 10:32:32',825,NULL,_binary '\0','726@example.com',NULL,'726',_binary '\0','qq','temp123',_binary '\0',NULL,_binary '\0',_binary '',NULL,'726@example.com',NULL,NULL),(826,'N',826,'2021-11-19 10:32:32','2021-11-19 10:32:32',826,NULL,_binary '\0','727@example.com',NULL,'727',_binary '\0','qq','temp123',_binary '\0',NULL,_binary '\0',_binary '',NULL,'727@example.com',NULL,NULL),(827,'N',827,'2021-11-19 10:32:32','2021-11-19 10:32:32',827,NULL,_binary '\0','728@example.com',NULL,'728',_binary '\0','qq','temp123',_binary '\0',NULL,_binary '\0',_binary '',NULL,'728@example.com',NULL,NULL),(828,'N',828,'2021-11-19 10:32:32','2021-11-19 10:32:32',828,NULL,_binary '\0','729@example.com',NULL,'729',_binary '\0','qq','temp123',_binary '\0',NULL,_binary '\0',_binary '',NULL,'729@example.com',NULL,NULL),(829,'N',829,'2021-11-19 10:32:33','2021-11-19 10:32:33',829,NULL,_binary '\0','730@example.com',NULL,'730',_binary '\0','qq','temp123',_binary '\0',NULL,_binary '\0',_binary '',NULL,'730@example.com',NULL,NULL),(830,'N',830,'2021-11-19 10:32:33','2021-11-19 10:32:33',830,NULL,_binary '\0','731@example.com',NULL,'731',_binary '\0','qq','temp123',_binary '\0',NULL,_binary '\0',_binary '',NULL,'731@example.com',NULL,NULL),(831,'N',831,'2021-11-19 10:32:33','2021-11-19 10:32:33',831,NULL,_binary '\0','732@example.com',NULL,'732',_binary '\0','qq','temp123',_binary '\0',NULL,_binary '\0',_binary '',NULL,'732@example.com',NULL,NULL),(832,'N',832,'2021-11-19 10:32:33','2021-11-19 10:32:33',832,NULL,_binary '\0','733@example.com',NULL,'733',_binary '\0','qq','temp123',_binary '\0',NULL,_binary '\0',_binary '',NULL,'733@example.com',NULL,NULL),(833,'N',833,'2021-11-19 10:32:33','2021-11-19 10:32:33',833,NULL,_binary '\0','734@example.com',NULL,'734',_binary '\0','qq','temp123',_binary '\0',NULL,_binary '\0',_binary '',NULL,'734@example.com',NULL,NULL),(834,'N',834,'2021-11-19 10:32:34','2021-11-19 10:32:34',834,NULL,_binary '\0','735@example.com',NULL,'735',_binary '\0','qq','temp123',_binary '\0',NULL,_binary '\0',_binary '',NULL,'735@example.com',NULL,NULL),(835,'N',835,'2021-11-19 10:32:34','2021-11-19 10:32:34',835,NULL,_binary '\0','736@example.com',NULL,'736',_binary '\0','qq','temp123',_binary '\0',NULL,_binary '\0',_binary '',NULL,'736@example.com',NULL,NULL),(836,'N',836,'2021-11-19 10:32:34','2021-11-19 10:32:34',836,NULL,_binary '\0','737@example.com',NULL,'737',_binary '\0','qq','temp123',_binary '\0',NULL,_binary '\0',_binary '',NULL,'737@example.com',NULL,NULL),(837,'N',837,'2021-11-19 10:32:34','2021-11-19 10:32:34',837,NULL,_binary '\0','738@example.com',NULL,'738',_binary '\0','qq','temp123',_binary '\0',NULL,_binary '\0',_binary '',NULL,'738@example.com',NULL,NULL),(838,'N',838,'2021-11-19 10:32:35','2021-11-19 10:32:35',838,NULL,_binary '\0','739@example.com',NULL,'739',_binary '\0','qq','temp123',_binary '\0',NULL,_binary '\0',_binary '',NULL,'739@example.com',NULL,NULL),(839,'N',839,'2021-11-19 10:32:35','2021-11-19 10:32:35',839,NULL,_binary '\0','740@example.com',NULL,'740',_binary '\0','qq','temp123',_binary '\0',NULL,_binary '\0',_binary '',NULL,'740@example.com',NULL,NULL),(840,'N',840,'2021-11-19 10:32:35','2021-11-19 10:32:35',840,NULL,_binary '\0','741@example.com',NULL,'741',_binary '\0','qq','temp123',_binary '\0',NULL,_binary '\0',_binary '',NULL,'741@example.com',NULL,NULL),(841,'N',841,'2021-11-19 10:32:35','2021-11-19 10:32:35',841,NULL,_binary '\0','742@example.com',NULL,'742',_binary '\0','qq','temp123',_binary '\0',NULL,_binary '\0',_binary '',NULL,'742@example.com',NULL,NULL),(842,'N',842,'2021-11-19 10:32:36','2021-11-19 10:32:36',842,NULL,_binary '\0','743@example.com',NULL,'743',_binary '\0','qq','temp123',_binary '\0',NULL,_binary '\0',_binary '',NULL,'743@example.com',NULL,NULL),(843,'N',843,'2021-11-19 10:32:36','2021-11-19 10:32:36',843,NULL,_binary '\0','744@example.com',NULL,'744',_binary '\0','qq','temp123',_binary '\0',NULL,_binary '\0',_binary '',NULL,'744@example.com',NULL,NULL),(844,'N',844,'2021-11-19 10:32:36','2021-11-19 10:32:36',844,NULL,_binary '\0','745@example.com',NULL,'745',_binary '\0','qq','temp123',_binary '\0',NULL,_binary '\0',_binary '',NULL,'745@example.com',NULL,NULL),(845,'N',845,'2021-11-19 10:32:36','2021-11-19 10:32:36',845,NULL,_binary '\0','746@example.com',NULL,'746',_binary '\0','qq','temp123',_binary '\0',NULL,_binary '\0',_binary '',NULL,'746@example.com',NULL,NULL),(846,'N',846,'2021-11-19 10:32:37','2021-11-19 10:32:37',846,NULL,_binary '\0','747@example.com',NULL,'747',_binary '\0','qq','temp123',_binary '\0',NULL,_binary '\0',_binary '',NULL,'747@example.com',NULL,NULL),(847,'N',847,'2021-11-19 10:32:37','2021-11-19 10:32:37',847,NULL,_binary '\0','748@example.com',NULL,'748',_binary '\0','qq','temp123',_binary '\0',NULL,_binary '\0',_binary '',NULL,'748@example.com',NULL,NULL),(848,'N',848,'2021-11-19 10:32:37','2021-11-19 10:32:37',848,NULL,_binary '\0','749@example.com',NULL,'749',_binary '\0','qq','temp123',_binary '\0',NULL,_binary '\0',_binary '',NULL,'749@example.com',NULL,NULL),(849,'N',849,'2021-11-19 10:32:37','2021-11-19 10:32:37',849,NULL,_binary '\0','750@example.com',NULL,'750',_binary '\0','qq','temp123',_binary '\0',NULL,_binary '\0',_binary '',NULL,'750@example.com',NULL,NULL),(850,'N',850,'2021-11-19 10:32:37','2021-11-19 10:32:37',850,NULL,_binary '\0','751@example.com',NULL,'751',_binary '\0','qq','temp123',_binary '\0',NULL,_binary '\0',_binary '',NULL,'751@example.com',NULL,NULL),(851,'N',851,'2021-11-19 10:32:38','2021-11-19 10:32:38',851,NULL,_binary '\0','752@example.com',NULL,'752',_binary '\0','qq','temp123',_binary '\0',NULL,_binary '\0',_binary '',NULL,'752@example.com',NULL,NULL),(852,'N',852,'2021-11-19 10:32:38','2021-11-19 10:32:38',852,NULL,_binary '\0','753@example.com',NULL,'753',_binary '\0','qq','temp123',_binary '\0',NULL,_binary '\0',_binary '',NULL,'753@example.com',NULL,NULL),(853,'N',853,'2021-11-19 10:32:38','2021-11-19 10:32:38',853,NULL,_binary '\0','754@example.com',NULL,'754',_binary '\0','qq','temp123',_binary '\0',NULL,_binary '\0',_binary '',NULL,'754@example.com',NULL,NULL),(854,'N',854,'2021-11-19 10:32:38','2021-11-19 10:32:38',854,NULL,_binary '\0','755@example.com',NULL,'755',_binary '\0','qq','temp123',_binary '\0',NULL,_binary '\0',_binary '',NULL,'755@example.com',NULL,NULL),(855,'N',855,'2021-11-19 10:32:39','2021-11-19 10:32:39',855,NULL,_binary '\0','756@example.com',NULL,'756',_binary '\0','qq','temp123',_binary '\0',NULL,_binary '\0',_binary '',NULL,'756@example.com',NULL,NULL),(856,'N',856,'2021-11-19 10:32:39','2021-11-19 10:32:39',856,NULL,_binary '\0','757@example.com',NULL,'757',_binary '\0','qq','temp123',_binary '\0',NULL,_binary '\0',_binary '',NULL,'757@example.com',NULL,NULL),(857,'N',857,'2021-11-19 10:32:39','2021-11-19 10:32:39',857,NULL,_binary '\0','758@example.com',NULL,'758',_binary '\0','qq','temp123',_binary '\0',NULL,_binary '\0',_binary '',NULL,'758@example.com',NULL,NULL),(858,'N',858,'2021-11-19 10:32:39','2021-11-19 10:32:39',858,NULL,_binary '\0','759@example.com',NULL,'759',_binary '\0','qq','temp123',_binary '\0',NULL,_binary '\0',_binary '',NULL,'759@example.com',NULL,NULL),(859,'N',859,'2021-11-19 10:32:39','2021-11-19 10:32:39',859,NULL,_binary '\0','760@example.com',NULL,'760',_binary '\0','qq','temp123',_binary '\0',NULL,_binary '\0',_binary '',NULL,'760@example.com',NULL,NULL),(860,'N',860,'2021-11-19 10:32:40','2021-11-19 10:32:40',860,NULL,_binary '\0','761@example.com',NULL,'761',_binary '\0','qq','temp123',_binary '\0',NULL,_binary '\0',_binary '',NULL,'761@example.com',NULL,NULL),(861,'N',861,'2021-11-19 10:32:40','2021-11-19 10:32:40',861,NULL,_binary '\0','762@example.com',NULL,'762',_binary '\0','qq','temp123',_binary '\0',NULL,_binary '\0',_binary '',NULL,'762@example.com',NULL,NULL),(862,'N',862,'2021-11-19 10:32:40','2021-11-19 10:32:40',862,NULL,_binary '\0','763@example.com',NULL,'763',_binary '\0','qq','temp123',_binary '\0',NULL,_binary '\0',_binary '',NULL,'763@example.com',NULL,NULL),(863,'N',863,'2021-11-19 10:32:40','2021-11-19 10:32:40',863,NULL,_binary '\0','764@example.com',NULL,'764',_binary '\0','qq','temp123',_binary '\0',NULL,_binary '\0',_binary '',NULL,'764@example.com',NULL,NULL),(864,'N',864,'2021-11-19 10:32:41','2021-11-19 10:32:41',864,NULL,_binary '\0','765@example.com',NULL,'765',_binary '\0','qq','temp123',_binary '\0',NULL,_binary '\0',_binary '',NULL,'765@example.com',NULL,NULL),(865,'N',865,'2021-11-19 10:32:41','2021-11-19 10:32:41',865,NULL,_binary '\0','766@example.com',NULL,'766',_binary '\0','qq','temp123',_binary '\0',NULL,_binary '\0',_binary '',NULL,'766@example.com',NULL,NULL),(866,'N',866,'2021-11-19 10:32:41','2021-11-19 10:32:41',866,NULL,_binary '\0','767@example.com',NULL,'767',_binary '\0','qq','temp123',_binary '\0',NULL,_binary '\0',_binary '',NULL,'767@example.com',NULL,NULL),(867,'N',867,'2021-11-19 10:32:41','2021-11-19 10:32:41',867,NULL,_binary '\0','768@example.com',NULL,'768',_binary '\0','qq','temp123',_binary '\0',NULL,_binary '\0',_binary '',NULL,'768@example.com',NULL,NULL),(868,'N',868,'2021-11-19 10:32:42','2021-11-19 10:32:42',868,NULL,_binary '\0','769@example.com',NULL,'769',_binary '\0','qq','temp123',_binary '\0',NULL,_binary '\0',_binary '',NULL,'769@example.com',NULL,NULL),(869,'N',869,'2021-11-19 10:32:42','2021-11-19 10:32:42',869,NULL,_binary '\0','770@example.com',NULL,'770',_binary '\0','qq','temp123',_binary '\0',NULL,_binary '\0',_binary '',NULL,'770@example.com',NULL,NULL),(870,'N',870,'2021-11-19 10:32:42','2021-11-19 10:32:42',870,NULL,_binary '\0','771@example.com',NULL,'771',_binary '\0','qq','temp123',_binary '\0',NULL,_binary '\0',_binary '',NULL,'771@example.com',NULL,NULL),(871,'N',871,'2021-11-19 10:32:42','2021-11-19 10:32:42',871,NULL,_binary '\0','772@example.com',NULL,'772',_binary '\0','qq','temp123',_binary '\0',NULL,_binary '\0',_binary '',NULL,'772@example.com',NULL,NULL),(872,'N',872,'2021-11-19 10:32:42','2021-11-19 10:32:42',872,NULL,_binary '\0','773@example.com',NULL,'773',_binary '\0','qq','temp123',_binary '\0',NULL,_binary '\0',_binary '',NULL,'773@example.com',NULL,NULL),(873,'N',873,'2021-11-19 10:32:43','2021-11-19 10:32:43',873,NULL,_binary '\0','774@example.com',NULL,'774',_binary '\0','qq','temp123',_binary '\0',NULL,_binary '\0',_binary '',NULL,'774@example.com',NULL,NULL),(874,'N',874,'2021-11-19 10:32:43','2021-11-19 10:32:43',874,NULL,_binary '\0','775@example.com',NULL,'775',_binary '\0','qq','temp123',_binary '\0',NULL,_binary '\0',_binary '',NULL,'775@example.com',NULL,NULL),(875,'N',875,'2021-11-19 10:32:43','2021-11-19 10:32:43',875,NULL,_binary '\0','776@example.com',NULL,'776',_binary '\0','qq','temp123',_binary '\0',NULL,_binary '\0',_binary '',NULL,'776@example.com',NULL,NULL),(876,'N',876,'2021-11-19 10:32:43','2021-11-19 10:32:43',876,NULL,_binary '\0','777@example.com',NULL,'777',_binary '\0','qq','temp123',_binary '\0',NULL,_binary '\0',_binary '',NULL,'777@example.com',NULL,NULL),(877,'N',877,'2021-11-19 10:32:43','2021-11-19 10:32:43',877,NULL,_binary '\0','778@example.com',NULL,'778',_binary '\0','qq','temp123',_binary '\0',NULL,_binary '\0',_binary '',NULL,'778@example.com',NULL,NULL),(878,'N',878,'2021-11-19 10:32:44','2021-11-19 10:32:44',878,NULL,_binary '\0','779@example.com',NULL,'779',_binary '\0','qq','temp123',_binary '\0',NULL,_binary '\0',_binary '',NULL,'779@example.com',NULL,NULL),(879,'N',879,'2021-11-19 10:32:44','2021-11-19 10:32:44',879,NULL,_binary '\0','780@example.com',NULL,'780',_binary '\0','qq','temp123',_binary '\0',NULL,_binary '\0',_binary '',NULL,'780@example.com',NULL,NULL),(880,'N',880,'2021-11-19 10:32:44','2021-11-19 10:32:44',880,NULL,_binary '\0','781@example.com',NULL,'781',_binary '\0','qq','temp123',_binary '\0',NULL,_binary '\0',_binary '',NULL,'781@example.com',NULL,NULL),(881,'N',881,'2021-11-19 10:32:44','2021-11-19 10:32:44',881,NULL,_binary '\0','782@example.com',NULL,'782',_binary '\0','qq','temp123',_binary '\0',NULL,_binary '\0',_binary '',NULL,'782@example.com',NULL,NULL),(882,'N',882,'2021-11-19 10:32:44','2021-11-19 10:32:44',882,NULL,_binary '\0','783@example.com',NULL,'783',_binary '\0','qq','temp123',_binary '\0',NULL,_binary '\0',_binary '',NULL,'783@example.com',NULL,NULL),(883,'N',883,'2021-11-19 10:32:45','2021-11-19 10:32:45',883,NULL,_binary '\0','784@example.com',NULL,'784',_binary '\0','qq','temp123',_binary '\0',NULL,_binary '\0',_binary '',NULL,'784@example.com',NULL,NULL),(884,'N',884,'2021-11-19 10:32:45','2021-11-19 10:32:45',884,NULL,_binary '\0','785@example.com',NULL,'785',_binary '\0','qq','temp123',_binary '\0',NULL,_binary '\0',_binary '',NULL,'785@example.com',NULL,NULL),(885,'N',885,'2021-11-19 10:32:45','2021-11-19 10:32:45',885,NULL,_binary '\0','786@example.com',NULL,'786',_binary '\0','qq','temp123',_binary '\0',NULL,_binary '\0',_binary '',NULL,'786@example.com',NULL,NULL),(886,'N',886,'2021-11-19 10:32:45','2021-11-19 10:32:45',886,NULL,_binary '\0','787@example.com',NULL,'787',_binary '\0','qq','temp123',_binary '\0',NULL,_binary '\0',_binary '',NULL,'787@example.com',NULL,NULL),(887,'N',887,'2021-11-19 10:32:46','2021-11-19 10:32:46',887,NULL,_binary '\0','788@example.com',NULL,'788',_binary '\0','qq','temp123',_binary '\0',NULL,_binary '\0',_binary '',NULL,'788@example.com',NULL,NULL),(888,'N',888,'2021-11-19 10:32:46','2021-11-19 10:32:46',888,NULL,_binary '\0','789@example.com',NULL,'789',_binary '\0','qq','temp123',_binary '\0',NULL,_binary '\0',_binary '',NULL,'789@example.com',NULL,NULL),(889,'N',889,'2021-11-19 10:32:46','2021-11-19 10:32:46',889,NULL,_binary '\0','790@example.com',NULL,'790',_binary '\0','qq','temp123',_binary '\0',NULL,_binary '\0',_binary '',NULL,'790@example.com',NULL,NULL),(890,'N',890,'2021-11-19 10:32:46','2021-11-19 10:32:46',890,NULL,_binary '\0','791@example.com',NULL,'791',_binary '\0','qq','temp123',_binary '\0',NULL,_binary '\0',_binary '',NULL,'791@example.com',NULL,NULL),(891,'N',891,'2021-11-19 10:32:46','2021-11-19 10:32:46',891,NULL,_binary '\0','792@example.com',NULL,'792',_binary '\0','qq','temp123',_binary '\0',NULL,_binary '\0',_binary '',NULL,'792@example.com',NULL,NULL),(892,'N',892,'2021-11-19 10:32:47','2021-11-19 10:32:47',892,NULL,_binary '\0','793@example.com',NULL,'793',_binary '\0','qq','temp123',_binary '\0',NULL,_binary '\0',_binary '',NULL,'793@example.com',NULL,NULL),(893,'N',893,'2021-11-19 10:32:47','2021-11-19 10:32:47',893,NULL,_binary '\0','794@example.com',NULL,'794',_binary '\0','qq','temp123',_binary '\0',NULL,_binary '\0',_binary '',NULL,'794@example.com',NULL,NULL),(894,'N',894,'2021-11-19 10:32:47','2021-11-19 10:32:47',894,NULL,_binary '\0','795@example.com',NULL,'795',_binary '\0','qq','temp123',_binary '\0',NULL,_binary '\0',_binary '',NULL,'795@example.com',NULL,NULL),(895,'N',895,'2021-11-19 10:32:47','2021-11-19 10:32:47',895,NULL,_binary '\0','796@example.com',NULL,'796',_binary '\0','qq','temp123',_binary '\0',NULL,_binary '\0',_binary '',NULL,'796@example.com',NULL,NULL),(896,'N',896,'2021-11-19 10:32:47','2021-11-19 10:32:47',896,NULL,_binary '\0','797@example.com',NULL,'797',_binary '\0','qq','temp123',_binary '\0',NULL,_binary '\0',_binary '',NULL,'797@example.com',NULL,NULL),(897,'N',897,'2021-11-19 10:32:48','2021-11-19 10:32:48',897,NULL,_binary '\0','798@example.com',NULL,'798',_binary '\0','qq','temp123',_binary '\0',NULL,_binary '\0',_binary '',NULL,'798@example.com',NULL,NULL),(898,'N',898,'2021-11-19 10:32:48','2021-11-19 10:32:48',898,NULL,_binary '\0','799@example.com',NULL,'799',_binary '\0','qq','temp123',_binary '\0',NULL,_binary '\0',_binary '',NULL,'799@example.com',NULL,NULL),(899,'N',899,'2021-11-19 10:32:48','2021-11-19 10:32:48',899,NULL,_binary '\0','800@example.com',NULL,'800',_binary '\0','qq','temp123',_binary '\0',NULL,_binary '\0',_binary '',NULL,'800@example.com',NULL,NULL),(900,'N',900,'2021-11-19 10:32:48','2021-11-19 10:32:48',900,NULL,_binary '\0','801@example.com',NULL,'801',_binary '\0','qq','temp123',_binary '\0',NULL,_binary '\0',_binary '',NULL,'801@example.com',NULL,NULL),(901,'N',901,'2021-11-19 10:32:49','2021-11-19 10:32:49',901,NULL,_binary '\0','802@example.com',NULL,'802',_binary '\0','qq','temp123',_binary '\0',NULL,_binary '\0',_binary '',NULL,'802@example.com',NULL,NULL),(902,'N',902,'2021-11-19 10:32:49','2021-11-19 10:32:49',902,NULL,_binary '\0','803@example.com',NULL,'803',_binary '\0','qq','temp123',_binary '\0',NULL,_binary '\0',_binary '',NULL,'803@example.com',NULL,NULL),(903,'N',903,'2021-11-19 10:32:49','2021-11-19 10:32:49',903,NULL,_binary '\0','804@example.com',NULL,'804',_binary '\0','qq','temp123',_binary '\0',NULL,_binary '\0',_binary '',NULL,'804@example.com',NULL,NULL),(904,'N',904,'2021-11-19 10:32:49','2021-11-19 10:32:49',904,NULL,_binary '\0','805@example.com',NULL,'805',_binary '\0','qq','temp123',_binary '\0',NULL,_binary '\0',_binary '',NULL,'805@example.com',NULL,NULL),(905,'N',905,'2021-11-19 10:32:49','2021-11-19 10:32:49',905,NULL,_binary '\0','806@example.com',NULL,'806',_binary '\0','qq','temp123',_binary '\0',NULL,_binary '\0',_binary '',NULL,'806@example.com',NULL,NULL),(906,'N',906,'2021-11-19 10:32:50','2021-11-19 10:32:50',906,NULL,_binary '\0','807@example.com',NULL,'807',_binary '\0','qq','temp123',_binary '\0',NULL,_binary '\0',_binary '',NULL,'807@example.com',NULL,NULL),(907,'N',907,'2021-11-19 10:32:50','2021-11-19 10:32:50',907,NULL,_binary '\0','808@example.com',NULL,'808',_binary '\0','qq','temp123',_binary '\0',NULL,_binary '\0',_binary '',NULL,'808@example.com',NULL,NULL),(908,'N',908,'2021-11-19 10:32:50','2021-11-19 10:32:50',908,NULL,_binary '\0','809@example.com',NULL,'809',_binary '\0','qq','temp123',_binary '\0',NULL,_binary '\0',_binary '',NULL,'809@example.com',NULL,NULL),(909,'N',909,'2021-11-19 10:32:50','2021-11-19 10:32:50',909,NULL,_binary '\0','810@example.com',NULL,'810',_binary '\0','qq','temp123',_binary '\0',NULL,_binary '\0',_binary '',NULL,'810@example.com',NULL,NULL),(910,'N',910,'2021-11-19 10:32:51','2021-11-19 10:32:51',910,NULL,_binary '\0','811@example.com',NULL,'811',_binary '\0','qq','temp123',_binary '\0',NULL,_binary '\0',_binary '',NULL,'811@example.com',NULL,NULL),(911,'N',911,'2021-11-19 10:32:51','2021-11-19 10:32:51',911,NULL,_binary '\0','812@example.com',NULL,'812',_binary '\0','qq','temp123',_binary '\0',NULL,_binary '\0',_binary '',NULL,'812@example.com',NULL,NULL),(912,'N',912,'2021-11-19 10:32:51','2021-11-19 10:32:51',912,NULL,_binary '\0','813@example.com',NULL,'813',_binary '\0','qq','temp123',_binary '\0',NULL,_binary '\0',_binary '',NULL,'813@example.com',NULL,NULL),(913,'N',913,'2021-11-19 10:32:51','2021-11-19 10:32:51',913,NULL,_binary '\0','814@example.com',NULL,'814',_binary '\0','qq','temp123',_binary '\0',NULL,_binary '\0',_binary '',NULL,'814@example.com',NULL,NULL),(914,'N',914,'2021-11-19 10:32:51','2021-11-19 10:32:51',914,NULL,_binary '\0','815@example.com',NULL,'815',_binary '\0','qq','temp123',_binary '\0',NULL,_binary '\0',_binary '',NULL,'815@example.com',NULL,NULL),(915,'N',915,'2021-11-19 10:32:52','2021-11-19 10:32:52',915,NULL,_binary '\0','816@example.com',NULL,'816',_binary '\0','qq','temp123',_binary '\0',NULL,_binary '\0',_binary '',NULL,'816@example.com',NULL,NULL),(916,'N',916,'2021-11-19 10:32:52','2021-11-19 10:32:52',916,NULL,_binary '\0','817@example.com',NULL,'817',_binary '\0','qq','temp123',_binary '\0',NULL,_binary '\0',_binary '',NULL,'817@example.com',NULL,NULL),(917,'N',917,'2021-11-19 10:32:52','2021-11-19 10:32:52',917,NULL,_binary '\0','818@example.com',NULL,'818',_binary '\0','qq','temp123',_binary '\0',NULL,_binary '\0',_binary '',NULL,'818@example.com',NULL,NULL),(918,'N',918,'2021-11-19 10:32:52','2021-11-19 10:32:52',918,NULL,_binary '\0','819@example.com',NULL,'819',_binary '\0','qq','temp123',_binary '\0',NULL,_binary '\0',_binary '',NULL,'819@example.com',NULL,NULL),(919,'N',919,'2021-11-19 10:32:53','2021-11-19 10:32:53',919,NULL,_binary '\0','820@example.com',NULL,'820',_binary '\0','qq','temp123',_binary '\0',NULL,_binary '\0',_binary '',NULL,'820@example.com',NULL,NULL),(920,'N',920,'2021-11-19 10:32:53','2021-11-19 10:32:53',920,NULL,_binary '\0','821@example.com',NULL,'821',_binary '\0','qq','temp123',_binary '\0',NULL,_binary '\0',_binary '',NULL,'821@example.com',NULL,NULL),(921,'N',921,'2021-11-19 10:32:53','2021-11-19 10:32:53',921,NULL,_binary '\0','822@example.com',NULL,'822',_binary '\0','qq','temp123',_binary '\0',NULL,_binary '\0',_binary '',NULL,'822@example.com',NULL,NULL),(922,'N',922,'2021-11-19 10:32:53','2021-11-19 10:32:53',922,NULL,_binary '\0','823@example.com',NULL,'823',_binary '\0','qq','temp123',_binary '\0',NULL,_binary '\0',_binary '',NULL,'823@example.com',NULL,NULL),(923,'N',923,'2021-11-19 10:32:53','2021-11-19 10:32:53',923,NULL,_binary '\0','824@example.com',NULL,'824',_binary '\0','qq','temp123',_binary '\0',NULL,_binary '\0',_binary '',NULL,'824@example.com',NULL,NULL),(924,'N',924,'2021-11-19 10:32:54','2021-11-19 10:32:54',924,NULL,_binary '\0','825@example.com',NULL,'825',_binary '\0','qq','temp123',_binary '\0',NULL,_binary '\0',_binary '',NULL,'825@example.com',NULL,NULL),(925,'N',925,'2021-11-19 10:32:54','2021-11-19 10:32:54',925,NULL,_binary '\0','826@example.com',NULL,'826',_binary '\0','qq','temp123',_binary '\0',NULL,_binary '\0',_binary '',NULL,'826@example.com',NULL,NULL),(926,'N',926,'2021-11-19 10:32:54','2021-11-19 10:32:54',926,NULL,_binary '\0','827@example.com',NULL,'827',_binary '\0','qq','temp123',_binary '\0',NULL,_binary '\0',_binary '',NULL,'827@example.com',NULL,NULL),(927,'N',927,'2021-11-19 10:32:54','2021-11-19 10:32:54',927,NULL,_binary '\0','828@example.com',NULL,'828',_binary '\0','qq','temp123',_binary '\0',NULL,_binary '\0',_binary '',NULL,'828@example.com',NULL,NULL),(928,'N',928,'2021-11-19 10:32:55','2021-11-19 10:32:55',928,NULL,_binary '\0','829@example.com',NULL,'829',_binary '\0','qq','temp123',_binary '\0',NULL,_binary '\0',_binary '',NULL,'829@example.com',NULL,NULL),(929,'N',929,'2021-11-19 10:32:55','2021-11-19 10:32:55',929,NULL,_binary '\0','830@example.com',NULL,'830',_binary '\0','qq','temp123',_binary '\0',NULL,_binary '\0',_binary '',NULL,'830@example.com',NULL,NULL),(930,'N',930,'2021-11-19 10:32:55','2021-11-19 10:32:55',930,NULL,_binary '\0','831@example.com',NULL,'831',_binary '\0','qq','temp123',_binary '\0',NULL,_binary '\0',_binary '',NULL,'831@example.com',NULL,NULL),(931,'N',931,'2021-11-19 10:32:55','2021-11-19 10:32:55',931,NULL,_binary '\0','832@example.com',NULL,'832',_binary '\0','qq','temp123',_binary '\0',NULL,_binary '\0',_binary '',NULL,'832@example.com',NULL,NULL),(932,'N',932,'2021-11-19 10:32:55','2021-11-19 10:32:55',932,NULL,_binary '\0','833@example.com',NULL,'833',_binary '\0','qq','temp123',_binary '\0',NULL,_binary '\0',_binary '',NULL,'833@example.com',NULL,NULL),(933,'N',933,'2021-11-19 10:32:56','2021-11-19 10:32:56',933,NULL,_binary '\0','834@example.com',NULL,'834',_binary '\0','qq','temp123',_binary '\0',NULL,_binary '\0',_binary '',NULL,'834@example.com',NULL,NULL),(934,'N',934,'2021-11-19 10:32:56','2021-11-19 10:32:56',934,NULL,_binary '\0','835@example.com',NULL,'835',_binary '\0','qq','temp123',_binary '\0',NULL,_binary '\0',_binary '',NULL,'835@example.com',NULL,NULL),(935,'N',935,'2021-11-19 10:32:56','2021-11-19 10:32:56',935,NULL,_binary '\0','836@example.com',NULL,'836',_binary '\0','qq','temp123',_binary '\0',NULL,_binary '\0',_binary '',NULL,'836@example.com',NULL,NULL),(936,'N',936,'2021-11-19 10:32:56','2021-11-19 10:32:56',936,NULL,_binary '\0','837@example.com',NULL,'837',_binary '\0','qq','temp123',_binary '\0',NULL,_binary '\0',_binary '',NULL,'837@example.com',NULL,NULL),(937,'N',937,'2021-11-19 10:32:57','2021-11-19 10:32:57',937,NULL,_binary '\0','838@example.com',NULL,'838',_binary '\0','qq','temp123',_binary '\0',NULL,_binary '\0',_binary '',NULL,'838@example.com',NULL,NULL),(938,'N',938,'2021-11-19 10:32:57','2021-11-19 10:32:57',938,NULL,_binary '\0','839@example.com',NULL,'839',_binary '\0','qq','temp123',_binary '\0',NULL,_binary '\0',_binary '',NULL,'839@example.com',NULL,NULL),(939,'N',939,'2021-11-19 10:32:57','2021-11-19 10:32:57',939,NULL,_binary '\0','840@example.com',NULL,'840',_binary '\0','qq','temp123',_binary '\0',NULL,_binary '\0',_binary '',NULL,'840@example.com',NULL,NULL),(940,'N',940,'2021-11-19 10:32:57','2021-11-19 10:32:57',940,NULL,_binary '\0','841@example.com',NULL,'841',_binary '\0','qq','temp123',_binary '\0',NULL,_binary '\0',_binary '',NULL,'841@example.com',NULL,NULL),(941,'N',941,'2021-11-19 10:32:57','2021-11-19 10:32:57',941,NULL,_binary '\0','842@example.com',NULL,'842',_binary '\0','qq','temp123',_binary '\0',NULL,_binary '\0',_binary '',NULL,'842@example.com',NULL,NULL),(942,'N',942,'2021-11-19 10:32:58','2021-11-19 10:32:58',942,NULL,_binary '\0','843@example.com',NULL,'843',_binary '\0','qq','temp123',_binary '\0',NULL,_binary '\0',_binary '',NULL,'843@example.com',NULL,NULL),(943,'N',943,'2021-11-19 10:32:58','2021-11-19 10:32:58',943,NULL,_binary '\0','844@example.com',NULL,'844',_binary '\0','qq','temp123',_binary '\0',NULL,_binary '\0',_binary '',NULL,'844@example.com',NULL,NULL),(944,'N',944,'2021-11-19 10:32:58','2021-11-19 10:32:58',944,NULL,_binary '\0','845@example.com',NULL,'845',_binary '\0','qq','temp123',_binary '\0',NULL,_binary '\0',_binary '',NULL,'845@example.com',NULL,NULL),(945,'N',945,'2021-11-19 10:32:58','2021-11-19 10:32:58',945,NULL,_binary '\0','846@example.com',NULL,'846',_binary '\0','qq','temp123',_binary '\0',NULL,_binary '\0',_binary '',NULL,'846@example.com',NULL,NULL),(946,'N',946,'2021-11-19 10:32:59','2021-11-19 10:32:59',946,NULL,_binary '\0','847@example.com',NULL,'847',_binary '\0','qq','temp123',_binary '\0',NULL,_binary '\0',_binary '',NULL,'847@example.com',NULL,NULL),(947,'N',947,'2021-11-19 10:32:59','2021-11-19 10:32:59',947,NULL,_binary '\0','848@example.com',NULL,'848',_binary '\0','qq','temp123',_binary '\0',NULL,_binary '\0',_binary '',NULL,'848@example.com',NULL,NULL),(948,'N',948,'2021-11-19 10:32:59','2021-11-19 10:32:59',948,NULL,_binary '\0','849@example.com',NULL,'849',_binary '\0','qq','temp123',_binary '\0',NULL,_binary '\0',_binary '',NULL,'849@example.com',NULL,NULL),(949,'N',949,'2021-11-19 10:32:59','2021-11-19 10:32:59',949,NULL,_binary '\0','850@example.com',NULL,'850',_binary '\0','qq','temp123',_binary '\0',NULL,_binary '\0',_binary '',NULL,'850@example.com',NULL,NULL),(950,'N',950,'2021-11-19 10:32:59','2021-11-19 10:32:59',950,NULL,_binary '\0','851@example.com',NULL,'851',_binary '\0','qq','temp123',_binary '\0',NULL,_binary '\0',_binary '',NULL,'851@example.com',NULL,NULL),(951,'N',951,'2021-11-19 10:33:00','2021-11-19 10:33:00',951,NULL,_binary '\0','852@example.com',NULL,'852',_binary '\0','qq','temp123',_binary '\0',NULL,_binary '\0',_binary '',NULL,'852@example.com',NULL,NULL),(952,'N',952,'2021-11-19 10:33:00','2021-11-19 10:33:00',952,NULL,_binary '\0','853@example.com',NULL,'853',_binary '\0','qq','temp123',_binary '\0',NULL,_binary '\0',_binary '',NULL,'853@example.com',NULL,NULL),(953,'N',953,'2021-11-19 10:33:00','2021-11-19 10:33:00',953,NULL,_binary '\0','854@example.com',NULL,'854',_binary '\0','qq','temp123',_binary '\0',NULL,_binary '\0',_binary '',NULL,'854@example.com',NULL,NULL),(954,'N',954,'2021-11-19 10:33:00','2021-11-19 10:33:00',954,NULL,_binary '\0','855@example.com',NULL,'855',_binary '\0','qq','temp123',_binary '\0',NULL,_binary '\0',_binary '',NULL,'855@example.com',NULL,NULL),(955,'N',955,'2021-11-19 10:33:01','2021-11-19 10:33:01',955,NULL,_binary '\0','856@example.com',NULL,'856',_binary '\0','qq','temp123',_binary '\0',NULL,_binary '\0',_binary '',NULL,'856@example.com',NULL,NULL),(956,'N',956,'2021-11-19 10:33:01','2021-11-19 10:33:01',956,NULL,_binary '\0','857@example.com',NULL,'857',_binary '\0','qq','temp123',_binary '\0',NULL,_binary '\0',_binary '',NULL,'857@example.com',NULL,NULL),(957,'N',957,'2021-11-19 10:33:01','2021-11-19 10:33:01',957,NULL,_binary '\0','858@example.com',NULL,'858',_binary '\0','qq','temp123',_binary '\0',NULL,_binary '\0',_binary '',NULL,'858@example.com',NULL,NULL),(958,'N',958,'2021-11-19 10:33:01','2021-11-19 10:33:01',958,NULL,_binary '\0','859@example.com',NULL,'859',_binary '\0','qq','temp123',_binary '\0',NULL,_binary '\0',_binary '',NULL,'859@example.com',NULL,NULL),(959,'N',959,'2021-11-19 10:33:01','2021-11-19 10:33:01',959,NULL,_binary '\0','860@example.com',NULL,'860',_binary '\0','qq','temp123',_binary '\0',NULL,_binary '\0',_binary '',NULL,'860@example.com',NULL,NULL),(960,'N',960,'2021-11-19 10:33:02','2021-11-19 10:33:02',960,NULL,_binary '\0','861@example.com',NULL,'861',_binary '\0','qq','temp123',_binary '\0',NULL,_binary '\0',_binary '',NULL,'861@example.com',NULL,NULL),(961,'N',961,'2021-11-19 10:33:02','2021-11-19 10:33:02',961,NULL,_binary '\0','862@example.com',NULL,'862',_binary '\0','qq','temp123',_binary '\0',NULL,_binary '\0',_binary '',NULL,'862@example.com',NULL,NULL),(962,'N',962,'2021-11-19 10:33:02','2021-11-19 10:33:02',962,NULL,_binary '\0','863@example.com',NULL,'863',_binary '\0','qq','temp123',_binary '\0',NULL,_binary '\0',_binary '',NULL,'863@example.com',NULL,NULL),(963,'N',963,'2021-11-19 10:33:02','2021-11-19 10:33:02',963,NULL,_binary '\0','864@example.com',NULL,'864',_binary '\0','qq','temp123',_binary '\0',NULL,_binary '\0',_binary '',NULL,'864@example.com',NULL,NULL),(964,'N',964,'2021-11-19 10:33:02','2021-11-19 10:33:02',964,NULL,_binary '\0','865@example.com',NULL,'865',_binary '\0','qq','temp123',_binary '\0',NULL,_binary '\0',_binary '',NULL,'865@example.com',NULL,NULL),(965,'N',965,'2021-11-19 10:33:03','2021-11-19 10:33:03',965,NULL,_binary '\0','866@example.com',NULL,'866',_binary '\0','qq','temp123',_binary '\0',NULL,_binary '\0',_binary '',NULL,'866@example.com',NULL,NULL),(966,'N',966,'2021-11-19 10:33:03','2021-11-19 10:33:03',966,NULL,_binary '\0','867@example.com',NULL,'867',_binary '\0','qq','temp123',_binary '\0',NULL,_binary '\0',_binary '',NULL,'867@example.com',NULL,NULL),(967,'N',967,'2021-11-19 10:33:03','2021-11-19 10:33:03',967,NULL,_binary '\0','868@example.com',NULL,'868',_binary '\0','qq','temp123',_binary '\0',NULL,_binary '\0',_binary '',NULL,'868@example.com',NULL,NULL),(968,'N',968,'2021-11-19 10:33:03','2021-11-19 10:33:03',968,NULL,_binary '\0','869@example.com',NULL,'869',_binary '\0','qq','temp123',_binary '\0',NULL,_binary '\0',_binary '',NULL,'869@example.com',NULL,NULL),(969,'N',969,'2021-11-19 10:33:04','2021-11-19 10:33:04',969,NULL,_binary '\0','870@example.com',NULL,'870',_binary '\0','qq','temp123',_binary '\0',NULL,_binary '\0',_binary '',NULL,'870@example.com',NULL,NULL),(970,'N',970,'2021-11-19 10:33:04','2021-11-19 10:33:04',970,NULL,_binary '\0','871@example.com',NULL,'871',_binary '\0','qq','temp123',_binary '\0',NULL,_binary '\0',_binary '',NULL,'871@example.com',NULL,NULL),(971,'N',971,'2021-11-19 10:33:04','2021-11-19 10:33:04',971,NULL,_binary '\0','872@example.com',NULL,'872',_binary '\0','qq','temp123',_binary '\0',NULL,_binary '\0',_binary '',NULL,'872@example.com',NULL,NULL),(972,'N',972,'2021-11-19 10:33:04','2021-11-19 10:33:04',972,NULL,_binary '\0','873@example.com',NULL,'873',_binary '\0','qq','temp123',_binary '\0',NULL,_binary '\0',_binary '',NULL,'873@example.com',NULL,NULL),(973,'N',973,'2021-11-19 10:33:04','2021-11-19 10:33:04',973,NULL,_binary '\0','874@example.com',NULL,'874',_binary '\0','qq','temp123',_binary '\0',NULL,_binary '\0',_binary '',NULL,'874@example.com',NULL,NULL),(974,'N',974,'2021-11-19 10:33:05','2021-11-19 10:33:05',974,NULL,_binary '\0','875@example.com',NULL,'875',_binary '\0','qq','temp123',_binary '\0',NULL,_binary '\0',_binary '',NULL,'875@example.com',NULL,NULL),(975,'N',975,'2021-11-19 10:33:05','2021-11-19 10:33:05',975,NULL,_binary '\0','876@example.com',NULL,'876',_binary '\0','qq','temp123',_binary '\0',NULL,_binary '\0',_binary '',NULL,'876@example.com',NULL,NULL),(976,'N',976,'2021-11-19 10:33:05','2021-11-19 10:33:05',976,NULL,_binary '\0','877@example.com',NULL,'877',_binary '\0','qq','temp123',_binary '\0',NULL,_binary '\0',_binary '',NULL,'877@example.com',NULL,NULL),(977,'N',977,'2021-11-19 10:33:05','2021-11-19 10:33:05',977,NULL,_binary '\0','878@example.com',NULL,'878',_binary '\0','qq','temp123',_binary '\0',NULL,_binary '\0',_binary '',NULL,'878@example.com',NULL,NULL),(978,'N',978,'2021-11-19 10:33:06','2021-11-19 10:33:06',978,NULL,_binary '\0','879@example.com',NULL,'879',_binary '\0','qq','temp123',_binary '\0',NULL,_binary '\0',_binary '',NULL,'879@example.com',NULL,NULL),(979,'N',979,'2021-11-19 10:33:06','2021-11-19 10:33:06',979,NULL,_binary '\0','880@example.com',NULL,'880',_binary '\0','qq','temp123',_binary '\0',NULL,_binary '\0',_binary '',NULL,'880@example.com',NULL,NULL),(980,'N',980,'2021-11-19 10:33:06','2021-11-19 10:33:06',980,NULL,_binary '\0','881@example.com',NULL,'881',_binary '\0','qq','temp123',_binary '\0',NULL,_binary '\0',_binary '',NULL,'881@example.com',NULL,NULL),(981,'N',981,'2021-11-19 10:33:06','2021-11-19 10:33:06',981,NULL,_binary '\0','882@example.com',NULL,'882',_binary '\0','qq','temp123',_binary '\0',NULL,_binary '\0',_binary '',NULL,'882@example.com',NULL,NULL),(982,'N',982,'2021-11-19 10:33:06','2021-11-19 10:33:06',982,NULL,_binary '\0','883@example.com',NULL,'883',_binary '\0','qq','temp123',_binary '\0',NULL,_binary '\0',_binary '',NULL,'883@example.com',NULL,NULL),(983,'N',983,'2021-11-19 10:33:07','2021-11-19 10:33:07',983,NULL,_binary '\0','884@example.com',NULL,'884',_binary '\0','qq','temp123',_binary '\0',NULL,_binary '\0',_binary '',NULL,'884@example.com',NULL,NULL),(984,'N',984,'2021-11-19 10:33:07','2021-11-19 10:33:07',984,NULL,_binary '\0','885@example.com',NULL,'885',_binary '\0','qq','temp123',_binary '\0',NULL,_binary '\0',_binary '',NULL,'885@example.com',NULL,NULL),(985,'N',985,'2021-11-19 10:33:07','2021-11-19 10:33:07',985,NULL,_binary '\0','886@example.com',NULL,'886',_binary '\0','qq','temp123',_binary '\0',NULL,_binary '\0',_binary '',NULL,'886@example.com',NULL,NULL),(986,'N',986,'2021-11-19 10:33:07','2021-11-19 10:33:07',986,NULL,_binary '\0','887@example.com',NULL,'887',_binary '\0','qq','temp123',_binary '\0',NULL,_binary '\0',_binary '',NULL,'887@example.com',NULL,NULL),(987,'N',987,'2021-11-19 10:33:08','2021-11-19 10:33:08',987,NULL,_binary '\0','888@example.com',NULL,'888',_binary '\0','qq','temp123',_binary '\0',NULL,_binary '\0',_binary '',NULL,'888@example.com',NULL,NULL),(988,'N',988,'2021-11-19 10:33:08','2021-11-19 10:33:08',988,NULL,_binary '\0','889@example.com',NULL,'889',_binary '\0','qq','temp123',_binary '\0',NULL,_binary '\0',_binary '',NULL,'889@example.com',NULL,NULL),(989,'N',989,'2021-11-19 10:33:08','2021-11-19 10:33:08',989,NULL,_binary '\0','890@example.com',NULL,'890',_binary '\0','qq','temp123',_binary '\0',NULL,_binary '\0',_binary '',NULL,'890@example.com',NULL,NULL),(990,'N',990,'2021-11-19 10:33:08','2021-11-19 10:33:08',990,NULL,_binary '\0','891@example.com',NULL,'891',_binary '\0','qq','temp123',_binary '\0',NULL,_binary '\0',_binary '',NULL,'891@example.com',NULL,NULL),(991,'N',991,'2021-11-19 10:33:08','2021-11-19 10:33:08',991,NULL,_binary '\0','892@example.com',NULL,'892',_binary '\0','qq','temp123',_binary '\0',NULL,_binary '\0',_binary '',NULL,'892@example.com',NULL,NULL),(992,'N',992,'2021-11-19 10:33:09','2021-11-19 10:33:09',992,NULL,_binary '\0','893@example.com',NULL,'893',_binary '\0','qq','temp123',_binary '\0',NULL,_binary '\0',_binary '',NULL,'893@example.com',NULL,NULL),(993,'N',993,'2021-11-19 10:33:09','2021-11-19 10:33:09',993,NULL,_binary '\0','894@example.com',NULL,'894',_binary '\0','qq','temp123',_binary '\0',NULL,_binary '\0',_binary '',NULL,'894@example.com',NULL,NULL),(994,'N',994,'2021-11-19 10:33:09','2021-11-19 10:33:09',994,NULL,_binary '\0','895@example.com',NULL,'895',_binary '\0','qq','temp123',_binary '\0',NULL,_binary '\0',_binary '',NULL,'895@example.com',NULL,NULL),(995,'N',995,'2021-11-19 10:33:09','2021-11-19 10:33:09',995,NULL,_binary '\0','896@example.com',NULL,'896',_binary '\0','qq','temp123',_binary '\0',NULL,_binary '\0',_binary '',NULL,'896@example.com',NULL,NULL),(996,'N',996,'2021-11-19 10:33:10','2021-11-19 10:33:10',996,NULL,_binary '\0','897@example.com',NULL,'897',_binary '\0','qq','temp123',_binary '\0',NULL,_binary '\0',_binary '',NULL,'897@example.com',NULL,NULL),(997,'N',997,'2021-11-19 10:33:10','2021-11-19 10:33:10',997,NULL,_binary '\0','898@example.com',NULL,'898',_binary '\0','qq','temp123',_binary '\0',NULL,_binary '\0',_binary '',NULL,'898@example.com',NULL,NULL),(998,'N',998,'2021-11-19 10:33:10','2021-11-19 10:33:10',998,NULL,_binary '\0','899@example.com',NULL,'899',_binary '\0','qq','temp123',_binary '\0',NULL,_binary '\0',_binary '',NULL,'899@example.com',NULL,NULL),(999,'N',999,'2021-11-19 10:33:10','2021-11-19 10:33:10',999,NULL,_binary '\0','900@example.com',NULL,'900',_binary '\0','qq','temp123',_binary '\0',NULL,_binary '\0',_binary '',NULL,'900@example.com',NULL,NULL),(1000,'N',1000,'2021-11-19 10:33:10','2021-11-19 10:33:10',1000,NULL,_binary '\0','901@example.com',NULL,'901',_binary '\0','qq','temp123',_binary '\0',NULL,_binary '\0',_binary '',NULL,'901@example.com',NULL,NULL),(1001,'N',1001,'2021-11-19 10:33:11','2021-11-19 10:33:11',1001,NULL,_binary '\0','902@example.com',NULL,'902',_binary '\0','qq','temp123',_binary '\0',NULL,_binary '\0',_binary '',NULL,'902@example.com',NULL,NULL),(1002,'N',1002,'2021-11-19 10:33:11','2021-11-19 10:33:11',1002,NULL,_binary '\0','903@example.com',NULL,'903',_binary '\0','qq','temp123',_binary '\0',NULL,_binary '\0',_binary '',NULL,'903@example.com',NULL,NULL),(1003,'N',1003,'2021-11-19 10:33:11','2021-11-19 10:33:11',1003,NULL,_binary '\0','904@example.com',NULL,'904',_binary '\0','qq','temp123',_binary '\0',NULL,_binary '\0',_binary '',NULL,'904@example.com',NULL,NULL),(1004,'N',1004,'2021-11-19 10:33:11','2021-11-19 10:33:11',1004,NULL,_binary '\0','905@example.com',NULL,'905',_binary '\0','qq','temp123',_binary '\0',NULL,_binary '\0',_binary '',NULL,'905@example.com',NULL,NULL),(1005,'N',1005,'2021-11-19 10:33:12','2021-11-19 10:33:12',1005,NULL,_binary '\0','906@example.com',NULL,'906',_binary '\0','qq','temp123',_binary '\0',NULL,_binary '\0',_binary '',NULL,'906@example.com',NULL,NULL),(1006,'N',1006,'2021-11-19 10:33:12','2021-11-19 10:33:12',1006,NULL,_binary '\0','907@example.com',NULL,'907',_binary '\0','qq','temp123',_binary '\0',NULL,_binary '\0',_binary '',NULL,'907@example.com',NULL,NULL),(1007,'N',1007,'2021-11-19 10:33:12','2021-11-19 10:33:12',1007,NULL,_binary '\0','908@example.com',NULL,'908',_binary '\0','qq','temp123',_binary '\0',NULL,_binary '\0',_binary '',NULL,'908@example.com',NULL,NULL),(1008,'N',1008,'2021-11-19 10:33:12','2021-11-19 10:33:12',1008,NULL,_binary '\0','909@example.com',NULL,'909',_binary '\0','qq','temp123',_binary '\0',NULL,_binary '\0',_binary '',NULL,'909@example.com',NULL,NULL),(1009,'N',1009,'2021-11-19 10:33:12','2021-11-19 10:33:12',1009,NULL,_binary '\0','910@example.com',NULL,'910',_binary '\0','qq','temp123',_binary '\0',NULL,_binary '\0',_binary '',NULL,'910@example.com',NULL,NULL),(1010,'N',1010,'2021-11-19 10:33:13','2021-11-19 10:33:13',1010,NULL,_binary '\0','911@example.com',NULL,'911',_binary '\0','qq','temp123',_binary '\0',NULL,_binary '\0',_binary '',NULL,'911@example.com',NULL,NULL),(1011,'N',1011,'2021-11-19 10:33:13','2021-11-19 10:33:13',1011,NULL,_binary '\0','912@example.com',NULL,'912',_binary '\0','qq','temp123',_binary '\0',NULL,_binary '\0',_binary '',NULL,'912@example.com',NULL,NULL),(1012,'N',1012,'2021-11-19 10:33:13','2021-11-19 10:33:13',1012,NULL,_binary '\0','913@example.com',NULL,'913',_binary '\0','qq','temp123',_binary '\0',NULL,_binary '\0',_binary '',NULL,'913@example.com',NULL,NULL),(1013,'N',1013,'2021-11-19 10:33:13','2021-11-19 10:33:13',1013,NULL,_binary '\0','914@example.com',NULL,'914',_binary '\0','qq','temp123',_binary '\0',NULL,_binary '\0',_binary '',NULL,'914@example.com',NULL,NULL),(1014,'N',1014,'2021-11-19 10:33:14','2021-11-19 10:33:14',1014,NULL,_binary '\0','915@example.com',NULL,'915',_binary '\0','qq','temp123',_binary '\0',NULL,_binary '\0',_binary '',NULL,'915@example.com',NULL,NULL),(1015,'N',1015,'2021-11-19 10:33:14','2021-11-19 10:33:14',1015,NULL,_binary '\0','916@example.com',NULL,'916',_binary '\0','qq','temp123',_binary '\0',NULL,_binary '\0',_binary '',NULL,'916@example.com',NULL,NULL),(1016,'N',1016,'2021-11-19 10:33:14','2021-11-19 10:33:14',1016,NULL,_binary '\0','917@example.com',NULL,'917',_binary '\0','qq','temp123',_binary '\0',NULL,_binary '\0',_binary '',NULL,'917@example.com',NULL,NULL),(1017,'N',1017,'2021-11-19 10:33:14','2021-11-19 10:33:14',1017,NULL,_binary '\0','918@example.com',NULL,'918',_binary '\0','qq','temp123',_binary '\0',NULL,_binary '\0',_binary '',NULL,'918@example.com',NULL,NULL),(1018,'N',1018,'2021-11-19 10:33:15','2021-11-19 10:33:15',1018,NULL,_binary '\0','919@example.com',NULL,'919',_binary '\0','qq','temp123',_binary '\0',NULL,_binary '\0',_binary '',NULL,'919@example.com',NULL,NULL),(1019,'N',1019,'2021-11-19 10:33:15','2021-11-19 10:33:15',1019,NULL,_binary '\0','920@example.com',NULL,'920',_binary '\0','qq','temp123',_binary '\0',NULL,_binary '\0',_binary '',NULL,'920@example.com',NULL,NULL),(1020,'N',1020,'2021-11-19 10:33:15','2021-11-19 10:33:15',1020,NULL,_binary '\0','921@example.com',NULL,'921',_binary '\0','qq','temp123',_binary '\0',NULL,_binary '\0',_binary '',NULL,'921@example.com',NULL,NULL),(1021,'N',1021,'2021-11-19 10:33:15','2021-11-19 10:33:15',1021,NULL,_binary '\0','922@example.com',NULL,'922',_binary '\0','qq','temp123',_binary '\0',NULL,_binary '\0',_binary '',NULL,'922@example.com',NULL,NULL),(1022,'N',1022,'2021-11-19 10:33:15','2021-11-19 10:33:15',1022,NULL,_binary '\0','923@example.com',NULL,'923',_binary '\0','qq','temp123',_binary '\0',NULL,_binary '\0',_binary '',NULL,'923@example.com',NULL,NULL),(1023,'N',1023,'2021-11-19 10:33:16','2021-11-19 10:33:16',1023,NULL,_binary '\0','924@example.com',NULL,'924',_binary '\0','qq','temp123',_binary '\0',NULL,_binary '\0',_binary '',NULL,'924@example.com',NULL,NULL),(1024,'N',1024,'2021-11-19 10:33:16','2021-11-19 10:33:16',1024,NULL,_binary '\0','925@example.com',NULL,'925',_binary '\0','qq','temp123',_binary '\0',NULL,_binary '\0',_binary '',NULL,'925@example.com',NULL,NULL),(1025,'N',1025,'2021-11-19 10:33:16','2021-11-19 10:33:16',1025,NULL,_binary '\0','926@example.com',NULL,'926',_binary '\0','qq','temp123',_binary '\0',NULL,_binary '\0',_binary '',NULL,'926@example.com',NULL,NULL),(1026,'N',1026,'2021-11-19 10:33:16','2021-11-19 10:33:16',1026,NULL,_binary '\0','927@example.com',NULL,'927',_binary '\0','qq','temp123',_binary '\0',NULL,_binary '\0',_binary '',NULL,'927@example.com',NULL,NULL),(1027,'N',1027,'2021-11-19 10:33:17','2021-11-19 10:33:17',1027,NULL,_binary '\0','928@example.com',NULL,'928',_binary '\0','qq','temp123',_binary '\0',NULL,_binary '\0',_binary '',NULL,'928@example.com',NULL,NULL),(1028,'N',1028,'2021-11-19 10:33:17','2021-11-19 10:33:17',1028,NULL,_binary '\0','929@example.com',NULL,'929',_binary '\0','qq','temp123',_binary '\0',NULL,_binary '\0',_binary '',NULL,'929@example.com',NULL,NULL),(1029,'N',1029,'2021-11-19 10:33:17','2021-11-19 10:33:17',1029,NULL,_binary '\0','930@example.com',NULL,'930',_binary '\0','qq','temp123',_binary '\0',NULL,_binary '\0',_binary '',NULL,'930@example.com',NULL,NULL),(1030,'N',1030,'2021-11-19 10:33:17','2021-11-19 10:33:17',1030,NULL,_binary '\0','931@example.com',NULL,'931',_binary '\0','qq','temp123',_binary '\0',NULL,_binary '\0',_binary '',NULL,'931@example.com',NULL,NULL),(1031,'N',1031,'2021-11-19 10:33:18','2021-11-19 10:33:18',1031,NULL,_binary '\0','932@example.com',NULL,'932',_binary '\0','qq','temp123',_binary '\0',NULL,_binary '\0',_binary '',NULL,'932@example.com',NULL,NULL),(1032,'N',1032,'2021-11-19 10:33:18','2021-11-19 10:33:18',1032,NULL,_binary '\0','933@example.com',NULL,'933',_binary '\0','qq','temp123',_binary '\0',NULL,_binary '\0',_binary '',NULL,'933@example.com',NULL,NULL),(1033,'N',1033,'2021-11-19 10:33:18','2021-11-19 10:33:18',1033,NULL,_binary '\0','934@example.com',NULL,'934',_binary '\0','qq','temp123',_binary '\0',NULL,_binary '\0',_binary '',NULL,'934@example.com',NULL,NULL),(1034,'N',1034,'2021-11-19 10:33:18','2021-11-19 10:33:18',1034,NULL,_binary '\0','935@example.com',NULL,'935',_binary '\0','qq','temp123',_binary '\0',NULL,_binary '\0',_binary '',NULL,'935@example.com',NULL,NULL),(1035,'N',1035,'2021-11-19 10:33:19','2021-11-19 10:33:19',1035,NULL,_binary '\0','936@example.com',NULL,'936',_binary '\0','qq','temp123',_binary '\0',NULL,_binary '\0',_binary '',NULL,'936@example.com',NULL,NULL),(1036,'N',1036,'2021-11-19 10:33:19','2021-11-19 10:33:19',1036,NULL,_binary '\0','937@example.com',NULL,'937',_binary '\0','qq','temp123',_binary '\0',NULL,_binary '\0',_binary '',NULL,'937@example.com',NULL,NULL),(1037,'N',1037,'2021-11-19 10:33:19','2021-11-19 10:33:19',1037,NULL,_binary '\0','938@example.com',NULL,'938',_binary '\0','qq','temp123',_binary '\0',NULL,_binary '\0',_binary '',NULL,'938@example.com',NULL,NULL),(1038,'N',1038,'2021-11-19 10:33:19','2021-11-19 10:33:19',1038,NULL,_binary '\0','939@example.com',NULL,'939',_binary '\0','qq','temp123',_binary '\0',NULL,_binary '\0',_binary '',NULL,'939@example.com',NULL,NULL),(1039,'N',1039,'2021-11-19 10:33:19','2021-11-19 10:33:19',1039,NULL,_binary '\0','940@example.com',NULL,'940',_binary '\0','qq','temp123',_binary '\0',NULL,_binary '\0',_binary '',NULL,'940@example.com',NULL,NULL),(1040,'N',1040,'2021-11-19 10:33:20','2021-11-19 10:33:20',1040,NULL,_binary '\0','941@example.com',NULL,'941',_binary '\0','qq','temp123',_binary '\0',NULL,_binary '\0',_binary '',NULL,'941@example.com',NULL,NULL),(1041,'N',1041,'2021-11-19 10:33:20','2021-11-19 10:33:20',1041,NULL,_binary '\0','942@example.com',NULL,'942',_binary '\0','qq','temp123',_binary '\0',NULL,_binary '\0',_binary '',NULL,'942@example.com',NULL,NULL),(1042,'N',1042,'2021-11-19 10:33:20','2021-11-19 10:33:20',1042,NULL,_binary '\0','943@example.com',NULL,'943',_binary '\0','qq','temp123',_binary '\0',NULL,_binary '\0',_binary '',NULL,'943@example.com',NULL,NULL),(1043,'N',1043,'2021-11-19 10:33:20','2021-11-19 10:33:20',1043,NULL,_binary '\0','944@example.com',NULL,'944',_binary '\0','qq','temp123',_binary '\0',NULL,_binary '\0',_binary '',NULL,'944@example.com',NULL,NULL),(1044,'N',1044,'2021-11-19 10:33:21','2021-11-19 10:33:21',1044,NULL,_binary '\0','945@example.com',NULL,'945',_binary '\0','qq','temp123',_binary '\0',NULL,_binary '\0',_binary '',NULL,'945@example.com',NULL,NULL),(1045,'N',1045,'2021-11-19 10:33:21','2021-11-19 10:33:21',1045,NULL,_binary '\0','946@example.com',NULL,'946',_binary '\0','qq','temp123',_binary '\0',NULL,_binary '\0',_binary '',NULL,'946@example.com',NULL,NULL),(1046,'N',1046,'2021-11-19 10:33:21','2021-11-19 10:33:21',1046,NULL,_binary '\0','947@example.com',NULL,'947',_binary '\0','qq','temp123',_binary '\0',NULL,_binary '\0',_binary '',NULL,'947@example.com',NULL,NULL),(1047,'N',1047,'2021-11-19 10:33:21','2021-11-19 10:33:21',1047,NULL,_binary '\0','948@example.com',NULL,'948',_binary '\0','qq','temp123',_binary '\0',NULL,_binary '\0',_binary '',NULL,'948@example.com',NULL,NULL),(1048,'N',1048,'2021-11-19 10:33:21','2021-11-19 10:33:21',1048,NULL,_binary '\0','949@example.com',NULL,'949',_binary '\0','qq','temp123',_binary '\0',NULL,_binary '\0',_binary '',NULL,'949@example.com',NULL,NULL),(1049,'N',1049,'2021-11-19 10:33:22','2021-11-19 10:33:22',1049,NULL,_binary '\0','950@example.com',NULL,'950',_binary '\0','qq','temp123',_binary '\0',NULL,_binary '\0',_binary '',NULL,'950@example.com',NULL,NULL),(1050,'N',1050,'2021-11-19 10:33:22','2021-11-19 10:33:22',1050,NULL,_binary '\0','951@example.com',NULL,'951',_binary '\0','qq','temp123',_binary '\0',NULL,_binary '\0',_binary '',NULL,'951@example.com',NULL,NULL),(1051,'N',1051,'2021-11-19 10:33:22','2021-11-19 10:33:22',1051,NULL,_binary '\0','952@example.com',NULL,'952',_binary '\0','qq','temp123',_binary '\0',NULL,_binary '\0',_binary '',NULL,'952@example.com',NULL,NULL),(1052,'N',1052,'2021-11-19 10:33:22','2021-11-19 10:33:22',1052,NULL,_binary '\0','953@example.com',NULL,'953',_binary '\0','qq','temp123',_binary '\0',NULL,_binary '\0',_binary '',NULL,'953@example.com',NULL,NULL),(1053,'N',1053,'2021-11-19 10:33:23','2021-11-19 10:33:23',1053,NULL,_binary '\0','954@example.com',NULL,'954',_binary '\0','qq','temp123',_binary '\0',NULL,_binary '\0',_binary '',NULL,'954@example.com',NULL,NULL),(1054,'N',1054,'2021-11-19 10:33:23','2021-11-19 10:33:23',1054,NULL,_binary '\0','955@example.com',NULL,'955',_binary '\0','qq','temp123',_binary '\0',NULL,_binary '\0',_binary '',NULL,'955@example.com',NULL,NULL),(1055,'N',1055,'2021-11-19 10:33:23','2021-11-19 10:33:23',1055,NULL,_binary '\0','956@example.com',NULL,'956',_binary '\0','qq','temp123',_binary '\0',NULL,_binary '\0',_binary '',NULL,'956@example.com',NULL,NULL),(1056,'N',1056,'2021-11-19 10:33:23','2021-11-19 10:33:23',1056,NULL,_binary '\0','957@example.com',NULL,'957',_binary '\0','qq','temp123',_binary '\0',NULL,_binary '\0',_binary '',NULL,'957@example.com',NULL,NULL),(1057,'N',1057,'2021-11-19 10:33:23','2021-11-19 10:33:23',1057,NULL,_binary '\0','958@example.com',NULL,'958',_binary '\0','qq','temp123',_binary '\0',NULL,_binary '\0',_binary '',NULL,'958@example.com',NULL,NULL),(1058,'N',1058,'2021-11-19 10:33:24','2021-11-19 10:33:24',1058,NULL,_binary '\0','959@example.com',NULL,'959',_binary '\0','qq','temp123',_binary '\0',NULL,_binary '\0',_binary '',NULL,'959@example.com',NULL,NULL),(1059,'N',1059,'2021-11-19 10:33:24','2021-11-19 10:33:24',1059,NULL,_binary '\0','960@example.com',NULL,'960',_binary '\0','qq','temp123',_binary '\0',NULL,_binary '\0',_binary '',NULL,'960@example.com',NULL,NULL),(1060,'N',1060,'2021-11-19 10:33:24','2021-11-19 10:33:24',1060,NULL,_binary '\0','961@example.com',NULL,'961',_binary '\0','qq','temp123',_binary '\0',NULL,_binary '\0',_binary '',NULL,'961@example.com',NULL,NULL),(1061,'N',1061,'2021-11-19 10:33:24','2021-11-19 10:33:24',1061,NULL,_binary '\0','962@example.com',NULL,'962',_binary '\0','qq','temp123',_binary '\0',NULL,_binary '\0',_binary '',NULL,'962@example.com',NULL,NULL),(1062,'N',1062,'2021-11-19 10:33:25','2021-11-19 10:33:25',1062,NULL,_binary '\0','963@example.com',NULL,'963',_binary '\0','qq','temp123',_binary '\0',NULL,_binary '\0',_binary '',NULL,'963@example.com',NULL,NULL),(1063,'N',1063,'2021-11-19 10:33:25','2021-11-19 10:33:25',1063,NULL,_binary '\0','964@example.com',NULL,'964',_binary '\0','qq','temp123',_binary '\0',NULL,_binary '\0',_binary '',NULL,'964@example.com',NULL,NULL),(1064,'N',1064,'2021-11-19 10:33:25','2021-11-19 10:33:25',1064,NULL,_binary '\0','965@example.com',NULL,'965',_binary '\0','qq','temp123',_binary '\0',NULL,_binary '\0',_binary '',NULL,'965@example.com',NULL,NULL),(1065,'N',1065,'2021-11-19 10:33:25','2021-11-19 10:33:25',1065,NULL,_binary '\0','966@example.com',NULL,'966',_binary '\0','qq','temp123',_binary '\0',NULL,_binary '\0',_binary '',NULL,'966@example.com',NULL,NULL),(1066,'N',1066,'2021-11-19 10:33:26','2021-11-19 10:33:26',1066,NULL,_binary '\0','967@example.com',NULL,'967',_binary '\0','qq','temp123',_binary '\0',NULL,_binary '\0',_binary '',NULL,'967@example.com',NULL,NULL),(1067,'N',1067,'2021-11-19 10:33:26','2021-11-19 10:33:26',1067,NULL,_binary '\0','968@example.com',NULL,'968',_binary '\0','qq','temp123',_binary '\0',NULL,_binary '\0',_binary '',NULL,'968@example.com',NULL,NULL),(1068,'N',1068,'2021-11-19 10:33:26','2021-11-19 10:33:26',1068,NULL,_binary '\0','969@example.com',NULL,'969',_binary '\0','qq','temp123',_binary '\0',NULL,_binary '\0',_binary '',NULL,'969@example.com',NULL,NULL),(1069,'N',1069,'2021-11-19 10:33:26','2021-11-19 10:33:26',1069,NULL,_binary '\0','970@example.com',NULL,'970',_binary '\0','qq','temp123',_binary '\0',NULL,_binary '\0',_binary '',NULL,'970@example.com',NULL,NULL),(1070,'N',1070,'2021-11-19 10:33:26','2021-11-19 10:33:26',1070,NULL,_binary '\0','971@example.com',NULL,'971',_binary '\0','qq','temp123',_binary '\0',NULL,_binary '\0',_binary '',NULL,'971@example.com',NULL,NULL),(1071,'N',1071,'2021-11-19 10:33:27','2021-11-19 10:33:27',1071,NULL,_binary '\0','972@example.com',NULL,'972',_binary '\0','qq','temp123',_binary '\0',NULL,_binary '\0',_binary '',NULL,'972@example.com',NULL,NULL),(1072,'N',1072,'2021-11-19 10:33:27','2021-11-19 10:33:27',1072,NULL,_binary '\0','973@example.com',NULL,'973',_binary '\0','qq','temp123',_binary '\0',NULL,_binary '\0',_binary '',NULL,'973@example.com',NULL,NULL),(1073,'N',1073,'2021-11-19 10:33:27','2021-11-19 10:33:27',1073,NULL,_binary '\0','974@example.com',NULL,'974',_binary '\0','qq','temp123',_binary '\0',NULL,_binary '\0',_binary '',NULL,'974@example.com',NULL,NULL),(1074,'N',1074,'2021-11-19 10:33:27','2021-11-19 10:33:27',1074,NULL,_binary '\0','975@example.com',NULL,'975',_binary '\0','qq','temp123',_binary '\0',NULL,_binary '\0',_binary '',NULL,'975@example.com',NULL,NULL),(1075,'N',1075,'2021-11-19 10:33:28','2021-11-19 10:33:28',1075,NULL,_binary '\0','976@example.com',NULL,'976',_binary '\0','qq','temp123',_binary '\0',NULL,_binary '\0',_binary '',NULL,'976@example.com',NULL,NULL),(1076,'N',1076,'2021-11-19 10:33:28','2021-11-19 10:33:28',1076,NULL,_binary '\0','977@example.com',NULL,'977',_binary '\0','qq','temp123',_binary '\0',NULL,_binary '\0',_binary '',NULL,'977@example.com',NULL,NULL),(1077,'N',1077,'2021-11-19 10:33:28','2021-11-19 10:33:28',1077,NULL,_binary '\0','978@example.com',NULL,'978',_binary '\0','qq','temp123',_binary '\0',NULL,_binary '\0',_binary '',NULL,'978@example.com',NULL,NULL),(1078,'N',1078,'2021-11-19 10:33:28','2021-11-19 10:33:28',1078,NULL,_binary '\0','979@example.com',NULL,'979',_binary '\0','qq','temp123',_binary '\0',NULL,_binary '\0',_binary '',NULL,'979@example.com',NULL,NULL),(1079,'N',1079,'2021-11-19 10:33:29','2021-11-19 10:33:29',1079,NULL,_binary '\0','980@example.com',NULL,'980',_binary '\0','qq','temp123',_binary '\0',NULL,_binary '\0',_binary '',NULL,'980@example.com',NULL,NULL),(1080,'N',1080,'2021-11-19 10:33:29','2021-11-19 10:33:29',1080,NULL,_binary '\0','981@example.com',NULL,'981',_binary '\0','qq','temp123',_binary '\0',NULL,_binary '\0',_binary '',NULL,'981@example.com',NULL,NULL),(1081,'N',1081,'2021-11-19 10:33:29','2021-11-19 10:33:29',1081,NULL,_binary '\0','982@example.com',NULL,'982',_binary '\0','qq','temp123',_binary '\0',NULL,_binary '\0',_binary '',NULL,'982@example.com',NULL,NULL),(1082,'N',1082,'2021-11-19 10:33:29','2021-11-19 10:33:29',1082,NULL,_binary '\0','983@example.com',NULL,'983',_binary '\0','qq','temp123',_binary '\0',NULL,_binary '\0',_binary '',NULL,'983@example.com',NULL,NULL),(1083,'N',1083,'2021-11-19 10:33:30','2021-11-19 10:33:30',1083,NULL,_binary '\0','984@example.com',NULL,'984',_binary '\0','qq','temp123',_binary '\0',NULL,_binary '\0',_binary '',NULL,'984@example.com',NULL,NULL),(1084,'N',1084,'2021-11-19 10:33:30','2021-11-19 10:33:30',1084,NULL,_binary '\0','985@example.com',NULL,'985',_binary '\0','qq','temp123',_binary '\0',NULL,_binary '\0',_binary '',NULL,'985@example.com',NULL,NULL),(1085,'N',1085,'2021-11-19 10:33:30','2021-11-19 10:33:30',1085,NULL,_binary '\0','986@example.com',NULL,'986',_binary '\0','qq','temp123',_binary '\0',NULL,_binary '\0',_binary '',NULL,'986@example.com',NULL,NULL),(1086,'N',1086,'2021-11-19 10:33:30','2021-11-19 10:33:30',1086,NULL,_binary '\0','987@example.com',NULL,'987',_binary '\0','qq','temp123',_binary '\0',NULL,_binary '\0',_binary '',NULL,'987@example.com',NULL,NULL),(1087,'N',1087,'2021-11-19 10:33:30','2021-11-19 10:33:30',1087,NULL,_binary '\0','988@example.com',NULL,'988',_binary '\0','qq','temp123',_binary '\0',NULL,_binary '\0',_binary '',NULL,'988@example.com',NULL,NULL),(1088,'N',1088,'2021-11-19 10:33:31','2021-11-19 10:33:31',1088,NULL,_binary '\0','989@example.com',NULL,'989',_binary '\0','qq','temp123',_binary '\0',NULL,_binary '\0',_binary '',NULL,'989@example.com',NULL,NULL),(1089,'N',1089,'2021-11-19 10:33:31','2021-11-19 10:33:31',1089,NULL,_binary '\0','990@example.com',NULL,'990',_binary '\0','qq','temp123',_binary '\0',NULL,_binary '\0',_binary '',NULL,'990@example.com',NULL,NULL),(1090,'N',1090,'2021-11-19 10:33:31','2021-11-19 10:33:31',1090,NULL,_binary '\0','991@example.com',NULL,'991',_binary '\0','qq','temp123',_binary '\0',NULL,_binary '\0',_binary '',NULL,'991@example.com',NULL,NULL),(1091,'N',1091,'2021-11-19 10:33:31','2021-11-19 10:33:31',1091,NULL,_binary '\0','992@example.com',NULL,'992',_binary '\0','qq','temp123',_binary '\0',NULL,_binary '\0',_binary '',NULL,'992@example.com',NULL,NULL),(1092,'N',1092,'2021-11-19 10:33:31','2021-11-19 10:33:31',1092,NULL,_binary '\0','993@example.com',NULL,'993',_binary '\0','qq','temp123',_binary '\0',NULL,_binary '\0',_binary '',NULL,'993@example.com',NULL,NULL),(1093,'N',1093,'2021-11-19 10:33:32','2021-11-19 10:33:32',1093,NULL,_binary '\0','994@example.com',NULL,'994',_binary '\0','qq','temp123',_binary '\0',NULL,_binary '\0',_binary '',NULL,'994@example.com',NULL,NULL),(1094,'N',1094,'2021-11-19 10:33:32','2021-11-19 10:33:32',1094,NULL,_binary '\0','995@example.com',NULL,'995',_binary '\0','qq','temp123',_binary '\0',NULL,_binary '\0',_binary '',NULL,'995@example.com',NULL,NULL),(1095,'N',1095,'2021-11-19 10:33:32','2021-11-19 10:33:32',1095,NULL,_binary '\0','996@example.com',NULL,'996',_binary '\0','qq','temp123',_binary '\0',NULL,_binary '\0',_binary '',NULL,'996@example.com',NULL,NULL),(1096,'N',1096,'2021-11-19 10:33:32','2021-11-19 10:33:32',1096,NULL,_binary '\0','997@example.com',NULL,'997',_binary '\0','qq','temp123',_binary '\0',NULL,_binary '\0',_binary '',NULL,'997@example.com',NULL,NULL),(1097,'N',1097,'2021-11-19 10:33:32','2021-11-19 10:33:32',1097,NULL,_binary '\0','998@example.com',NULL,'998',_binary '\0','qq','temp123',_binary '\0',NULL,_binary '\0',_binary '',NULL,'998@example.com',NULL,NULL),(1098,'N',1098,'2021-11-19 10:33:33','2021-11-19 10:33:33',1098,NULL,_binary '\0','999@example.com',NULL,'999',_binary '\0','qq','temp123',_binary '\0',NULL,_binary '\0',_binary '',NULL,'999@example.com',NULL,NULL),(1099,'N',1099,'2021-11-19 10:33:33','2021-11-19 10:33:33',1099,NULL,_binary '\0','1000@example.com',NULL,'1000',_binary '\0','qq','temp123',_binary '\0',NULL,_binary '\0',_binary '',NULL,'1000@example.com',NULL,NULL),(1100,'N',1100,'2021-11-19 10:33:33','2021-11-19 10:33:33',1100,NULL,_binary '\0','1001@example.com',NULL,'1001',_binary '\0','qq','temp123',_binary '\0',NULL,_binary '\0',_binary '',NULL,'1001@example.com',NULL,NULL),(1101,'N',1101,'2021-11-19 10:33:33','2021-11-19 10:33:33',1101,NULL,_binary '\0','1002@example.com',NULL,'1002',_binary '\0','qq','temp123',_binary '\0',NULL,_binary '\0',_binary '',NULL,'1002@example.com',NULL,NULL),(1102,'N',1102,'2021-11-19 10:33:34','2021-11-19 10:33:34',1102,NULL,_binary '\0','1003@example.com',NULL,'1003',_binary '\0','qq','temp123',_binary '\0',NULL,_binary '\0',_binary '',NULL,'1003@example.com',NULL,NULL),(1103,'N',1103,'2021-11-19 10:33:34','2021-11-19 10:33:34',1103,NULL,_binary '\0','1004@example.com',NULL,'1004',_binary '\0','qq','temp123',_binary '\0',NULL,_binary '\0',_binary '',NULL,'1004@example.com',NULL,NULL),(1104,'N',1104,'2021-11-19 10:33:34','2021-11-19 10:33:34',1104,NULL,_binary '\0','1005@example.com',NULL,'1005',_binary '\0','qq','temp123',_binary '\0',NULL,_binary '\0',_binary '',NULL,'1005@example.com',NULL,NULL),(1105,'N',1105,'2021-11-19 10:33:34','2021-11-19 10:33:34',1105,NULL,_binary '\0','1006@example.com',NULL,'1006',_binary '\0','qq','temp123',_binary '\0',NULL,_binary '\0',_binary '',NULL,'1006@example.com',NULL,NULL),(1106,'N',1106,'2021-11-19 10:33:34','2021-11-19 10:33:34',1106,NULL,_binary '\0','1007@example.com',NULL,'1007',_binary '\0','qq','temp123',_binary '\0',NULL,_binary '\0',_binary '',NULL,'1007@example.com',NULL,NULL),(1107,'N',1107,'2021-11-19 10:33:35','2021-11-19 10:33:35',1107,NULL,_binary '\0','1008@example.com',NULL,'1008',_binary '\0','qq','temp123',_binary '\0',NULL,_binary '\0',_binary '',NULL,'1008@example.com',NULL,NULL),(1108,'N',1108,'2021-11-19 10:33:35','2021-11-19 10:33:35',1108,NULL,_binary '\0','1009@example.com',NULL,'1009',_binary '\0','qq','temp123',_binary '\0',NULL,_binary '\0',_binary '',NULL,'1009@example.com',NULL,NULL),(1109,'N',1109,'2021-11-19 10:33:35','2021-11-19 10:33:35',1109,NULL,_binary '\0','1010@example.com',NULL,'1010',_binary '\0','qq','temp123',_binary '\0',NULL,_binary '\0',_binary '',NULL,'1010@example.com',NULL,NULL),(1110,'N',1110,'2021-11-19 10:33:35','2021-11-19 10:33:35',1110,NULL,_binary '\0','1011@example.com',NULL,'1011',_binary '\0','qq','temp123',_binary '\0',NULL,_binary '\0',_binary '',NULL,'1011@example.com',NULL,NULL),(1111,'N',1111,'2021-11-19 10:33:36','2021-11-19 10:33:36',1111,NULL,_binary '\0','1012@example.com',NULL,'1012',_binary '\0','qq','temp123',_binary '\0',NULL,_binary '\0',_binary '',NULL,'1012@example.com',NULL,NULL),(1112,'N',1112,'2021-11-19 10:33:36','2021-11-19 10:33:36',1112,NULL,_binary '\0','1013@example.com',NULL,'1013',_binary '\0','qq','temp123',_binary '\0',NULL,_binary '\0',_binary '',NULL,'1013@example.com',NULL,NULL),(1113,'N',1113,'2021-11-19 10:33:36','2021-11-19 10:33:36',1113,NULL,_binary '\0','1014@example.com',NULL,'1014',_binary '\0','qq','temp123',_binary '\0',NULL,_binary '\0',_binary '',NULL,'1014@example.com',NULL,NULL),(1114,'N',1114,'2021-11-19 10:33:36','2021-11-19 10:33:36',1114,NULL,_binary '\0','1015@example.com',NULL,'1015',_binary '\0','qq','temp123',_binary '\0',NULL,_binary '\0',_binary '',NULL,'1015@example.com',NULL,NULL),(1115,'N',1115,'2021-11-19 10:33:36','2021-11-19 10:33:36',1115,NULL,_binary '\0','1016@example.com',NULL,'1016',_binary '\0','qq','temp123',_binary '\0',NULL,_binary '\0',_binary '',NULL,'1016@example.com',NULL,NULL),(1116,'N',1116,'2021-11-19 10:33:37','2021-11-19 10:33:37',1116,NULL,_binary '\0','1017@example.com',NULL,'1017',_binary '\0','qq','temp123',_binary '\0',NULL,_binary '\0',_binary '',NULL,'1017@example.com',NULL,NULL),(1117,'N',1117,'2021-11-19 10:33:37','2021-11-19 10:33:37',1117,NULL,_binary '\0','1018@example.com',NULL,'1018',_binary '\0','qq','temp123',_binary '\0',NULL,_binary '\0',_binary '',NULL,'1018@example.com',NULL,NULL),(1118,'N',1118,'2021-11-19 10:33:37','2021-11-19 10:33:37',1118,NULL,_binary '\0','1019@example.com',NULL,'1019',_binary '\0','qq','temp123',_binary '\0',NULL,_binary '\0',_binary '',NULL,'1019@example.com',NULL,NULL),(1119,'N',1119,'2021-11-19 10:33:37','2021-11-19 10:33:37',1119,NULL,_binary '\0','1020@example.com',NULL,'1020',_binary '\0','qq','temp123',_binary '\0',NULL,_binary '\0',_binary '',NULL,'1020@example.com',NULL,NULL),(1120,'N',1120,'2021-11-19 10:33:38','2021-11-19 10:33:38',1120,NULL,_binary '\0','1021@example.com',NULL,'1021',_binary '\0','qq','temp123',_binary '\0',NULL,_binary '\0',_binary '',NULL,'1021@example.com',NULL,NULL),(1121,'N',1121,'2021-11-19 10:33:38','2021-11-19 10:33:38',1121,NULL,_binary '\0','1022@example.com',NULL,'1022',_binary '\0','qq','temp123',_binary '\0',NULL,_binary '\0',_binary '',NULL,'1022@example.com',NULL,NULL),(1122,'N',1122,'2021-11-19 10:33:38','2021-11-19 10:33:38',1122,NULL,_binary '\0','1023@example.com',NULL,'1023',_binary '\0','qq','temp123',_binary '\0',NULL,_binary '\0',_binary '',NULL,'1023@example.com',NULL,NULL),(1123,'N',1123,'2021-11-19 10:33:38','2021-11-19 10:33:38',1123,NULL,_binary '\0','1024@example.com',NULL,'1024',_binary '\0','qq','temp123',_binary '\0',NULL,_binary '\0',_binary '',NULL,'1024@example.com',NULL,NULL);
/*!40000 ALTER TABLE `BLC_CUSTOMER` ENABLE KEYS */;
UNLOCK TABLES;

--
-- Table structure for table `BLC_CUSTOMER_ADDRESS`
--

DROP TABLE IF EXISTS `BLC_CUSTOMER_ADDRESS`;
/*!40101 SET @saved_cs_client     = @@character_set_client */;
/*!40101 SET character_set_client = utf8 */;
CREATE TABLE `BLC_CUSTOMER_ADDRESS` (
  `CUSTOMER_ADDRESS_ID` bigint(20) NOT NULL,
  `ADDRESS_NAME` varchar(255) DEFAULT NULL,
  `ARCHIVED` char(1) DEFAULT NULL,
  `ADDRESS_ID` bigint(20) NOT NULL,
  `CUSTOMER_ID` bigint(20) NOT NULL,
  PRIMARY KEY (`CUSTOMER_ADDRESS_ID`),
  KEY `CUSTOMERADDRESS_ADDRESS_INDEX` (`ADDRESS_ID`),
  KEY `FKrpdahw86mewf46g63nitq0w9p` (`CUSTOMER_ID`),
  CONSTRAINT `FKn79uhm41n1b23e6brajb4ggpw` FOREIGN KEY (`ADDRESS_ID`) REFERENCES `BLC_ADDRESS` (`ADDRESS_ID`),
  CONSTRAINT `FKrpdahw86mewf46g63nitq0w9p` FOREIGN KEY (`CUSTOMER_ID`) REFERENCES `BLC_CUSTOMER` (`CUSTOMER_ID`)
) ENGINE=InnoDB DEFAULT CHARSET=latin1;
/*!40101 SET character_set_client = @saved_cs_client */;

--
-- Dumping data for table `BLC_CUSTOMER_ADDRESS`
--

LOCK TABLES `BLC_CUSTOMER_ADDRESS` WRITE;
/*!40000 ALTER TABLE `BLC_CUSTOMER_ADDRESS` DISABLE KEYS */;
/*!40000 ALTER TABLE `BLC_CUSTOMER_ADDRESS` ENABLE KEYS */;
UNLOCK TABLES;

--
-- Table structure for table `BLC_CUSTOMER_ATTRIBUTE`
--

DROP TABLE IF EXISTS `BLC_CUSTOMER_ATTRIBUTE`;
/*!40101 SET @saved_cs_client     = @@character_set_client */;
/*!40101 SET character_set_client = utf8 */;
CREATE TABLE `BLC_CUSTOMER_ATTRIBUTE` (
  `CUSTOMER_ATTR_ID` bigint(20) NOT NULL,
  `NAME` varchar(255) NOT NULL,
  `VALUE` varchar(255) DEFAULT NULL,
  `CUSTOMER_ID` bigint(20) NOT NULL,
  PRIMARY KEY (`CUSTOMER_ATTR_ID`),
  KEY `FKo7j035lp80xu9wncbv96a1ry0` (`CUSTOMER_ID`),
  CONSTRAINT `FKo7j035lp80xu9wncbv96a1ry0` FOREIGN KEY (`CUSTOMER_ID`) REFERENCES `BLC_CUSTOMER` (`CUSTOMER_ID`)
) ENGINE=InnoDB DEFAULT CHARSET=latin1;
/*!40101 SET character_set_client = @saved_cs_client */;

--
-- Dumping data for table `BLC_CUSTOMER_ATTRIBUTE`
--

LOCK TABLES `BLC_CUSTOMER_ATTRIBUTE` WRITE;
/*!40000 ALTER TABLE `BLC_CUSTOMER_ATTRIBUTE` DISABLE KEYS */;
/*!40000 ALTER TABLE `BLC_CUSTOMER_ATTRIBUTE` ENABLE KEYS */;
UNLOCK TABLES;

--
-- Table structure for table `BLC_CUSTOMER_OFFER_XREF`
--

DROP TABLE IF EXISTS `BLC_CUSTOMER_OFFER_XREF`;
/*!40101 SET @saved_cs_client     = @@character_set_client */;
/*!40101 SET character_set_client = utf8 */;
CREATE TABLE `BLC_CUSTOMER_OFFER_XREF` (
  `CUSTOMER_OFFER_ID` bigint(20) NOT NULL,
  `CUSTOMER_ID` bigint(20) NOT NULL,
  `OFFER_ID` bigint(20) NOT NULL,
  PRIMARY KEY (`CUSTOMER_OFFER_ID`),
  KEY `CUSTOFFER_CUSTOMER_INDEX` (`CUSTOMER_ID`),
  KEY `CUSTOFFER_OFFER_INDEX` (`OFFER_ID`),
  CONSTRAINT `FKg81dq5yxrtsy6cjivd0afkxcj` FOREIGN KEY (`CUSTOMER_ID`) REFERENCES `BLC_CUSTOMER` (`CUSTOMER_ID`),
  CONSTRAINT `FKrks1nkejqmm3n7y4xo5rs6wuk` FOREIGN KEY (`OFFER_ID`) REFERENCES `BLC_OFFER` (`OFFER_ID`)
) ENGINE=InnoDB DEFAULT CHARSET=latin1;
/*!40101 SET character_set_client = @saved_cs_client */;

--
-- Dumping data for table `BLC_CUSTOMER_OFFER_XREF`
--

LOCK TABLES `BLC_CUSTOMER_OFFER_XREF` WRITE;
/*!40000 ALTER TABLE `BLC_CUSTOMER_OFFER_XREF` DISABLE KEYS */;
/*!40000 ALTER TABLE `BLC_CUSTOMER_OFFER_XREF` ENABLE KEYS */;
UNLOCK TABLES;

--
-- Table structure for table `BLC_CUSTOMER_PASSWORD_TOKEN`
--

DROP TABLE IF EXISTS `BLC_CUSTOMER_PASSWORD_TOKEN`;
/*!40101 SET @saved_cs_client     = @@character_set_client */;
/*!40101 SET character_set_client = utf8 */;
CREATE TABLE `BLC_CUSTOMER_PASSWORD_TOKEN` (
  `PASSWORD_TOKEN` varchar(255) NOT NULL,
  `CREATE_DATE` datetime NOT NULL,
  `CUSTOMER_ID` bigint(20) NOT NULL,
  `TOKEN_USED_DATE` datetime DEFAULT NULL,
  `TOKEN_USED_FLAG` bit(1) NOT NULL,
  PRIMARY KEY (`PASSWORD_TOKEN`)
) ENGINE=InnoDB DEFAULT CHARSET=latin1;
/*!40101 SET character_set_client = @saved_cs_client */;

--
-- Dumping data for table `BLC_CUSTOMER_PASSWORD_TOKEN`
--

LOCK TABLES `BLC_CUSTOMER_PASSWORD_TOKEN` WRITE;
/*!40000 ALTER TABLE `BLC_CUSTOMER_PASSWORD_TOKEN` DISABLE KEYS */;
/*!40000 ALTER TABLE `BLC_CUSTOMER_PASSWORD_TOKEN` ENABLE KEYS */;
UNLOCK TABLES;

--
-- Table structure for table `BLC_CUSTOMER_PAYMENT`
--

DROP TABLE IF EXISTS `BLC_CUSTOMER_PAYMENT`;
/*!40101 SET @saved_cs_client     = @@character_set_client */;
/*!40101 SET character_set_client = utf8 */;
CREATE TABLE `BLC_CUSTOMER_PAYMENT` (
  `CUSTOMER_PAYMENT_ID` bigint(20) NOT NULL,
  `IS_DEFAULT` bit(1) DEFAULT NULL,
  `GATEWAY_TYPE` varchar(255) DEFAULT NULL,
  `PAYMENT_TOKEN` varchar(255) DEFAULT NULL,
  `PAYMENT_TYPE` varchar(255) DEFAULT NULL,
  `ADDRESS_ID` bigint(20) DEFAULT NULL,
  `CUSTOMER_ID` bigint(20) NOT NULL,
  PRIMARY KEY (`CUSTOMER_PAYMENT_ID`),
  UNIQUE KEY `CSTMR_PAY_UNIQUE_CNSTRNT` (`CUSTOMER_ID`,`PAYMENT_TOKEN`),
  KEY `CUSTOMERPAYMENT_TYPE_INDEX` (`PAYMENT_TYPE`),
  KEY `FKouuqjxsn30esr7ftg7i5mmr4p` (`ADDRESS_ID`),
  CONSTRAINT `FKhd53v4ilet9h8jxbjh7m2k7yj` FOREIGN KEY (`CUSTOMER_ID`) REFERENCES `BLC_CUSTOMER` (`CUSTOMER_ID`),
  CONSTRAINT `FKouuqjxsn30esr7ftg7i5mmr4p` FOREIGN KEY (`ADDRESS_ID`) REFERENCES `BLC_ADDRESS` (`ADDRESS_ID`)
) ENGINE=InnoDB DEFAULT CHARSET=latin1;
/*!40101 SET character_set_client = @saved_cs_client */;

--
-- Dumping data for table `BLC_CUSTOMER_PAYMENT`
--

LOCK TABLES `BLC_CUSTOMER_PAYMENT` WRITE;
/*!40000 ALTER TABLE `BLC_CUSTOMER_PAYMENT` DISABLE KEYS */;
/*!40000 ALTER TABLE `BLC_CUSTOMER_PAYMENT` ENABLE KEYS */;
UNLOCK TABLES;

--
-- Table structure for table `BLC_CUSTOMER_PAYMENT_FIELDS`
--

DROP TABLE IF EXISTS `BLC_CUSTOMER_PAYMENT_FIELDS`;
/*!40101 SET @saved_cs_client     = @@character_set_client */;
/*!40101 SET character_set_client = utf8 */;
CREATE TABLE `BLC_CUSTOMER_PAYMENT_FIELDS` (
  `CUSTOMER_PAYMENT_ID` bigint(20) NOT NULL,
  `FIELD_VALUE` longtext,
  `FIELD_NAME` varchar(255) NOT NULL,
  PRIMARY KEY (`CUSTOMER_PAYMENT_ID`,`FIELD_NAME`),
  CONSTRAINT `FKpwpbmvuo4pd8y76dswmq4cr00` FOREIGN KEY (`CUSTOMER_PAYMENT_ID`) REFERENCES `BLC_CUSTOMER_PAYMENT` (`CUSTOMER_PAYMENT_ID`)
) ENGINE=InnoDB DEFAULT CHARSET=latin1;
/*!40101 SET character_set_client = @saved_cs_client */;

--
-- Dumping data for table `BLC_CUSTOMER_PAYMENT_FIELDS`
--

LOCK TABLES `BLC_CUSTOMER_PAYMENT_FIELDS` WRITE;
/*!40000 ALTER TABLE `BLC_CUSTOMER_PAYMENT_FIELDS` DISABLE KEYS */;
/*!40000 ALTER TABLE `BLC_CUSTOMER_PAYMENT_FIELDS` ENABLE KEYS */;
UNLOCK TABLES;

--
-- Table structure for table `BLC_CUSTOMER_PHONE`
--

DROP TABLE IF EXISTS `BLC_CUSTOMER_PHONE`;
/*!40101 SET @saved_cs_client     = @@character_set_client */;
/*!40101 SET character_set_client = utf8 */;
CREATE TABLE `BLC_CUSTOMER_PHONE` (
  `CUSTOMER_PHONE_ID` bigint(20) NOT NULL,
  `PHONE_NAME` varchar(255) DEFAULT NULL,
  `CUSTOMER_ID` bigint(20) NOT NULL,
  `PHONE_ID` bigint(20) NOT NULL,
  PRIMARY KEY (`CUSTOMER_PHONE_ID`),
  UNIQUE KEY `CSTMR_PHONE_UNIQUE_CNSTRNT` (`CUSTOMER_ID`,`PHONE_NAME`),
  KEY `CUSTPHONE_PHONE_INDEX` (`PHONE_ID`),
  CONSTRAINT `FK1uy5spxqx6kxiqnvg5la7bjbb` FOREIGN KEY (`PHONE_ID`) REFERENCES `BLC_PHONE` (`PHONE_ID`),
  CONSTRAINT `FK4sg479sv9t1dj7b1pso158tr8` FOREIGN KEY (`CUSTOMER_ID`) REFERENCES `BLC_CUSTOMER` (`CUSTOMER_ID`)
) ENGINE=InnoDB DEFAULT CHARSET=latin1;
/*!40101 SET character_set_client = @saved_cs_client */;

--
-- Dumping data for table `BLC_CUSTOMER_PHONE`
--

LOCK TABLES `BLC_CUSTOMER_PHONE` WRITE;
/*!40000 ALTER TABLE `BLC_CUSTOMER_PHONE` DISABLE KEYS */;
/*!40000 ALTER TABLE `BLC_CUSTOMER_PHONE` ENABLE KEYS */;
UNLOCK TABLES;

--
-- Table structure for table `BLC_CUSTOMER_ROLE`
--

DROP TABLE IF EXISTS `BLC_CUSTOMER_ROLE`;
/*!40101 SET @saved_cs_client     = @@character_set_client */;
/*!40101 SET character_set_client = utf8 */;
CREATE TABLE `BLC_CUSTOMER_ROLE` (
  `CUSTOMER_ROLE_ID` bigint(20) NOT NULL,
  `CUSTOMER_ID` bigint(20) NOT NULL,
  `ROLE_ID` bigint(20) NOT NULL,
  PRIMARY KEY (`CUSTOMER_ROLE_ID`),
  KEY `CUSTROLE_CUSTOMER_INDEX` (`CUSTOMER_ID`),
  KEY `CUSTROLE_ROLE_INDEX` (`ROLE_ID`),
  CONSTRAINT `FKqcnikrg70t86oju6xf6622f5x` FOREIGN KEY (`ROLE_ID`) REFERENCES `BLC_ROLE` (`ROLE_ID`),
  CONSTRAINT `FKsqxeay9un5o0l77mrtdgjxps4` FOREIGN KEY (`CUSTOMER_ID`) REFERENCES `BLC_CUSTOMER` (`CUSTOMER_ID`)
) ENGINE=InnoDB DEFAULT CHARSET=latin1;
/*!40101 SET character_set_client = @saved_cs_client */;

--
-- Dumping data for table `BLC_CUSTOMER_ROLE`
--

LOCK TABLES `BLC_CUSTOMER_ROLE` WRITE;
/*!40000 ALTER TABLE `BLC_CUSTOMER_ROLE` DISABLE KEYS */;
INSERT INTO `BLC_CUSTOMER_ROLE` VALUES (1,100,1),(2,101,1),(3,102,1),(4,103,1),(5,104,1),(6,105,1),(7,106,1),(8,107,1),(9,108,1),(10,109,1),(11,110,1),(12,111,1),(13,112,1),(14,113,1),(15,114,1),(16,115,1),(17,116,1),(18,117,1),(19,118,1),(20,119,1),(21,120,1),(22,121,1),(23,122,1),(24,123,1),(25,124,1),(26,125,1),(27,126,1),(28,127,1),(29,128,1),(30,129,1),(31,130,1),(32,131,1),(33,132,1),(34,133,1),(35,134,1),(36,135,1),(37,136,1),(38,137,1),(39,138,1),(40,139,1),(41,140,1),(42,141,1),(43,142,1),(44,143,1),(45,144,1),(46,145,1),(47,146,1),(48,147,1),(49,148,1),(50,149,1),(51,150,1),(52,151,1),(53,152,1),(54,153,1),(55,154,1),(56,155,1),(57,156,1),(58,157,1),(59,158,1),(60,159,1),(61,160,1),(62,161,1),(63,162,1),(64,163,1),(65,164,1),(66,165,1),(67,166,1),(68,167,1),(69,168,1),(70,169,1),(71,170,1),(72,171,1),(73,172,1),(74,173,1),(75,174,1),(76,175,1),(77,176,1),(78,177,1),(79,178,1),(80,179,1),(81,180,1),(82,181,1),(83,182,1),(84,183,1),(85,184,1),(86,185,1),(87,186,1),(88,187,1),(89,188,1),(90,189,1),(91,190,1),(92,191,1),(93,192,1),(94,193,1),(95,194,1),(96,195,1),(97,196,1),(98,197,1),(99,198,1),(100,199,1),(101,200,1),(102,201,1),(103,202,1),(104,203,1),(105,204,1),(106,205,1),(107,206,1),(108,207,1),(109,208,1),(110,209,1),(111,210,1),(112,211,1),(113,212,1),(114,213,1),(115,214,1),(116,215,1),(117,216,1),(118,217,1),(119,218,1),(120,219,1),(121,220,1),(122,221,1),(123,222,1),(124,223,1),(125,224,1),(126,225,1),(127,226,1),(128,227,1),(129,228,1),(130,229,1),(131,230,1),(132,231,1),(133,232,1),(134,233,1),(135,234,1),(136,235,1),(137,236,1),(138,237,1),(139,238,1),(140,239,1),(141,240,1),(142,241,1),(143,242,1),(144,243,1),(145,244,1),(146,245,1),(147,246,1),(148,247,1),(149,248,1),(150,249,1),(151,250,1),(152,251,1),(153,252,1),(154,253,1),(155,254,1),(156,255,1),(157,256,1),(158,257,1),(159,258,1),(160,259,1),(161,260,1),(162,261,1),(163,262,1),(164,263,1),(165,264,1),(166,265,1),(167,266,1),(168,267,1),(169,268,1),(170,269,1),(171,270,1),(172,271,1),(173,272,1),(174,273,1),(175,274,1),(176,275,1),(177,276,1),(178,277,1),(179,278,1),(180,279,1),(181,280,1),(182,281,1),(183,282,1),(184,283,1),(185,284,1),(186,285,1),(187,286,1),(188,287,1),(189,288,1),(190,289,1),(191,290,1),(192,291,1),(193,292,1),(194,293,1),(195,294,1),(196,295,1),(197,296,1),(198,297,1),(199,298,1),(200,299,1),(201,300,1),(202,301,1),(203,302,1),(204,303,1),(205,304,1),(206,305,1),(207,306,1),(208,307,1),(209,308,1),(210,309,1),(211,310,1),(212,311,1),(213,312,1),(214,313,1),(215,314,1),(216,315,1),(217,316,1),(218,317,1),(219,318,1),(220,319,1),(221,320,1),(222,321,1),(223,322,1),(224,323,1),(225,324,1),(226,325,1),(227,326,1),(228,327,1),(229,328,1),(230,329,1),(231,330,1),(232,331,1),(233,332,1),(234,333,1),(235,334,1),(236,335,1),(237,336,1),(238,337,1),(239,338,1),(240,339,1),(241,340,1),(242,341,1),(243,342,1),(244,343,1),(245,344,1),(246,345,1),(247,346,1),(248,347,1),(249,348,1),(250,349,1),(251,350,1),(252,351,1),(253,352,1),(254,353,1),(255,354,1),(256,355,1),(257,356,1),(258,357,1),(259,358,1),(260,359,1),(261,360,1),(262,361,1),(263,362,1),(264,363,1),(265,364,1),(266,365,1),(267,366,1),(268,367,1),(269,368,1),(270,369,1),(271,370,1),(272,371,1),(273,372,1),(274,373,1),(275,374,1),(276,375,1),(277,376,1),(278,377,1),(279,378,1),(280,379,1),(281,380,1),(282,381,1),(283,382,1),(284,383,1),(285,384,1),(286,385,1),(287,386,1),(288,387,1),(289,388,1),(290,389,1),(291,390,1),(292,391,1),(293,392,1),(294,393,1),(295,394,1),(296,395,1),(297,396,1),(298,397,1),(299,398,1),(300,399,1),(301,400,1),(302,401,1),(303,402,1),(304,403,1),(305,404,1),(306,405,1),(307,406,1),(308,407,1),(309,408,1),(310,409,1),(311,410,1),(312,411,1),(313,412,1),(314,413,1),(315,414,1),(316,415,1),(317,416,1),(318,417,1),(319,418,1),(320,419,1),(321,420,1),(322,421,1),(323,422,1),(324,423,1),(325,424,1),(326,425,1),(327,426,1),(328,427,1),(329,428,1),(330,429,1),(331,430,1),(332,431,1),(333,432,1),(334,433,1),(335,434,1),(336,435,1),(337,436,1),(338,437,1),(339,438,1),(340,439,1),(341,440,1),(342,441,1),(343,442,1),(344,443,1),(345,444,1),(346,445,1),(347,446,1),(348,447,1),(349,448,1),(350,449,1),(351,450,1),(352,451,1),(353,452,1),(354,453,1),(355,454,1),(356,455,1),(357,456,1),(358,457,1),(359,458,1),(360,459,1),(361,460,1),(362,461,1),(363,462,1),(364,463,1),(365,464,1),(366,465,1),(367,466,1),(368,467,1),(369,468,1),(370,469,1),(371,470,1),(372,471,1),(373,472,1),(374,473,1),(375,474,1),(376,475,1),(377,476,1),(378,477,1),(379,478,1),(380,479,1),(381,480,1),(382,481,1),(383,482,1),(384,483,1),(385,484,1),(386,485,1),(387,486,1),(388,487,1),(389,488,1),(390,489,1),(391,490,1),(392,491,1),(393,492,1),(394,493,1),(395,494,1),(396,495,1),(397,496,1),(398,497,1),(399,498,1),(400,499,1),(401,500,1),(402,501,1),(403,502,1),(404,503,1),(405,504,1),(406,505,1),(407,506,1),(408,507,1),(409,508,1),(410,509,1),(411,510,1),(412,511,1),(413,512,1),(414,513,1),(415,514,1),(416,515,1),(417,516,1),(418,517,1),(419,518,1),(420,519,1),(421,520,1),(422,521,1),(423,522,1),(424,523,1),(425,524,1),(426,525,1),(427,526,1),(428,527,1),(429,528,1),(430,529,1),(431,530,1),(432,531,1),(433,532,1),(434,533,1),(435,534,1),(436,535,1),(437,536,1),(438,537,1),(439,538,1),(440,539,1),(441,540,1),(442,541,1),(443,542,1),(444,543,1),(445,544,1),(446,545,1),(447,546,1),(448,547,1),(449,548,1),(450,549,1),(451,550,1),(452,551,1),(453,552,1),(454,553,1),(455,554,1),(456,555,1),(457,556,1),(458,557,1),(459,558,1),(460,559,1),(461,560,1),(462,561,1),(463,562,1),(464,563,1),(465,564,1),(466,565,1),(467,566,1),(468,567,1),(469,568,1),(470,569,1),(471,570,1),(472,571,1),(473,572,1),(474,573,1),(475,574,1),(476,575,1),(477,576,1),(478,577,1),(479,578,1),(480,579,1),(481,580,1),(482,581,1),(483,582,1),(484,583,1),(485,584,1),(486,585,1),(487,586,1),(488,587,1),(489,588,1),(490,589,1),(491,590,1),(492,591,1),(493,592,1),(494,593,1),(495,594,1),(496,595,1),(497,596,1),(498,597,1),(499,598,1),(500,599,1),(501,600,1),(502,601,1),(503,602,1),(504,603,1),(505,604,1),(506,605,1),(507,606,1),(508,607,1),(509,608,1),(510,609,1),(511,610,1),(512,611,1),(513,612,1),(514,613,1),(515,614,1),(516,615,1),(517,616,1),(518,617,1),(519,618,1),(520,619,1),(521,620,1),(522,621,1),(523,622,1),(524,623,1),(525,624,1),(526,625,1),(527,626,1),(528,627,1),(529,628,1),(530,629,1),(531,630,1),(532,631,1),(533,632,1),(534,633,1),(535,634,1),(536,635,1),(537,636,1),(538,637,1),(539,638,1),(540,639,1),(541,640,1),(542,641,1),(543,642,1),(544,643,1),(545,644,1),(546,645,1),(547,646,1),(548,647,1),(549,648,1),(550,649,1),(551,650,1),(552,651,1),(553,652,1),(554,653,1),(555,654,1),(556,655,1),(557,656,1),(558,657,1),(559,658,1),(560,659,1),(561,660,1),(562,661,1),(563,662,1),(564,663,1),(565,664,1),(566,665,1),(567,666,1),(568,667,1),(569,668,1),(570,669,1),(571,670,1),(572,671,1),(573,672,1),(574,673,1),(575,674,1),(576,675,1),(577,676,1),(578,677,1),(579,678,1),(580,679,1),(581,680,1),(582,681,1),(583,682,1),(584,683,1),(585,684,1),(586,685,1),(587,686,1),(588,687,1),(589,688,1),(590,689,1),(591,690,1),(592,691,1),(593,692,1),(594,693,1),(595,694,1),(596,695,1),(597,696,1),(598,697,1),(599,698,1),(600,699,1),(601,700,1),(602,701,1),(603,702,1),(604,703,1),(605,704,1),(606,705,1),(607,706,1),(608,707,1),(609,708,1),(610,709,1),(611,710,1),(612,711,1),(613,712,1),(614,713,1),(615,714,1),(616,715,1),(617,716,1),(618,717,1),(619,718,1),(620,719,1),(621,720,1),(622,721,1),(623,722,1),(624,723,1),(625,724,1),(626,725,1),(627,726,1),(628,727,1),(629,728,1),(630,729,1),(631,730,1),(632,731,1),(633,732,1),(634,733,1),(635,734,1),(636,735,1),(637,736,1),(638,737,1),(639,738,1),(640,739,1),(641,740,1),(642,741,1),(643,742,1),(644,743,1),(645,744,1),(646,745,1),(647,746,1),(648,747,1),(649,748,1),(650,749,1),(651,750,1),(652,751,1),(653,752,1),(654,753,1),(655,754,1),(656,755,1),(657,756,1),(658,757,1),(659,758,1),(660,759,1),(661,760,1),(662,761,1),(663,762,1),(664,763,1),(665,764,1),(666,765,1),(667,766,1),(668,767,1),(669,768,1),(670,769,1),(671,770,1),(672,771,1),(673,772,1),(674,773,1),(675,774,1),(676,775,1),(677,776,1),(678,777,1),(679,778,1),(680,779,1),(681,780,1),(682,781,1),(683,782,1),(684,783,1),(685,784,1),(686,785,1),(687,786,1),(688,787,1),(689,788,1),(690,789,1),(691,790,1),(692,791,1),(693,792,1),(694,793,1),(695,794,1),(696,795,1),(697,796,1),(698,797,1),(699,798,1),(700,799,1),(701,800,1),(702,801,1),(703,802,1),(704,803,1),(705,804,1),(706,805,1),(707,806,1),(708,807,1),(709,808,1),(710,809,1),(711,810,1),(712,811,1),(713,812,1),(714,813,1),(715,814,1),(716,815,1),(717,816,1),(718,817,1),(719,818,1),(720,819,1),(721,820,1),(722,821,1),(723,822,1),(724,823,1),(725,824,1),(726,825,1),(727,826,1),(728,827,1),(729,828,1),(730,829,1),(731,830,1),(732,831,1),(733,832,1),(734,833,1),(735,834,1),(736,835,1),(737,836,1),(738,837,1),(739,838,1),(740,839,1),(741,840,1),(742,841,1),(743,842,1),(744,843,1),(745,844,1),(746,845,1),(747,846,1),(748,847,1),(749,848,1),(750,849,1),(751,850,1),(752,851,1),(753,852,1),(754,853,1),(755,854,1),(756,855,1),(757,856,1),(758,857,1),(759,858,1),(760,859,1),(761,860,1),(762,861,1),(763,862,1),(764,863,1),(765,864,1),(766,865,1),(767,866,1),(768,867,1),(769,868,1),(770,869,1),(771,870,1),(772,871,1),(773,872,1),(774,873,1),(775,874,1),(776,875,1),(777,876,1),(778,877,1),(779,878,1),(780,879,1),(781,880,1),(782,881,1),(783,882,1),(784,883,1),(785,884,1),(786,885,1),(787,886,1),(788,887,1),(789,888,1),(790,889,1),(791,890,1),(792,891,1),(793,892,1),(794,893,1),(795,894,1),(796,895,1),(797,896,1),(798,897,1),(799,898,1),(800,899,1),(801,900,1),(802,901,1),(803,902,1),(804,903,1),(805,904,1),(806,905,1),(807,906,1),(808,907,1),(809,908,1),(810,909,1),(811,910,1),(812,911,1),(813,912,1),(814,913,1),(815,914,1),(816,915,1),(817,916,1),(818,917,1),(819,918,1),(820,919,1),(821,920,1),(822,921,1),(823,922,1),(824,923,1),(825,924,1),(826,925,1),(827,926,1),(828,927,1),(829,928,1),(830,929,1),(831,930,1),(832,931,1),(833,932,1),(834,933,1),(835,934,1),(836,935,1),(837,936,1),(838,937,1),(839,938,1),(840,939,1),(841,940,1),(842,941,1),(843,942,1),(844,943,1),(845,944,1),(846,945,1),(847,946,1),(848,947,1),(849,948,1),(850,949,1),(851,950,1),(852,951,1),(853,952,1),(854,953,1),(855,954,1),(856,955,1),(857,956,1),(858,957,1),(859,958,1),(860,959,1),(861,960,1),(862,961,1),(863,962,1),(864,963,1),(865,964,1),(866,965,1),(867,966,1),(868,967,1),(869,968,1),(870,969,1),(871,970,1),(872,971,1),(873,972,1),(874,973,1),(875,974,1),(876,975,1),(877,976,1),(878,977,1),(879,978,1),(880,979,1),(881,980,1),(882,981,1),(883,982,1),(884,983,1),(885,984,1),(886,985,1),(887,986,1),(888,987,1),(889,988,1),(890,989,1),(891,990,1),(892,991,1),(893,992,1),(894,993,1),(895,994,1),(896,995,1),(897,996,1),(898,997,1),(899,998,1),(900,999,1),(901,1000,1),(902,1001,1),(903,1002,1),(904,1003,1),(905,1004,1),(906,1005,1),(907,1006,1),(908,1007,1),(909,1008,1),(910,1009,1),(911,1010,1),(912,1011,1),(913,1012,1),(914,1013,1),(915,1014,1),(916,1015,1),(917,1016,1),(918,1017,1),(919,1018,1),(920,1019,1),(921,1020,1),(922,1021,1),(923,1022,1),(924,1023,1),(925,1024,1),(926,1025,1),(927,1026,1),(928,1027,1),(929,1028,1),(930,1029,1),(931,1030,1),(932,1031,1),(933,1032,1),(934,1033,1),(935,1034,1),(936,1035,1),(937,1036,1),(938,1037,1),(939,1038,1),(940,1039,1),(941,1040,1),(942,1041,1),(943,1042,1),(944,1043,1),(945,1044,1),(946,1045,1),(947,1046,1),(948,1047,1),(949,1048,1),(950,1049,1),(951,1050,1),(952,1051,1),(953,1052,1),(954,1053,1),(955,1054,1),(956,1055,1),(957,1056,1),(958,1057,1),(959,1058,1),(960,1059,1),(961,1060,1),(962,1061,1),(963,1062,1),(964,1063,1),(965,1064,1),(966,1065,1),(967,1066,1),(968,1067,1),(969,1068,1),(970,1069,1),(971,1070,1),(972,1071,1),(973,1072,1),(974,1073,1),(975,1074,1),(976,1075,1),(977,1076,1),(978,1077,1),(979,1078,1),(980,1079,1),(981,1080,1),(982,1081,1),(983,1082,1),(984,1083,1),(985,1084,1),(986,1085,1),(987,1086,1),(988,1087,1),(989,1088,1),(990,1089,1),(991,1090,1),(992,1091,1),(993,1092,1),(994,1093,1),(995,1094,1),(996,1095,1),(997,1096,1),(998,1097,1),(999,1098,1),(1000,1099,1),(1001,1100,1),(1002,1101,1),(1003,1102,1),(1004,1103,1),(1005,1104,1),(1006,1105,1),(1007,1106,1),(1008,1107,1),(1009,1108,1),(1010,1109,1),(1011,1110,1),(1012,1111,1),(1013,1112,1),(1014,1113,1),(1015,1114,1),(1016,1115,1),(1017,1116,1),(1018,1117,1),(1019,1118,1),(1020,1119,1),(1021,1120,1),(1022,1121,1),(1023,1122,1),(1024,1123,1);
/*!40000 ALTER TABLE `BLC_CUSTOMER_ROLE` ENABLE KEYS */;
UNLOCK TABLES;

--
-- Table structure for table `BLC_CUST_SITE_MAP_GEN_CFG`
--

DROP TABLE IF EXISTS `BLC_CUST_SITE_MAP_GEN_CFG`;
/*!40101 SET @saved_cs_client     = @@character_set_client */;
/*!40101 SET character_set_client = utf8 */;
CREATE TABLE `BLC_CUST_SITE_MAP_GEN_CFG` (
  `GEN_CONFIG_ID` bigint(20) NOT NULL,
  PRIMARY KEY (`GEN_CONFIG_ID`),
  CONSTRAINT `FKs5s4vmpbxh4edqjtbted9gxmw` FOREIGN KEY (`GEN_CONFIG_ID`) REFERENCES `BLC_SITE_MAP_GEN_CFG` (`GEN_CONFIG_ID`)
) ENGINE=InnoDB DEFAULT CHARSET=latin1;
/*!40101 SET character_set_client = @saved_cs_client */;

--
-- Dumping data for table `BLC_CUST_SITE_MAP_GEN_CFG`
--

LOCK TABLES `BLC_CUST_SITE_MAP_GEN_CFG` WRITE;
/*!40000 ALTER TABLE `BLC_CUST_SITE_MAP_GEN_CFG` DISABLE KEYS */;
INSERT INTO `BLC_CUST_SITE_MAP_GEN_CFG` VALUES (-1);
/*!40000 ALTER TABLE `BLC_CUST_SITE_MAP_GEN_CFG` ENABLE KEYS */;
UNLOCK TABLES;

--
-- Table structure for table `BLC_DATA_DRVN_ENUM`
--

DROP TABLE IF EXISTS `BLC_DATA_DRVN_ENUM`;
/*!40101 SET @saved_cs_client     = @@character_set_client */;
/*!40101 SET character_set_client = utf8 */;
CREATE TABLE `BLC_DATA_DRVN_ENUM` (
  `ENUM_ID` bigint(20) NOT NULL,
  `ENUM_KEY` varchar(255) DEFAULT NULL,
  `MODIFIABLE` bit(1) DEFAULT NULL,
  PRIMARY KEY (`ENUM_ID`),
  KEY `ENUM_KEY_INDEX` (`ENUM_KEY`)
) ENGINE=InnoDB DEFAULT CHARSET=latin1;
/*!40101 SET character_set_client = @saved_cs_client */;

--
-- Dumping data for table `BLC_DATA_DRVN_ENUM`
--

LOCK TABLES `BLC_DATA_DRVN_ENUM` WRITE;
/*!40000 ALTER TABLE `BLC_DATA_DRVN_ENUM` DISABLE KEYS */;
/*!40000 ALTER TABLE `BLC_DATA_DRVN_ENUM` ENABLE KEYS */;
UNLOCK TABLES;

--
-- Table structure for table `BLC_DATA_DRVN_ENUM_VAL`
--

DROP TABLE IF EXISTS `BLC_DATA_DRVN_ENUM_VAL`;
/*!40101 SET @saved_cs_client     = @@character_set_client */;
/*!40101 SET character_set_client = utf8 */;
CREATE TABLE `BLC_DATA_DRVN_ENUM_VAL` (
  `ENUM_VAL_ID` bigint(20) NOT NULL,
  `DISPLAY` varchar(255) DEFAULT NULL,
  `HIDDEN` bit(1) DEFAULT NULL,
  `ENUM_KEY` varchar(255) DEFAULT NULL,
  `ENUM_TYPE` bigint(20) DEFAULT NULL,
  PRIMARY KEY (`ENUM_VAL_ID`),
  KEY `HIDDEN_INDEX` (`HIDDEN`),
  KEY `ENUM_VAL_KEY_INDEX` (`ENUM_KEY`),
  KEY `FKq180xbmiqw22rrc9kf0qokaea` (`ENUM_TYPE`),
  CONSTRAINT `FKq180xbmiqw22rrc9kf0qokaea` FOREIGN KEY (`ENUM_TYPE`) REFERENCES `BLC_DATA_DRVN_ENUM` (`ENUM_ID`)
) ENGINE=InnoDB DEFAULT CHARSET=latin1;
/*!40101 SET character_set_client = @saved_cs_client */;

--
-- Dumping data for table `BLC_DATA_DRVN_ENUM_VAL`
--

LOCK TABLES `BLC_DATA_DRVN_ENUM_VAL` WRITE;
/*!40000 ALTER TABLE `BLC_DATA_DRVN_ENUM_VAL` DISABLE KEYS */;
/*!40000 ALTER TABLE `BLC_DATA_DRVN_ENUM_VAL` ENABLE KEYS */;
UNLOCK TABLES;

--
-- Table structure for table `BLC_DISCRETE_ORDER_ITEM`
--

DROP TABLE IF EXISTS `BLC_DISCRETE_ORDER_ITEM`;
/*!40101 SET @saved_cs_client     = @@character_set_client */;
/*!40101 SET character_set_client = utf8 */;
CREATE TABLE `BLC_DISCRETE_ORDER_ITEM` (
  `BASE_RETAIL_PRICE` decimal(19,5) DEFAULT NULL,
  `BASE_SALE_PRICE` decimal(19,5) DEFAULT NULL,
  `ORDER_ITEM_ID` bigint(20) NOT NULL,
  `BUNDLE_ORDER_ITEM_ID` bigint(20) DEFAULT NULL,
  `PRODUCT_ID` bigint(20) DEFAULT NULL,
  `SKU_ID` bigint(20) NOT NULL,
  `SKU_BUNDLE_ITEM_ID` bigint(20) DEFAULT NULL,
  PRIMARY KEY (`ORDER_ITEM_ID`),
  KEY `DISCRETE_PRODUCT_INDEX` (`PRODUCT_ID`),
  KEY `DISCRETE_SKU_INDEX` (`SKU_ID`),
  KEY `FKpu94j8xpk9uwpcgcy98ktle06` (`BUNDLE_ORDER_ITEM_ID`),
  KEY `FK1micyx881c06d24amsg3sk2he` (`SKU_BUNDLE_ITEM_ID`),
  CONSTRAINT `FK188b985egh16qfcjt8kv1asa4` FOREIGN KEY (`ORDER_ITEM_ID`) REFERENCES `BLC_ORDER_ITEM` (`ORDER_ITEM_ID`),
  CONSTRAINT `FK1micyx881c06d24amsg3sk2he` FOREIGN KEY (`SKU_BUNDLE_ITEM_ID`) REFERENCES `BLC_SKU_BUNDLE_ITEM` (`SKU_BUNDLE_ITEM_ID`),
  CONSTRAINT `FK2moe4tjwke365lo2s5qgmacx7` FOREIGN KEY (`PRODUCT_ID`) REFERENCES `BLC_PRODUCT` (`PRODUCT_ID`),
  CONSTRAINT `FKmtcs7ax8jo2hy1ae4caafsfkp` FOREIGN KEY (`SKU_ID`) REFERENCES `BLC_SKU` (`SKU_ID`),
  CONSTRAINT `FKpu94j8xpk9uwpcgcy98ktle06` FOREIGN KEY (`BUNDLE_ORDER_ITEM_ID`) REFERENCES `BLC_BUNDLE_ORDER_ITEM` (`ORDER_ITEM_ID`)
) ENGINE=InnoDB DEFAULT CHARSET=latin1;
/*!40101 SET character_set_client = @saved_cs_client */;

--
-- Dumping data for table `BLC_DISCRETE_ORDER_ITEM`
--

LOCK TABLES `BLC_DISCRETE_ORDER_ITEM` WRITE;
/*!40000 ALTER TABLE `BLC_DISCRETE_ORDER_ITEM` DISABLE KEYS */;
/*!40000 ALTER TABLE `BLC_DISCRETE_ORDER_ITEM` ENABLE KEYS */;
UNLOCK TABLES;

--
-- Table structure for table `BLC_DISC_ITEM_FEE_PRICE`
--

DROP TABLE IF EXISTS `BLC_DISC_ITEM_FEE_PRICE`;
/*!40101 SET @saved_cs_client     = @@character_set_client */;
/*!40101 SET character_set_client = utf8 */;
CREATE TABLE `BLC_DISC_ITEM_FEE_PRICE` (
  `DISC_ITEM_FEE_PRICE_ID` bigint(20) NOT NULL,
  `AMOUNT` decimal(19,5) DEFAULT NULL,
  `NAME` varchar(255) DEFAULT NULL,
  `REPORTING_CODE` varchar(255) DEFAULT NULL,
  `ORDER_ITEM_ID` bigint(20) NOT NULL,
  PRIMARY KEY (`DISC_ITEM_FEE_PRICE_ID`),
  KEY `FK70ocmaswx7p3xymfvildubx5` (`ORDER_ITEM_ID`),
  CONSTRAINT `FK70ocmaswx7p3xymfvildubx5` FOREIGN KEY (`ORDER_ITEM_ID`) REFERENCES `BLC_DISCRETE_ORDER_ITEM` (`ORDER_ITEM_ID`)
) ENGINE=InnoDB DEFAULT CHARSET=latin1;
/*!40101 SET character_set_client = @saved_cs_client */;

--
-- Dumping data for table `BLC_DISC_ITEM_FEE_PRICE`
--

LOCK TABLES `BLC_DISC_ITEM_FEE_PRICE` WRITE;
/*!40000 ALTER TABLE `BLC_DISC_ITEM_FEE_PRICE` DISABLE KEYS */;
/*!40000 ALTER TABLE `BLC_DISC_ITEM_FEE_PRICE` ENABLE KEYS */;
UNLOCK TABLES;

--
-- Table structure for table `BLC_DYN_DISCRETE_ORDER_ITEM`
--

DROP TABLE IF EXISTS `BLC_DYN_DISCRETE_ORDER_ITEM`;
/*!40101 SET @saved_cs_client     = @@character_set_client */;
/*!40101 SET character_set_client = utf8 */;
CREATE TABLE `BLC_DYN_DISCRETE_ORDER_ITEM` (
  `ORDER_ITEM_ID` bigint(20) NOT NULL,
  PRIMARY KEY (`ORDER_ITEM_ID`),
  CONSTRAINT `FKhv263skp3pgb4wcxg44umwcjs` FOREIGN KEY (`ORDER_ITEM_ID`) REFERENCES `BLC_DISCRETE_ORDER_ITEM` (`ORDER_ITEM_ID`)
) ENGINE=InnoDB DEFAULT CHARSET=latin1;
/*!40101 SET character_set_client = @saved_cs_client */;

--
-- Dumping data for table `BLC_DYN_DISCRETE_ORDER_ITEM`
--

LOCK TABLES `BLC_DYN_DISCRETE_ORDER_ITEM` WRITE;
/*!40000 ALTER TABLE `BLC_DYN_DISCRETE_ORDER_ITEM` DISABLE KEYS */;
/*!40000 ALTER TABLE `BLC_DYN_DISCRETE_ORDER_ITEM` ENABLE KEYS */;
UNLOCK TABLES;

--
-- Table structure for table `BLC_EMAIL_TRACKING`
--

DROP TABLE IF EXISTS `BLC_EMAIL_TRACKING`;
/*!40101 SET @saved_cs_client     = @@character_set_client */;
/*!40101 SET character_set_client = utf8 */;
CREATE TABLE `BLC_EMAIL_TRACKING` (
  `EMAIL_TRACKING_ID` bigint(20) NOT NULL,
  `DATE_SENT` datetime DEFAULT NULL,
  `EMAIL_ADDRESS` varchar(255) DEFAULT NULL,
  `TYPE` varchar(255) DEFAULT NULL,
  PRIMARY KEY (`EMAIL_TRACKING_ID`),
  KEY `EMAILTRACKING_INDEX` (`EMAIL_ADDRESS`)
) ENGINE=InnoDB DEFAULT CHARSET=latin1;
/*!40101 SET character_set_client = @saved_cs_client */;

--
-- Dumping data for table `BLC_EMAIL_TRACKING`
--

LOCK TABLES `BLC_EMAIL_TRACKING` WRITE;
/*!40000 ALTER TABLE `BLC_EMAIL_TRACKING` DISABLE KEYS */;
INSERT INTO `BLC_EMAIL_TRACKING` VALUES (1,'2021-11-07 16:41:29','1@example.com',NULL),(2,'2021-11-07 16:41:30','2@example.com',NULL),(3,'2021-11-07 16:41:30','3@example.com',NULL),(4,'2021-11-07 16:41:30','4@example.com',NULL),(5,'2021-11-07 16:41:31','5@example.com',NULL),(6,'2021-11-07 16:41:31','6@example.com',NULL),(7,'2021-11-07 16:41:31','7@example.com',NULL),(8,'2021-11-07 16:41:31','8@example.com',NULL),(9,'2021-11-07 16:41:31','9@example.com',NULL),(10,'2021-11-07 16:41:32','10@example.com',NULL),(11,'2021-11-07 16:41:32','11@example.com',NULL),(12,'2021-11-07 16:41:32','12@example.com',NULL),(13,'2021-11-07 16:41:32','13@example.com',NULL),(14,'2021-11-07 16:41:32','14@example.com',NULL),(15,'2021-11-07 16:41:33','15@example.com',NULL),(16,'2021-11-07 16:41:33','16@example.com',NULL),(17,'2021-11-07 16:41:33','17@example.com',NULL),(18,'2021-11-07 16:41:33','18@example.com',NULL),(19,'2021-11-07 16:41:33','19@example.com',NULL),(20,'2021-11-07 16:41:33','20@example.com',NULL),(21,'2021-11-07 16:41:34','21@example.com',NULL),(22,'2021-11-07 16:41:34','22@example.com',NULL),(23,'2021-11-07 16:41:34','23@example.com',NULL),(24,'2021-11-07 16:41:34','24@example.com',NULL),(25,'2021-11-07 16:41:34','25@example.com',NULL),(26,'2021-11-07 16:41:34','26@example.com',NULL),(27,'2021-11-07 16:41:35','27@example.com',NULL),(28,'2021-11-07 16:41:35','28@example.com',NULL),(29,'2021-11-07 16:41:35','29@example.com',NULL),(30,'2021-11-07 16:41:35','30@example.com',NULL),(31,'2021-11-07 16:41:35','31@example.com',NULL),(32,'2021-11-07 16:41:35','32@example.com',NULL),(33,'2021-11-07 16:41:36','33@example.com',NULL),(34,'2021-11-07 16:41:36','34@example.com',NULL),(35,'2021-11-07 16:41:36','35@example.com',NULL),(36,'2021-11-07 16:41:36','36@example.com',NULL),(37,'2021-11-07 16:41:36','37@example.com',NULL),(38,'2021-11-07 16:41:36','38@example.com',NULL),(39,'2021-11-07 16:41:36','39@example.com',NULL),(40,'2021-11-07 16:41:37','40@example.com',NULL),(41,'2021-11-07 16:41:37','41@example.com',NULL),(42,'2021-11-07 16:41:37','42@example.com',NULL),(43,'2021-11-07 16:41:37','43@example.com',NULL),(44,'2021-11-07 16:41:37','44@example.com',NULL),(45,'2021-11-07 16:41:37','45@example.com',NULL),(46,'2021-11-07 16:41:37','46@example.com',NULL),(47,'2021-11-07 16:41:38','47@example.com',NULL),(48,'2021-11-07 16:41:38','48@example.com',NULL),(49,'2021-11-07 16:41:38','49@example.com',NULL),(50,'2021-11-07 16:41:38','50@example.com',NULL),(51,'2021-11-07 16:41:38','51@example.com',NULL),(52,'2021-11-07 16:41:38','52@example.com',NULL),(53,'2021-11-07 16:41:39','53@example.com',NULL),(54,'2021-11-07 16:41:39','54@example.com',NULL),(55,'2021-11-07 16:41:39','55@example.com',NULL),(56,'2021-11-07 16:41:39','56@example.com',NULL),(57,'2021-11-07 16:41:39','57@example.com',NULL),(58,'2021-11-07 16:41:39','58@example.com',NULL),(59,'2021-11-07 16:41:39','59@example.com',NULL),(60,'2021-11-07 16:41:40','60@example.com',NULL),(61,'2021-11-07 16:41:40','61@example.com',NULL),(62,'2021-11-07 16:41:40','62@example.com',NULL),(63,'2021-11-07 16:41:40','63@example.com',NULL),(64,'2021-11-07 16:41:40','64@example.com',NULL),(65,'2021-11-07 16:41:40','65@example.com',NULL),(66,'2021-11-07 16:41:41','66@example.com',NULL),(67,'2021-11-07 16:41:41','67@example.com',NULL),(68,'2021-11-07 16:41:41','68@example.com',NULL),(69,'2021-11-07 16:41:41','69@example.com',NULL),(70,'2021-11-07 16:41:41','70@example.com',NULL),(71,'2021-11-07 16:41:41','71@example.com',NULL),(72,'2021-11-07 16:41:41','72@example.com',NULL),(73,'2021-11-07 16:41:42','73@example.com',NULL),(74,'2021-11-07 16:41:42','74@example.com',NULL),(75,'2021-11-07 16:41:42','75@example.com',NULL),(76,'2021-11-07 16:41:42','76@example.com',NULL),(77,'2021-11-07 16:41:42','77@example.com',NULL),(78,'2021-11-07 16:41:42','78@example.com',NULL),(79,'2021-11-07 16:41:42','79@example.com',NULL),(80,'2021-11-07 16:41:42','80@example.com',NULL),(81,'2021-11-07 16:41:43','81@example.com',NULL),(82,'2021-11-07 16:41:43','82@example.com',NULL),(83,'2021-11-07 16:41:43','83@example.com',NULL),(84,'2021-11-07 16:41:43','84@example.com',NULL),(85,'2021-11-07 16:41:43','85@example.com',NULL),(86,'2021-11-07 16:41:43','86@example.com',NULL),(87,'2021-11-07 16:41:43','87@example.com',NULL),(88,'2021-11-07 16:41:44','88@example.com',NULL),(89,'2021-11-07 16:41:44','89@example.com',NULL),(90,'2021-11-07 16:41:44','90@example.com',NULL),(91,'2021-11-07 16:41:44','91@example.com',NULL),(92,'2021-11-07 16:41:44','92@example.com',NULL),(93,'2021-11-07 16:41:44','93@example.com',NULL),(94,'2021-11-07 16:41:44','94@example.com',NULL),(95,'2021-11-07 16:41:45','95@example.com',NULL),(96,'2021-11-07 16:41:45','96@example.com',NULL),(97,'2021-11-07 16:41:45','97@example.com',NULL),(98,'2021-11-07 16:41:45','98@example.com',NULL),(99,'2021-11-07 16:41:45','99@example.com',NULL),(100,'2021-11-07 16:41:45','100@example.com',NULL),(101,'2021-11-19 10:30:06','101@example.com',NULL),(102,'2021-11-19 10:30:08','102@example.com',NULL),(103,'2021-11-19 10:30:08','103@example.com',NULL),(104,'2021-11-19 10:30:08','104@example.com',NULL),(105,'2021-11-19 10:30:09','105@example.com',NULL),(106,'2021-11-19 10:30:09','106@example.com',NULL),(107,'2021-11-19 10:30:09','107@example.com',NULL),(108,'2021-11-19 10:30:10','108@example.com',NULL),(109,'2021-11-19 10:30:10','109@example.com',NULL),(110,'2021-11-19 10:30:10','110@example.com',NULL),(111,'2021-11-19 10:30:11','111@example.com',NULL),(112,'2021-11-19 10:30:11','112@example.com',NULL),(113,'2021-11-19 10:30:11','113@example.com',NULL),(114,'2021-11-19 10:30:11','114@example.com',NULL),(115,'2021-11-19 10:30:12','115@example.com',NULL),(116,'2021-11-19 10:30:12','116@example.com',NULL),(117,'2021-11-19 10:30:12','117@example.com',NULL),(118,'2021-11-19 10:30:13','118@example.com',NULL),(119,'2021-11-19 10:30:13','119@example.com',NULL),(120,'2021-11-19 10:30:13','120@example.com',NULL),(121,'2021-11-19 10:30:14','121@example.com',NULL),(122,'2021-11-19 10:30:14','122@example.com',NULL),(123,'2021-11-19 10:30:14','123@example.com',NULL),(124,'2021-11-19 10:30:14','124@example.com',NULL),(125,'2021-11-19 10:30:15','125@example.com',NULL),(126,'2021-11-19 10:30:15','126@example.com',NULL),(127,'2021-11-19 10:30:15','127@example.com',NULL),(128,'2021-11-19 10:30:16','128@example.com',NULL),(129,'2021-11-19 10:30:16','129@example.com',NULL),(130,'2021-11-19 10:30:16','130@example.com',NULL),(131,'2021-11-19 10:30:16','131@example.com',NULL),(132,'2021-11-19 10:30:17','132@example.com',NULL),(133,'2021-11-19 10:30:17','133@example.com',NULL),(134,'2021-11-19 10:30:17','134@example.com',NULL),(135,'2021-11-19 10:30:18','135@example.com',NULL),(136,'2021-11-19 10:30:18','136@example.com',NULL),(137,'2021-11-19 10:30:18','137@example.com',NULL),(138,'2021-11-19 10:30:18','138@example.com',NULL),(139,'2021-11-19 10:30:19','139@example.com',NULL),(140,'2021-11-19 10:30:19','140@example.com',NULL),(141,'2021-11-19 10:30:19','141@example.com',NULL),(142,'2021-11-19 10:30:19','142@example.com',NULL),(143,'2021-11-19 10:30:19','143@example.com',NULL),(144,'2021-11-19 10:30:20','144@example.com',NULL),(145,'2021-11-19 10:30:20','145@example.com',NULL),(146,'2021-11-19 10:30:20','146@example.com',NULL),(147,'2021-11-19 10:30:20','147@example.com',NULL),(148,'2021-11-19 10:30:21','148@example.com',NULL),(149,'2021-11-19 10:30:21','149@example.com',NULL),(150,'2021-11-19 10:30:21','150@example.com',NULL),(151,'2021-11-19 10:30:21','151@example.com',NULL),(152,'2021-11-19 10:30:22','152@example.com',NULL),(153,'2021-11-19 10:30:22','153@example.com',NULL),(154,'2021-11-19 10:30:22','154@example.com',NULL),(155,'2021-11-19 10:30:22','155@example.com',NULL),(156,'2021-11-19 10:30:23','156@example.com',NULL),(157,'2021-11-19 10:30:23','157@example.com',NULL),(158,'2021-11-19 10:30:23','158@example.com',NULL),(159,'2021-11-19 10:30:23','159@example.com',NULL),(160,'2021-11-19 10:30:24','160@example.com',NULL),(161,'2021-11-19 10:30:24','161@example.com',NULL),(162,'2021-11-19 10:30:24','162@example.com',NULL),(163,'2021-11-19 10:30:24','163@example.com',NULL),(164,'2021-11-19 10:30:25','164@example.com',NULL),(165,'2021-11-19 10:30:25','165@example.com',NULL),(166,'2021-11-19 10:30:25','166@example.com',NULL),(167,'2021-11-19 10:30:25','167@example.com',NULL),(168,'2021-11-19 10:30:26','168@example.com',NULL),(169,'2021-11-19 10:30:26','169@example.com',NULL),(170,'2021-11-19 10:30:26','170@example.com',NULL),(171,'2021-11-19 10:30:26','171@example.com',NULL),(172,'2021-11-19 10:30:27','172@example.com',NULL),(173,'2021-11-19 10:30:27','173@example.com',NULL),(174,'2021-11-19 10:30:27','174@example.com',NULL),(175,'2021-11-19 10:30:27','175@example.com',NULL),(176,'2021-11-19 10:30:28','176@example.com',NULL),(177,'2021-11-19 10:30:28','177@example.com',NULL),(178,'2021-11-19 10:30:28','178@example.com',NULL),(179,'2021-11-19 10:30:28','179@example.com',NULL),(180,'2021-11-19 10:30:29','180@example.com',NULL),(181,'2021-11-19 10:30:29','181@example.com',NULL),(182,'2021-11-19 10:30:29','182@example.com',NULL),(183,'2021-11-19 10:30:29','183@example.com',NULL),(184,'2021-11-19 10:30:30','184@example.com',NULL),(185,'2021-11-19 10:30:30','185@example.com',NULL),(186,'2021-11-19 10:30:30','186@example.com',NULL),(187,'2021-11-19 10:30:30','187@example.com',NULL),(188,'2021-11-19 10:30:30','188@example.com',NULL),(189,'2021-11-19 10:30:31','189@example.com',NULL),(190,'2021-11-19 10:30:31','190@example.com',NULL),(191,'2021-11-19 10:30:31','191@example.com',NULL),(192,'2021-11-19 10:30:31','192@example.com',NULL),(193,'2021-11-19 10:30:32','193@example.com',NULL),(194,'2021-11-19 10:30:32','194@example.com',NULL),(195,'2021-11-19 10:30:32','195@example.com',NULL),(196,'2021-11-19 10:30:32','196@example.com',NULL),(197,'2021-11-19 10:30:33','197@example.com',NULL),(198,'2021-11-19 10:30:33','198@example.com',NULL),(199,'2021-11-19 10:30:33','199@example.com',NULL),(200,'2021-11-19 10:30:33','200@example.com',NULL),(201,'2021-11-19 10:30:34','201@example.com',NULL),(202,'2021-11-19 10:30:34','202@example.com',NULL),(203,'2021-11-19 10:30:34','203@example.com',NULL),(204,'2021-11-19 10:30:34','204@example.com',NULL),(205,'2021-11-19 10:30:35','205@example.com',NULL),(206,'2021-11-19 10:30:35','206@example.com',NULL),(207,'2021-11-19 10:30:35','207@example.com',NULL),(208,'2021-11-19 10:30:35','208@example.com',NULL),(209,'2021-11-19 10:30:36','209@example.com',NULL),(210,'2021-11-19 10:30:36','210@example.com',NULL),(211,'2021-11-19 10:30:36','211@example.com',NULL),(212,'2021-11-19 10:30:36','212@example.com',NULL),(213,'2021-11-19 10:30:37','213@example.com',NULL),(214,'2021-11-19 10:30:37','214@example.com',NULL),(215,'2021-11-19 10:30:37','215@example.com',NULL),(216,'2021-11-19 10:30:37','216@example.com',NULL),(217,'2021-11-19 10:30:38','217@example.com',NULL),(218,'2021-11-19 10:30:38','218@example.com',NULL),(219,'2021-11-19 10:30:38','219@example.com',NULL),(220,'2021-11-19 10:30:38','220@example.com',NULL),(221,'2021-11-19 10:30:39','221@example.com',NULL),(222,'2021-11-19 10:30:39','222@example.com',NULL),(223,'2021-11-19 10:30:39','223@example.com',NULL),(224,'2021-11-19 10:30:39','224@example.com',NULL),(225,'2021-11-19 10:30:40','225@example.com',NULL),(226,'2021-11-19 10:30:40','226@example.com',NULL),(227,'2021-11-19 10:30:40','227@example.com',NULL),(228,'2021-11-19 10:30:40','228@example.com',NULL),(229,'2021-11-19 10:30:41','229@example.com',NULL),(230,'2021-11-19 10:30:41','230@example.com',NULL),(231,'2021-11-19 10:30:41','231@example.com',NULL),(232,'2021-11-19 10:30:41','232@example.com',NULL),(233,'2021-11-19 10:30:42','233@example.com',NULL),(234,'2021-11-19 10:30:42','234@example.com',NULL),(235,'2021-11-19 10:30:42','235@example.com',NULL),(236,'2021-11-19 10:30:42','236@example.com',NULL),(237,'2021-11-19 10:30:43','237@example.com',NULL),(238,'2021-11-19 10:30:43','238@example.com',NULL),(239,'2021-11-19 10:30:43','239@example.com',NULL),(240,'2021-11-19 10:30:43','240@example.com',NULL),(241,'2021-11-19 10:30:44','241@example.com',NULL),(242,'2021-11-19 10:30:44','242@example.com',NULL),(243,'2021-11-19 10:30:44','243@example.com',NULL),(244,'2021-11-19 10:30:44','244@example.com',NULL),(245,'2021-11-19 10:30:45','245@example.com',NULL),(246,'2021-11-19 10:30:45','246@example.com',NULL),(247,'2021-11-19 10:30:45','247@example.com',NULL),(248,'2021-11-19 10:30:45','248@example.com',NULL),(249,'2021-11-19 10:30:46','249@example.com',NULL),(250,'2021-11-19 10:30:46','250@example.com',NULL),(251,'2021-11-19 10:30:46','251@example.com',NULL),(252,'2021-11-19 10:30:46','252@example.com',NULL),(253,'2021-11-19 10:30:47','253@example.com',NULL),(254,'2021-11-19 10:30:47','254@example.com',NULL),(255,'2021-11-19 10:30:47','255@example.com',NULL),(256,'2021-11-19 10:30:47','256@example.com',NULL),(257,'2021-11-19 10:30:48','257@example.com',NULL),(258,'2021-11-19 10:30:48','258@example.com',NULL),(259,'2021-11-19 10:30:48','259@example.com',NULL),(260,'2021-11-19 10:30:48','260@example.com',NULL),(261,'2021-11-19 10:30:49','261@example.com',NULL),(262,'2021-11-19 10:30:49','262@example.com',NULL),(263,'2021-11-19 10:30:49','263@example.com',NULL),(264,'2021-11-19 10:30:49','264@example.com',NULL),(265,'2021-11-19 10:30:50','265@example.com',NULL),(266,'2021-11-19 10:30:50','266@example.com',NULL),(267,'2021-11-19 10:30:50','267@example.com',NULL),(268,'2021-11-19 10:30:50','268@example.com',NULL),(269,'2021-11-19 10:30:50','269@example.com',NULL),(270,'2021-11-19 10:30:51','270@example.com',NULL),(271,'2021-11-19 10:30:51','271@example.com',NULL),(272,'2021-11-19 10:30:51','272@example.com',NULL),(273,'2021-11-19 10:30:51','273@example.com',NULL),(274,'2021-11-19 10:30:52','274@example.com',NULL),(275,'2021-11-19 10:30:52','275@example.com',NULL),(276,'2021-11-19 10:30:52','276@example.com',NULL),(277,'2021-11-19 10:30:52','277@example.com',NULL),(278,'2021-11-19 10:30:53','278@example.com',NULL),(279,'2021-11-19 10:30:53','279@example.com',NULL),(280,'2021-11-19 10:30:53','280@example.com',NULL),(281,'2021-11-19 10:30:53','281@example.com',NULL),(282,'2021-11-19 10:30:54','282@example.com',NULL),(283,'2021-11-19 10:30:54','283@example.com',NULL),(284,'2021-11-19 10:30:54','284@example.com',NULL),(285,'2021-11-19 10:30:54','285@example.com',NULL),(286,'2021-11-19 10:30:55','286@example.com',NULL),(287,'2021-11-19 10:30:55','287@example.com',NULL),(288,'2021-11-19 10:30:55','288@example.com',NULL),(289,'2021-11-19 10:30:55','289@example.com',NULL),(290,'2021-11-19 10:30:56','290@example.com',NULL),(291,'2021-11-19 10:30:56','291@example.com',NULL),(292,'2021-11-19 10:30:56','292@example.com',NULL),(293,'2021-11-19 10:30:56','293@example.com',NULL),(294,'2021-11-19 10:30:57','294@example.com',NULL),(295,'2021-11-19 10:30:57','295@example.com',NULL),(296,'2021-11-19 10:30:57','296@example.com',NULL),(297,'2021-11-19 10:30:57','297@example.com',NULL),(298,'2021-11-19 10:30:58','298@example.com',NULL),(299,'2021-11-19 10:30:58','299@example.com',NULL),(300,'2021-11-19 10:30:58','300@example.com',NULL),(301,'2021-11-19 10:30:58','301@example.com',NULL),(302,'2021-11-19 10:30:59','302@example.com',NULL),(303,'2021-11-19 10:30:59','303@example.com',NULL),(304,'2021-11-19 10:30:59','304@example.com',NULL),(305,'2021-11-19 10:30:59','305@example.com',NULL),(306,'2021-11-19 10:31:00','306@example.com',NULL),(307,'2021-11-19 10:31:00','307@example.com',NULL),(308,'2021-11-19 10:31:00','308@example.com',NULL),(309,'2021-11-19 10:31:00','309@example.com',NULL),(310,'2021-11-19 10:31:00','310@example.com',NULL),(311,'2021-11-19 10:31:01','311@example.com',NULL),(312,'2021-11-19 10:31:01','312@example.com',NULL),(313,'2021-11-19 10:31:01','313@example.com',NULL),(314,'2021-11-19 10:31:01','314@example.com',NULL),(315,'2021-11-19 10:31:02','315@example.com',NULL),(316,'2021-11-19 10:31:02','316@example.com',NULL),(317,'2021-11-19 10:31:02','317@example.com',NULL),(318,'2021-11-19 10:31:02','318@example.com',NULL),(319,'2021-11-19 10:31:03','319@example.com',NULL),(320,'2021-11-19 10:31:03','320@example.com',NULL),(321,'2021-11-19 10:31:03','321@example.com',NULL),(322,'2021-11-19 10:31:03','322@example.com',NULL),(323,'2021-11-19 10:31:03','323@example.com',NULL),(324,'2021-11-19 10:31:04','324@example.com',NULL),(325,'2021-11-19 10:31:04','325@example.com',NULL),(326,'2021-11-19 10:31:04','326@example.com',NULL),(327,'2021-11-19 10:31:04','327@example.com',NULL),(328,'2021-11-19 10:31:05','328@example.com',NULL),(329,'2021-11-19 10:31:05','329@example.com',NULL),(330,'2021-11-19 10:31:05','330@example.com',NULL),(331,'2021-11-19 10:31:05','331@example.com',NULL),(332,'2021-11-19 10:31:05','332@example.com',NULL),(333,'2021-11-19 10:31:06','333@example.com',NULL),(334,'2021-11-19 10:31:06','334@example.com',NULL),(335,'2021-11-19 10:31:06','335@example.com',NULL),(336,'2021-11-19 10:31:06','336@example.com',NULL),(337,'2021-11-19 10:31:07','337@example.com',NULL),(338,'2021-11-19 10:31:07','338@example.com',NULL),(339,'2021-11-19 10:31:07','339@example.com',NULL),(340,'2021-11-19 10:31:07','340@example.com',NULL),(341,'2021-11-19 10:31:08','341@example.com',NULL),(342,'2021-11-19 10:31:08','342@example.com',NULL),(343,'2021-11-19 10:31:08','343@example.com',NULL),(344,'2021-11-19 10:31:08','344@example.com',NULL),(345,'2021-11-19 10:31:08','345@example.com',NULL),(346,'2021-11-19 10:31:09','346@example.com',NULL),(347,'2021-11-19 10:31:09','347@example.com',NULL),(348,'2021-11-19 10:31:09','348@example.com',NULL),(349,'2021-11-19 10:31:09','349@example.com',NULL),(350,'2021-11-19 10:31:10','350@example.com',NULL),(351,'2021-11-19 10:31:10','351@example.com',NULL),(352,'2021-11-19 10:31:10','352@example.com',NULL),(353,'2021-11-19 10:31:10','353@example.com',NULL),(354,'2021-11-19 10:31:11','354@example.com',NULL),(355,'2021-11-19 10:31:11','355@example.com',NULL),(356,'2021-11-19 10:31:11','356@example.com',NULL),(357,'2021-11-19 10:31:11','357@example.com',NULL),(358,'2021-11-19 10:31:11','358@example.com',NULL),(359,'2021-11-19 10:31:12','359@example.com',NULL),(360,'2021-11-19 10:31:12','360@example.com',NULL),(361,'2021-11-19 10:31:12','361@example.com',NULL),(362,'2021-11-19 10:31:12','362@example.com',NULL),(363,'2021-11-19 10:31:12','363@example.com',NULL),(364,'2021-11-19 10:31:13','364@example.com',NULL),(365,'2021-11-19 10:31:13','365@example.com',NULL),(366,'2021-11-19 10:31:13','366@example.com',NULL),(367,'2021-11-19 10:31:13','367@example.com',NULL),(368,'2021-11-19 10:31:14','368@example.com',NULL),(369,'2021-11-19 10:31:14','369@example.com',NULL),(370,'2021-11-19 10:31:14','370@example.com',NULL),(371,'2021-11-19 10:31:14','371@example.com',NULL),(372,'2021-11-19 10:31:14','372@example.com',NULL),(373,'2021-11-19 10:31:15','373@example.com',NULL),(374,'2021-11-19 10:31:15','374@example.com',NULL),(375,'2021-11-19 10:31:15','375@example.com',NULL),(376,'2021-11-19 10:31:15','376@example.com',NULL),(377,'2021-11-19 10:31:15','377@example.com',NULL),(378,'2021-11-19 10:31:16','378@example.com',NULL),(379,'2021-11-19 10:31:16','379@example.com',NULL),(380,'2021-11-19 10:31:16','380@example.com',NULL),(381,'2021-11-19 10:31:16','381@example.com',NULL),(382,'2021-11-19 10:31:17','382@example.com',NULL),(383,'2021-11-19 10:31:17','383@example.com',NULL),(384,'2021-11-19 10:31:17','384@example.com',NULL),(385,'2021-11-19 10:31:17','385@example.com',NULL),(386,'2021-11-19 10:31:17','386@example.com',NULL),(387,'2021-11-19 10:31:18','387@example.com',NULL),(388,'2021-11-19 10:31:18','388@example.com',NULL),(389,'2021-11-19 10:31:18','389@example.com',NULL),(390,'2021-11-19 10:31:18','390@example.com',NULL),(391,'2021-11-19 10:31:19','391@example.com',NULL),(392,'2021-11-19 10:31:19','392@example.com',NULL),(393,'2021-11-19 10:31:19','393@example.com',NULL),(394,'2021-11-19 10:31:19','394@example.com',NULL),(395,'2021-11-19 10:31:20','395@example.com',NULL),(396,'2021-11-19 10:31:20','396@example.com',NULL),(397,'2021-11-19 10:31:20','397@example.com',NULL),(398,'2021-11-19 10:31:20','398@example.com',NULL),(399,'2021-11-19 10:31:20','399@example.com',NULL),(400,'2021-11-19 10:31:21','400@example.com',NULL),(401,'2021-11-19 10:31:21','401@example.com',NULL),(402,'2021-11-19 10:31:21','402@example.com',NULL),(403,'2021-11-19 10:31:21','403@example.com',NULL),(404,'2021-11-19 10:31:21','404@example.com',NULL),(405,'2021-11-19 10:31:22','405@example.com',NULL),(406,'2021-11-19 10:31:22','406@example.com',NULL),(407,'2021-11-19 10:31:22','407@example.com',NULL),(408,'2021-11-19 10:31:22','408@example.com',NULL),(409,'2021-11-19 10:31:23','409@example.com',NULL),(410,'2021-11-19 10:31:23','410@example.com',NULL),(411,'2021-11-19 10:31:23','411@example.com',NULL),(412,'2021-11-19 10:31:23','412@example.com',NULL),(413,'2021-11-19 10:31:23','413@example.com',NULL),(414,'2021-11-19 10:31:24','414@example.com',NULL),(415,'2021-11-19 10:31:24','415@example.com',NULL),(416,'2021-11-19 10:31:24','416@example.com',NULL),(417,'2021-11-19 10:31:24','417@example.com',NULL),(418,'2021-11-19 10:31:25','418@example.com',NULL),(419,'2021-11-19 10:31:25','419@example.com',NULL),(420,'2021-11-19 10:31:25','420@example.com',NULL),(421,'2021-11-19 10:31:25','421@example.com',NULL),(422,'2021-11-19 10:31:26','422@example.com',NULL),(423,'2021-11-19 10:31:26','423@example.com',NULL),(424,'2021-11-19 10:31:26','424@example.com',NULL),(425,'2021-11-19 10:31:26','425@example.com',NULL),(426,'2021-11-19 10:31:26','426@example.com',NULL),(427,'2021-11-19 10:31:27','427@example.com',NULL),(428,'2021-11-19 10:31:27','428@example.com',NULL),(429,'2021-11-19 10:31:27','429@example.com',NULL),(430,'2021-11-19 10:31:27','430@example.com',NULL),(431,'2021-11-19 10:31:27','431@example.com',NULL),(432,'2021-11-19 10:31:28','432@example.com',NULL),(433,'2021-11-19 10:31:28','433@example.com',NULL),(434,'2021-11-19 10:31:28','434@example.com',NULL),(435,'2021-11-19 10:31:28','435@example.com',NULL),(436,'2021-11-19 10:31:29','436@example.com',NULL),(437,'2021-11-19 10:31:29','437@example.com',NULL),(438,'2021-11-19 10:31:29','438@example.com',NULL),(439,'2021-11-19 10:31:29','439@example.com',NULL),(440,'2021-11-19 10:31:30','440@example.com',NULL),(441,'2021-11-19 10:31:30','441@example.com',NULL),(442,'2021-11-19 10:31:30','442@example.com',NULL),(443,'2021-11-19 10:31:30','443@example.com',NULL),(444,'2021-11-19 10:31:30','444@example.com',NULL),(445,'2021-11-19 10:31:31','445@example.com',NULL),(446,'2021-11-19 10:31:31','446@example.com',NULL),(447,'2021-11-19 10:31:31','447@example.com',NULL),(448,'2021-11-19 10:31:31','448@example.com',NULL),(449,'2021-11-19 10:31:31','449@example.com',NULL),(450,'2021-11-19 10:31:32','450@example.com',NULL),(451,'2021-11-19 10:31:32','451@example.com',NULL),(452,'2021-11-19 10:31:32','452@example.com',NULL),(453,'2021-11-19 10:31:32','453@example.com',NULL),(454,'2021-11-19 10:31:33','454@example.com',NULL),(455,'2021-11-19 10:31:33','455@example.com',NULL),(456,'2021-11-19 10:31:33','456@example.com',NULL),(457,'2021-11-19 10:31:33','457@example.com',NULL),(458,'2021-11-19 10:31:33','458@example.com',NULL),(459,'2021-11-19 10:31:34','459@example.com',NULL),(460,'2021-11-19 10:31:34','460@example.com',NULL),(461,'2021-11-19 10:31:34','461@example.com',NULL),(462,'2021-11-19 10:31:34','462@example.com',NULL),(463,'2021-11-19 10:31:34','463@example.com',NULL),(464,'2021-11-19 10:31:35','464@example.com',NULL),(465,'2021-11-19 10:31:35','465@example.com',NULL),(466,'2021-11-19 10:31:35','466@example.com',NULL),(467,'2021-11-19 10:31:35','467@example.com',NULL),(468,'2021-11-19 10:31:35','468@example.com',NULL),(469,'2021-11-19 10:31:36','469@example.com',NULL),(470,'2021-11-19 10:31:36','470@example.com',NULL),(471,'2021-11-19 10:31:36','471@example.com',NULL),(472,'2021-11-19 10:31:36','472@example.com',NULL),(473,'2021-11-19 10:31:37','473@example.com',NULL),(474,'2021-11-19 10:31:37','474@example.com',NULL),(475,'2021-11-19 10:31:37','475@example.com',NULL),(476,'2021-11-19 10:31:37','476@example.com',NULL),(477,'2021-11-19 10:31:37','477@example.com',NULL),(478,'2021-11-19 10:31:38','478@example.com',NULL),(479,'2021-11-19 10:31:38','479@example.com',NULL),(480,'2021-11-19 10:31:38','480@example.com',NULL),(481,'2021-11-19 10:31:38','481@example.com',NULL),(482,'2021-11-19 10:31:39','482@example.com',NULL),(483,'2021-11-19 10:31:39','483@example.com',NULL),(484,'2021-11-19 10:31:39','484@example.com',NULL),(485,'2021-11-19 10:31:39','485@example.com',NULL),(486,'2021-11-19 10:31:39','486@example.com',NULL),(487,'2021-11-19 10:31:40','487@example.com',NULL),(488,'2021-11-19 10:31:40','488@example.com',NULL),(489,'2021-11-19 10:31:40','489@example.com',NULL),(490,'2021-11-19 10:31:40','490@example.com',NULL),(491,'2021-11-19 10:31:41','491@example.com',NULL),(492,'2021-11-19 10:31:41','492@example.com',NULL),(493,'2021-11-19 10:31:41','493@example.com',NULL),(494,'2021-11-19 10:31:41','494@example.com',NULL),(495,'2021-11-19 10:31:41','495@example.com',NULL),(496,'2021-11-19 10:31:42','496@example.com',NULL),(497,'2021-11-19 10:31:42','497@example.com',NULL),(498,'2021-11-19 10:31:42','498@example.com',NULL),(499,'2021-11-19 10:31:42','499@example.com',NULL),(500,'2021-11-19 10:31:42','500@example.com',NULL),(501,'2021-11-19 10:31:43','501@example.com',NULL),(502,'2021-11-19 10:31:43','502@example.com',NULL),(503,'2021-11-19 10:31:43','503@example.com',NULL),(504,'2021-11-19 10:31:43','504@example.com',NULL),(505,'2021-11-19 10:31:44','505@example.com',NULL),(506,'2021-11-19 10:31:44','506@example.com',NULL),(507,'2021-11-19 10:31:44','507@example.com',NULL),(508,'2021-11-19 10:31:44','508@example.com',NULL),(509,'2021-11-19 10:31:44','509@example.com',NULL),(510,'2021-11-19 10:31:45','510@example.com',NULL),(511,'2021-11-19 10:31:45','511@example.com',NULL),(512,'2021-11-19 10:31:45','512@example.com',NULL),(513,'2021-11-19 10:31:45','513@example.com',NULL),(514,'2021-11-19 10:31:45','514@example.com',NULL),(515,'2021-11-19 10:31:46','515@example.com',NULL),(516,'2021-11-19 10:31:46','516@example.com',NULL),(517,'2021-11-19 10:31:46','517@example.com',NULL),(518,'2021-11-19 10:31:46','518@example.com',NULL),(519,'2021-11-19 10:31:46','519@example.com',NULL),(520,'2021-11-19 10:31:47','520@example.com',NULL),(521,'2021-11-19 10:31:47','521@example.com',NULL),(522,'2021-11-19 10:31:47','522@example.com',NULL),(523,'2021-11-19 10:31:47','523@example.com',NULL),(524,'2021-11-19 10:31:47','524@example.com',NULL),(525,'2021-11-19 10:31:48','525@example.com',NULL),(526,'2021-11-19 10:31:48','526@example.com',NULL),(527,'2021-11-19 10:31:48','527@example.com',NULL),(528,'2021-11-19 10:31:48','528@example.com',NULL),(529,'2021-11-19 10:31:49','529@example.com',NULL),(530,'2021-11-19 10:31:49','530@example.com',NULL),(531,'2021-11-19 10:31:49','531@example.com',NULL),(532,'2021-11-19 10:31:49','532@example.com',NULL),(533,'2021-11-19 10:31:50','533@example.com',NULL),(534,'2021-11-19 10:31:50','534@example.com',NULL),(535,'2021-11-19 10:31:50','535@example.com',NULL),(536,'2021-11-19 10:31:50','536@example.com',NULL),(537,'2021-11-19 10:31:50','537@example.com',NULL),(538,'2021-11-19 10:31:51','538@example.com',NULL),(539,'2021-11-19 10:31:51','539@example.com',NULL),(540,'2021-11-19 10:31:51','540@example.com',NULL),(541,'2021-11-19 10:31:51','541@example.com',NULL),(542,'2021-11-19 10:31:52','542@example.com',NULL),(543,'2021-11-19 10:31:52','543@example.com',NULL),(544,'2021-11-19 10:31:52','544@example.com',NULL),(545,'2021-11-19 10:31:52','545@example.com',NULL),(546,'2021-11-19 10:31:52','546@example.com',NULL),(547,'2021-11-19 10:31:53','547@example.com',NULL),(548,'2021-11-19 10:31:53','548@example.com',NULL),(549,'2021-11-19 10:31:53','549@example.com',NULL),(550,'2021-11-19 10:31:53','550@example.com',NULL),(551,'2021-11-19 10:31:54','551@example.com',NULL),(552,'2021-11-19 10:31:54','552@example.com',NULL),(553,'2021-11-19 10:31:54','553@example.com',NULL),(554,'2021-11-19 10:31:54','554@example.com',NULL),(555,'2021-11-19 10:31:55','555@example.com',NULL),(556,'2021-11-19 10:31:55','556@example.com',NULL),(557,'2021-11-19 10:31:55','557@example.com',NULL),(558,'2021-11-19 10:31:55','558@example.com',NULL),(559,'2021-11-19 10:31:55','559@example.com',NULL),(560,'2021-11-19 10:31:56','560@example.com',NULL),(561,'2021-11-19 10:31:56','561@example.com',NULL),(562,'2021-11-19 10:31:56','562@example.com',NULL),(563,'2021-11-19 10:31:56','563@example.com',NULL),(564,'2021-11-19 10:31:56','564@example.com',NULL),(565,'2021-11-19 10:31:57','565@example.com',NULL),(566,'2021-11-19 10:31:57','566@example.com',NULL),(567,'2021-11-19 10:31:57','567@example.com',NULL),(568,'2021-11-19 10:31:57','568@example.com',NULL),(569,'2021-11-19 10:31:57','569@example.com',NULL),(570,'2021-11-19 10:31:58','570@example.com',NULL),(571,'2021-11-19 10:31:58','571@example.com',NULL),(572,'2021-11-19 10:31:58','572@example.com',NULL),(573,'2021-11-19 10:31:58','573@example.com',NULL),(574,'2021-11-19 10:31:58','574@example.com',NULL),(575,'2021-11-19 10:31:59','575@example.com',NULL),(576,'2021-11-19 10:31:59','576@example.com',NULL),(577,'2021-11-19 10:31:59','577@example.com',NULL),(578,'2021-11-19 10:31:59','578@example.com',NULL),(579,'2021-11-19 10:31:59','579@example.com',NULL),(580,'2021-11-19 10:32:00','580@example.com',NULL),(581,'2021-11-19 10:32:00','581@example.com',NULL),(582,'2021-11-19 10:32:00','582@example.com',NULL),(583,'2021-11-19 10:32:00','583@example.com',NULL),(584,'2021-11-19 10:32:00','584@example.com',NULL),(585,'2021-11-19 10:32:01','585@example.com',NULL),(586,'2021-11-19 10:32:01','586@example.com',NULL),(587,'2021-11-19 10:32:01','587@example.com',NULL),(588,'2021-11-19 10:32:01','588@example.com',NULL),(589,'2021-11-19 10:32:02','589@example.com',NULL),(590,'2021-11-19 10:32:02','590@example.com',NULL),(591,'2021-11-19 10:32:02','591@example.com',NULL),(592,'2021-11-19 10:32:02','592@example.com',NULL),(593,'2021-11-19 10:32:02','593@example.com',NULL),(594,'2021-11-19 10:32:03','594@example.com',NULL),(595,'2021-11-19 10:32:03','595@example.com',NULL),(596,'2021-11-19 10:32:03','596@example.com',NULL),(597,'2021-11-19 10:32:03','597@example.com',NULL),(598,'2021-11-19 10:32:03','598@example.com',NULL),(599,'2021-11-19 10:32:04','599@example.com',NULL),(600,'2021-11-19 10:32:04','600@example.com',NULL),(601,'2021-11-19 10:32:04','601@example.com',NULL),(602,'2021-11-19 10:32:04','602@example.com',NULL),(603,'2021-11-19 10:32:05','603@example.com',NULL),(604,'2021-11-19 10:32:05','604@example.com',NULL),(605,'2021-11-19 10:32:05','605@example.com',NULL),(606,'2021-11-19 10:32:05','606@example.com',NULL),(607,'2021-11-19 10:32:06','607@example.com',NULL),(608,'2021-11-19 10:32:06','608@example.com',NULL),(609,'2021-11-19 10:32:06','609@example.com',NULL),(610,'2021-11-19 10:32:06','610@example.com',NULL),(611,'2021-11-19 10:32:06','611@example.com',NULL),(612,'2021-11-19 10:32:07','612@example.com',NULL),(613,'2021-11-19 10:32:07','613@example.com',NULL),(614,'2021-11-19 10:32:07','614@example.com',NULL),(615,'2021-11-19 10:32:07','615@example.com',NULL),(616,'2021-11-19 10:32:07','616@example.com',NULL),(617,'2021-11-19 10:32:08','617@example.com',NULL),(618,'2021-11-19 10:32:08','618@example.com',NULL),(619,'2021-11-19 10:32:08','619@example.com',NULL),(620,'2021-11-19 10:32:08','620@example.com',NULL),(621,'2021-11-19 10:32:08','621@example.com',NULL),(622,'2021-11-19 10:32:09','622@example.com',NULL),(623,'2021-11-19 10:32:09','623@example.com',NULL),(624,'2021-11-19 10:32:09','624@example.com',NULL),(625,'2021-11-19 10:32:09','625@example.com',NULL),(626,'2021-11-19 10:32:10','626@example.com',NULL),(627,'2021-11-19 10:32:10','627@example.com',NULL),(628,'2021-11-19 10:32:10','628@example.com',NULL),(629,'2021-11-19 10:32:10','629@example.com',NULL),(630,'2021-11-19 10:32:10','630@example.com',NULL),(631,'2021-11-19 10:32:11','631@example.com',NULL),(632,'2021-11-19 10:32:11','632@example.com',NULL),(633,'2021-11-19 10:32:11','633@example.com',NULL),(634,'2021-11-19 10:32:11','634@example.com',NULL),(635,'2021-11-19 10:32:11','635@example.com',NULL),(636,'2021-11-19 10:32:12','636@example.com',NULL),(637,'2021-11-19 10:32:12','637@example.com',NULL),(638,'2021-11-19 10:32:12','638@example.com',NULL),(639,'2021-11-19 10:32:12','639@example.com',NULL),(640,'2021-11-19 10:32:12','640@example.com',NULL),(641,'2021-11-19 10:32:13','641@example.com',NULL),(642,'2021-11-19 10:32:13','642@example.com',NULL),(643,'2021-11-19 10:32:13','643@example.com',NULL),(644,'2021-11-19 10:32:13','644@example.com',NULL),(645,'2021-11-19 10:32:14','645@example.com',NULL),(646,'2021-11-19 10:32:14','646@example.com',NULL),(647,'2021-11-19 10:32:14','647@example.com',NULL),(648,'2021-11-19 10:32:14','648@example.com',NULL),(649,'2021-11-19 10:32:15','649@example.com',NULL),(650,'2021-11-19 10:32:15','650@example.com',NULL),(651,'2021-11-19 10:32:15','651@example.com',NULL),(652,'2021-11-19 10:32:15','652@example.com',NULL),(653,'2021-11-19 10:32:16','653@example.com',NULL),(654,'2021-11-19 10:32:16','654@example.com',NULL),(655,'2021-11-19 10:32:16','655@example.com',NULL),(656,'2021-11-19 10:32:16','656@example.com',NULL),(657,'2021-11-19 10:32:17','657@example.com',NULL),(658,'2021-11-19 10:32:17','658@example.com',NULL),(659,'2021-11-19 10:32:17','659@example.com',NULL),(660,'2021-11-19 10:32:17','660@example.com',NULL),(661,'2021-11-19 10:32:17','661@example.com',NULL),(662,'2021-11-19 10:32:18','662@example.com',NULL),(663,'2021-11-19 10:32:18','663@example.com',NULL),(664,'2021-11-19 10:32:18','664@example.com',NULL),(665,'2021-11-19 10:32:18','665@example.com',NULL),(666,'2021-11-19 10:32:18','666@example.com',NULL),(667,'2021-11-19 10:32:19','667@example.com',NULL),(668,'2021-11-19 10:32:19','668@example.com',NULL),(669,'2021-11-19 10:32:19','669@example.com',NULL),(670,'2021-11-19 10:32:19','670@example.com',NULL),(671,'2021-11-19 10:32:20','671@example.com',NULL),(672,'2021-11-19 10:32:20','672@example.com',NULL),(673,'2021-11-19 10:32:20','673@example.com',NULL),(674,'2021-11-19 10:32:20','674@example.com',NULL),(675,'2021-11-19 10:32:20','675@example.com',NULL),(676,'2021-11-19 10:32:21','676@example.com',NULL),(677,'2021-11-19 10:32:21','677@example.com',NULL),(678,'2021-11-19 10:32:21','678@example.com',NULL),(679,'2021-11-19 10:32:21','679@example.com',NULL),(680,'2021-11-19 10:32:22','680@example.com',NULL),(681,'2021-11-19 10:32:22','681@example.com',NULL),(682,'2021-11-19 10:32:22','682@example.com',NULL),(683,'2021-11-19 10:32:22','683@example.com',NULL),(684,'2021-11-19 10:32:22','684@example.com',NULL),(685,'2021-11-19 10:32:23','685@example.com',NULL),(686,'2021-11-19 10:32:23','686@example.com',NULL),(687,'2021-11-19 10:32:23','687@example.com',NULL),(688,'2021-11-19 10:32:23','688@example.com',NULL),(689,'2021-11-19 10:32:23','689@example.com',NULL),(690,'2021-11-19 10:32:24','690@example.com',NULL),(691,'2021-11-19 10:32:24','691@example.com',NULL),(692,'2021-11-19 10:32:24','692@example.com',NULL),(693,'2021-11-19 10:32:24','693@example.com',NULL),(694,'2021-11-19 10:32:25','694@example.com',NULL),(695,'2021-11-19 10:32:25','695@example.com',NULL),(696,'2021-11-19 10:32:25','696@example.com',NULL),(697,'2021-11-19 10:32:25','697@example.com',NULL),(698,'2021-11-19 10:32:25','698@example.com',NULL),(699,'2021-11-19 10:32:26','699@example.com',NULL),(700,'2021-11-19 10:32:26','700@example.com',NULL),(701,'2021-11-19 10:32:26','701@example.com',NULL),(702,'2021-11-19 10:32:26','702@example.com',NULL),(703,'2021-11-19 10:32:27','703@example.com',NULL),(704,'2021-11-19 10:32:27','704@example.com',NULL),(705,'2021-11-19 10:32:27','705@example.com',NULL),(706,'2021-11-19 10:32:27','706@example.com',NULL),(707,'2021-11-19 10:32:28','707@example.com',NULL),(708,'2021-11-19 10:32:28','708@example.com',NULL),(709,'2021-11-19 10:32:28','709@example.com',NULL),(710,'2021-11-19 10:32:28','710@example.com',NULL),(711,'2021-11-19 10:32:28','711@example.com',NULL),(712,'2021-11-19 10:32:29','712@example.com',NULL),(713,'2021-11-19 10:32:29','713@example.com',NULL),(714,'2021-11-19 10:32:29','714@example.com',NULL),(715,'2021-11-19 10:32:29','715@example.com',NULL),(716,'2021-11-19 10:32:30','716@example.com',NULL),(717,'2021-11-19 10:32:30','717@example.com',NULL),(718,'2021-11-19 10:32:30','718@example.com',NULL),(719,'2021-11-19 10:32:30','719@example.com',NULL),(720,'2021-11-19 10:32:30','720@example.com',NULL),(721,'2021-11-19 10:32:31','721@example.com',NULL),(722,'2021-11-19 10:32:31','722@example.com',NULL),(723,'2021-11-19 10:32:31','723@example.com',NULL),(724,'2021-11-19 10:32:31','724@example.com',NULL),(725,'2021-11-19 10:32:31','725@example.com',NULL),(726,'2021-11-19 10:32:32','726@example.com',NULL),(727,'2021-11-19 10:32:32','727@example.com',NULL),(728,'2021-11-19 10:32:32','728@example.com',NULL),(729,'2021-11-19 10:32:32','729@example.com',NULL),(730,'2021-11-19 10:32:33','730@example.com',NULL),(731,'2021-11-19 10:32:33','731@example.com',NULL),(732,'2021-11-19 10:32:33','732@example.com',NULL),(733,'2021-11-19 10:32:33','733@example.com',NULL),(734,'2021-11-19 10:32:33','734@example.com',NULL),(735,'2021-11-19 10:32:34','735@example.com',NULL),(736,'2021-11-19 10:32:34','736@example.com',NULL),(737,'2021-11-19 10:32:34','737@example.com',NULL),(738,'2021-11-19 10:32:34','738@example.com',NULL),(739,'2021-11-19 10:32:35','739@example.com',NULL),(740,'2021-11-19 10:32:35','740@example.com',NULL),(741,'2021-11-19 10:32:35','741@example.com',NULL),(742,'2021-11-19 10:32:35','742@example.com',NULL),(743,'2021-11-19 10:32:36','743@example.com',NULL),(744,'2021-11-19 10:32:36','744@example.com',NULL),(745,'2021-11-19 10:32:36','745@example.com',NULL),(746,'2021-11-19 10:32:36','746@example.com',NULL),(747,'2021-11-19 10:32:37','747@example.com',NULL),(748,'2021-11-19 10:32:37','748@example.com',NULL),(749,'2021-11-19 10:32:37','749@example.com',NULL),(750,'2021-11-19 10:32:37','750@example.com',NULL),(751,'2021-11-19 10:32:37','751@example.com',NULL),(752,'2021-11-19 10:32:38','752@example.com',NULL),(753,'2021-11-19 10:32:38','753@example.com',NULL),(754,'2021-11-19 10:32:38','754@example.com',NULL),(755,'2021-11-19 10:32:38','755@example.com',NULL),(756,'2021-11-19 10:32:39','756@example.com',NULL),(757,'2021-11-19 10:32:39','757@example.com',NULL),(758,'2021-11-19 10:32:39','758@example.com',NULL),(759,'2021-11-19 10:32:39','759@example.com',NULL),(760,'2021-11-19 10:32:39','760@example.com',NULL),(761,'2021-11-19 10:32:40','761@example.com',NULL),(762,'2021-11-19 10:32:40','762@example.com',NULL),(763,'2021-11-19 10:32:40','763@example.com',NULL),(764,'2021-11-19 10:32:40','764@example.com',NULL),(765,'2021-11-19 10:32:41','765@example.com',NULL),(766,'2021-11-19 10:32:41','766@example.com',NULL),(767,'2021-11-19 10:32:41','767@example.com',NULL),(768,'2021-11-19 10:32:41','768@example.com',NULL),(769,'2021-11-19 10:32:42','769@example.com',NULL),(770,'2021-11-19 10:32:42','770@example.com',NULL),(771,'2021-11-19 10:32:42','771@example.com',NULL),(772,'2021-11-19 10:32:42','772@example.com',NULL),(773,'2021-11-19 10:32:42','773@example.com',NULL),(774,'2021-11-19 10:32:43','774@example.com',NULL),(775,'2021-11-19 10:32:43','775@example.com',NULL),(776,'2021-11-19 10:32:43','776@example.com',NULL),(777,'2021-11-19 10:32:43','777@example.com',NULL),(778,'2021-11-19 10:32:43','778@example.com',NULL),(779,'2021-11-19 10:32:44','779@example.com',NULL),(780,'2021-11-19 10:32:44','780@example.com',NULL),(781,'2021-11-19 10:32:44','781@example.com',NULL),(782,'2021-11-19 10:32:44','782@example.com',NULL),(783,'2021-11-19 10:32:44','783@example.com',NULL),(784,'2021-11-19 10:32:45','784@example.com',NULL),(785,'2021-11-19 10:32:45','785@example.com',NULL),(786,'2021-11-19 10:32:45','786@example.com',NULL),(787,'2021-11-19 10:32:45','787@example.com',NULL),(788,'2021-11-19 10:32:46','788@example.com',NULL),(789,'2021-11-19 10:32:46','789@example.com',NULL),(790,'2021-11-19 10:32:46','790@example.com',NULL),(791,'2021-11-19 10:32:46','791@example.com',NULL),(792,'2021-11-19 10:32:46','792@example.com',NULL),(793,'2021-11-19 10:32:47','793@example.com',NULL),(794,'2021-11-19 10:32:47','794@example.com',NULL),(795,'2021-11-19 10:32:47','795@example.com',NULL),(796,'2021-11-19 10:32:47','796@example.com',NULL),(797,'2021-11-19 10:32:47','797@example.com',NULL),(798,'2021-11-19 10:32:48','798@example.com',NULL),(799,'2021-11-19 10:32:48','799@example.com',NULL),(800,'2021-11-19 10:32:48','800@example.com',NULL),(801,'2021-11-19 10:32:48','801@example.com',NULL),(802,'2021-11-19 10:32:49','802@example.com',NULL),(803,'2021-11-19 10:32:49','803@example.com',NULL),(804,'2021-11-19 10:32:49','804@example.com',NULL),(805,'2021-11-19 10:32:49','805@example.com',NULL),(806,'2021-11-19 10:32:49','806@example.com',NULL),(807,'2021-11-19 10:32:50','807@example.com',NULL),(808,'2021-11-19 10:32:50','808@example.com',NULL),(809,'2021-11-19 10:32:50','809@example.com',NULL),(810,'2021-11-19 10:32:50','810@example.com',NULL),(811,'2021-11-19 10:32:51','811@example.com',NULL),(812,'2021-11-19 10:32:51','812@example.com',NULL),(813,'2021-11-19 10:32:51','813@example.com',NULL),(814,'2021-11-19 10:32:51','814@example.com',NULL),(815,'2021-11-19 10:32:51','815@example.com',NULL),(816,'2021-11-19 10:32:52','816@example.com',NULL),(817,'2021-11-19 10:32:52','817@example.com',NULL),(818,'2021-11-19 10:32:52','818@example.com',NULL),(819,'2021-11-19 10:32:52','819@example.com',NULL),(820,'2021-11-19 10:32:53','820@example.com',NULL),(821,'2021-11-19 10:32:53','821@example.com',NULL),(822,'2021-11-19 10:32:53','822@example.com',NULL),(823,'2021-11-19 10:32:53','823@example.com',NULL),(824,'2021-11-19 10:32:53','824@example.com',NULL),(825,'2021-11-19 10:32:54','825@example.com',NULL),(826,'2021-11-19 10:32:54','826@example.com',NULL),(827,'2021-11-19 10:32:54','827@example.com',NULL),(828,'2021-11-19 10:32:54','828@example.com',NULL),(829,'2021-11-19 10:32:55','829@example.com',NULL),(830,'2021-11-19 10:32:55','830@example.com',NULL),(831,'2021-11-19 10:32:55','831@example.com',NULL),(832,'2021-11-19 10:32:55','832@example.com',NULL),(833,'2021-11-19 10:32:55','833@example.com',NULL),(834,'2021-11-19 10:32:56','834@example.com',NULL),(835,'2021-11-19 10:32:56','835@example.com',NULL),(836,'2021-11-19 10:32:56','836@example.com',NULL),(837,'2021-11-19 10:32:56','837@example.com',NULL),(838,'2021-11-19 10:32:57','838@example.com',NULL),(839,'2021-11-19 10:32:57','839@example.com',NULL),(840,'2021-11-19 10:32:57','840@example.com',NULL),(841,'2021-11-19 10:32:57','841@example.com',NULL),(842,'2021-11-19 10:32:57','842@example.com',NULL),(843,'2021-11-19 10:32:58','843@example.com',NULL),(844,'2021-11-19 10:32:58','844@example.com',NULL),(845,'2021-11-19 10:32:58','845@example.com',NULL),(846,'2021-11-19 10:32:58','846@example.com',NULL),(847,'2021-11-19 10:32:59','847@example.com',NULL),(848,'2021-11-19 10:32:59','848@example.com',NULL),(849,'2021-11-19 10:32:59','849@example.com',NULL),(850,'2021-11-19 10:32:59','850@example.com',NULL),(851,'2021-11-19 10:32:59','851@example.com',NULL),(852,'2021-11-19 10:33:00','852@example.com',NULL),(853,'2021-11-19 10:33:00','853@example.com',NULL),(854,'2021-11-19 10:33:00','854@example.com',NULL),(855,'2021-11-19 10:33:00','855@example.com',NULL),(856,'2021-11-19 10:33:01','856@example.com',NULL),(857,'2021-11-19 10:33:01','857@example.com',NULL),(858,'2021-11-19 10:33:01','858@example.com',NULL),(859,'2021-11-19 10:33:01','859@example.com',NULL),(860,'2021-11-19 10:33:01','860@example.com',NULL),(861,'2021-11-19 10:33:02','861@example.com',NULL),(862,'2021-11-19 10:33:02','862@example.com',NULL),(863,'2021-11-19 10:33:02','863@example.com',NULL),(864,'2021-11-19 10:33:02','864@example.com',NULL),(865,'2021-11-19 10:33:02','865@example.com',NULL),(866,'2021-11-19 10:33:03','866@example.com',NULL),(867,'2021-11-19 10:33:03','867@example.com',NULL),(868,'2021-11-19 10:33:03','868@example.com',NULL),(869,'2021-11-19 10:33:03','869@example.com',NULL),(870,'2021-11-19 10:33:04','870@example.com',NULL),(871,'2021-11-19 10:33:04','871@example.com',NULL),(872,'2021-11-19 10:33:04','872@example.com',NULL),(873,'2021-11-19 10:33:04','873@example.com',NULL),(874,'2021-11-19 10:33:04','874@example.com',NULL),(875,'2021-11-19 10:33:05','875@example.com',NULL),(876,'2021-11-19 10:33:05','876@example.com',NULL),(877,'2021-11-19 10:33:05','877@example.com',NULL),(878,'2021-11-19 10:33:05','878@example.com',NULL),(879,'2021-11-19 10:33:06','879@example.com',NULL),(880,'2021-11-19 10:33:06','880@example.com',NULL),(881,'2021-11-19 10:33:06','881@example.com',NULL),(882,'2021-11-19 10:33:06','882@example.com',NULL),(883,'2021-11-19 10:33:06','883@example.com',NULL),(884,'2021-11-19 10:33:07','884@example.com',NULL),(885,'2021-11-19 10:33:07','885@example.com',NULL),(886,'2021-11-19 10:33:07','886@example.com',NULL),(887,'2021-11-19 10:33:07','887@example.com',NULL),(888,'2021-11-19 10:33:08','888@example.com',NULL),(889,'2021-11-19 10:33:08','889@example.com',NULL),(890,'2021-11-19 10:33:08','890@example.com',NULL),(891,'2021-11-19 10:33:08','891@example.com',NULL),(892,'2021-11-19 10:33:08','892@example.com',NULL),(893,'2021-11-19 10:33:09','893@example.com',NULL),(894,'2021-11-19 10:33:09','894@example.com',NULL),(895,'2021-11-19 10:33:09','895@example.com',NULL),(896,'2021-11-19 10:33:09','896@example.com',NULL),(897,'2021-11-19 10:33:10','897@example.com',NULL),(898,'2021-11-19 10:33:10','898@example.com',NULL),(899,'2021-11-19 10:33:10','899@example.com',NULL),(900,'2021-11-19 10:33:10','900@example.com',NULL),(901,'2021-11-19 10:33:10','901@example.com',NULL),(902,'2021-11-19 10:33:11','902@example.com',NULL),(903,'2021-11-19 10:33:11','903@example.com',NULL),(904,'2021-11-19 10:33:11','904@example.com',NULL),(905,'2021-11-19 10:33:11','905@example.com',NULL),(906,'2021-11-19 10:33:12','906@example.com',NULL),(907,'2021-11-19 10:33:12','907@example.com',NULL),(908,'2021-11-19 10:33:12','908@example.com',NULL),(909,'2021-11-19 10:33:12','909@example.com',NULL),(910,'2021-11-19 10:33:12','910@example.com',NULL),(911,'2021-11-19 10:33:13','911@example.com',NULL),(912,'2021-11-19 10:33:13','912@example.com',NULL),(913,'2021-11-19 10:33:13','913@example.com',NULL),(914,'2021-11-19 10:33:13','914@example.com',NULL),(915,'2021-11-19 10:33:14','915@example.com',NULL),(916,'2021-11-19 10:33:14','916@example.com',NULL),(917,'2021-11-19 10:33:14','917@example.com',NULL),(918,'2021-11-19 10:33:14','918@example.com',NULL),(919,'2021-11-19 10:33:15','919@example.com',NULL),(920,'2021-11-19 10:33:15','920@example.com',NULL),(921,'2021-11-19 10:33:15','921@example.com',NULL),(922,'2021-11-19 10:33:15','922@example.com',NULL),(923,'2021-11-19 10:33:15','923@example.com',NULL),(924,'2021-11-19 10:33:16','924@example.com',NULL),(925,'2021-11-19 10:33:16','925@example.com',NULL),(926,'2021-11-19 10:33:16','926@example.com',NULL),(927,'2021-11-19 10:33:16','927@example.com',NULL),(928,'2021-11-19 10:33:17','928@example.com',NULL),(929,'2021-11-19 10:33:17','929@example.com',NULL),(930,'2021-11-19 10:33:17','930@example.com',NULL),(931,'2021-11-19 10:33:17','931@example.com',NULL),(932,'2021-11-19 10:33:18','932@example.com',NULL),(933,'2021-11-19 10:33:18','933@example.com',NULL),(934,'2021-11-19 10:33:18','934@example.com',NULL),(935,'2021-11-19 10:33:18','935@example.com',NULL),(936,'2021-11-19 10:33:19','936@example.com',NULL),(937,'2021-11-19 10:33:19','937@example.com',NULL),(938,'2021-11-19 10:33:19','938@example.com',NULL),(939,'2021-11-19 10:33:19','939@example.com',NULL),(940,'2021-11-19 10:33:19','940@example.com',NULL),(941,'2021-11-19 10:33:20','941@example.com',NULL),(942,'2021-11-19 10:33:20','942@example.com',NULL),(943,'2021-11-19 10:33:20','943@example.com',NULL),(944,'2021-11-19 10:33:20','944@example.com',NULL),(945,'2021-11-19 10:33:21','945@example.com',NULL),(946,'2021-11-19 10:33:21','946@example.com',NULL),(947,'2021-11-19 10:33:21','947@example.com',NULL),(948,'2021-11-19 10:33:21','948@example.com',NULL),(949,'2021-11-19 10:33:21','949@example.com',NULL),(950,'2021-11-19 10:33:22','950@example.com',NULL),(951,'2021-11-19 10:33:22','951@example.com',NULL),(952,'2021-11-19 10:33:22','952@example.com',NULL),(953,'2021-11-19 10:33:22','953@example.com',NULL),(954,'2021-11-19 10:33:23','954@example.com',NULL),(955,'2021-11-19 10:33:23','955@example.com',NULL),(956,'2021-11-19 10:33:23','956@example.com',NULL),(957,'2021-11-19 10:33:23','957@example.com',NULL),(958,'2021-11-19 10:33:23','958@example.com',NULL),(959,'2021-11-19 10:33:24','959@example.com',NULL),(960,'2021-11-19 10:33:24','960@example.com',NULL),(961,'2021-11-19 10:33:24','961@example.com',NULL),(962,'2021-11-19 10:33:24','962@example.com',NULL),(963,'2021-11-19 10:33:25','963@example.com',NULL),(964,'2021-11-19 10:33:25','964@example.com',NULL),(965,'2021-11-19 10:33:25','965@example.com',NULL),(966,'2021-11-19 10:33:25','966@example.com',NULL),(967,'2021-11-19 10:33:26','967@example.com',NULL),(968,'2021-11-19 10:33:26','968@example.com',NULL),(969,'2021-11-19 10:33:26','969@example.com',NULL),(970,'2021-11-19 10:33:26','970@example.com',NULL),(971,'2021-11-19 10:33:26','971@example.com',NULL),(972,'2021-11-19 10:33:27','972@example.com',NULL),(973,'2021-11-19 10:33:27','973@example.com',NULL),(974,'2021-11-19 10:33:27','974@example.com',NULL),(975,'2021-11-19 10:33:27','975@example.com',NULL),(976,'2021-11-19 10:33:28','976@example.com',NULL),(977,'2021-11-19 10:33:28','977@example.com',NULL),(978,'2021-11-19 10:33:28','978@example.com',NULL),(979,'2021-11-19 10:33:28','979@example.com',NULL),(980,'2021-11-19 10:33:29','980@example.com',NULL),(981,'2021-11-19 10:33:29','981@example.com',NULL),(982,'2021-11-19 10:33:29','982@example.com',NULL),(983,'2021-11-19 10:33:29','983@example.com',NULL),(984,'2021-11-19 10:33:30','984@example.com',NULL),(985,'2021-11-19 10:33:30','985@example.com',NULL),(986,'2021-11-19 10:33:30','986@example.com',NULL),(987,'2021-11-19 10:33:30','987@example.com',NULL),(988,'2021-11-19 10:33:30','988@example.com',NULL),(989,'2021-11-19 10:33:31','989@example.com',NULL),(990,'2021-11-19 10:33:31','990@example.com',NULL),(991,'2021-11-19 10:33:31','991@example.com',NULL),(992,'2021-11-19 10:33:31','992@example.com',NULL),(993,'2021-11-19 10:33:31','993@example.com',NULL),(994,'2021-11-19 10:33:32','994@example.com',NULL),(995,'2021-11-19 10:33:32','995@example.com',NULL),(996,'2021-11-19 10:33:32','996@example.com',NULL),(997,'2021-11-19 10:33:32','997@example.com',NULL),(998,'2021-11-19 10:33:32','998@example.com',NULL),(999,'2021-11-19 10:33:33','999@example.com',NULL),(1000,'2021-11-19 10:33:33','1000@example.com',NULL),(1001,'2021-11-19 10:33:33','1001@example.com',NULL),(1002,'2021-11-19 10:33:33','1002@example.com',NULL),(1003,'2021-11-19 10:33:34','1003@example.com',NULL),(1004,'2021-11-19 10:33:34','1004@example.com',NULL),(1005,'2021-11-19 10:33:34','1005@example.com',NULL),(1006,'2021-11-19 10:33:34','1006@example.com',NULL),(1007,'2021-11-19 10:33:34','1007@example.com',NULL),(1008,'2021-11-19 10:33:35','1008@example.com',NULL),(1009,'2021-11-19 10:33:35','1009@example.com',NULL),(1010,'2021-11-19 10:33:35','1010@example.com',NULL),(1011,'2021-11-19 10:33:35','1011@example.com',NULL),(1012,'2021-11-19 10:33:36','1012@example.com',NULL),(1013,'2021-11-19 10:33:36','1013@example.com',NULL),(1014,'2021-11-19 10:33:36','1014@example.com',NULL),(1015,'2021-11-19 10:33:36','1015@example.com',NULL),(1016,'2021-11-19 10:33:36','1016@example.com',NULL),(1017,'2021-11-19 10:33:37','1017@example.com',NULL),(1018,'2021-11-19 10:33:37','1018@example.com',NULL),(1019,'2021-11-19 10:33:37','1019@example.com',NULL),(1020,'2021-11-19 10:33:37','1020@example.com',NULL),(1021,'2021-11-19 10:33:38','1021@example.com',NULL),(1022,'2021-11-19 10:33:38','1022@example.com',NULL),(1023,'2021-11-19 10:33:38','1023@example.com',NULL),(1024,'2021-11-19 10:33:38','1024@example.com',NULL);
/*!40000 ALTER TABLE `BLC_EMAIL_TRACKING` ENABLE KEYS */;
UNLOCK TABLES;

--
-- Table structure for table `BLC_EMAIL_TRACKING_CLICKS`
--

DROP TABLE IF EXISTS `BLC_EMAIL_TRACKING_CLICKS`;
/*!40101 SET @saved_cs_client     = @@character_set_client */;
/*!40101 SET character_set_client = utf8 */;
CREATE TABLE `BLC_EMAIL_TRACKING_CLICKS` (
  `CLICK_ID` bigint(20) NOT NULL,
  `CUSTOMER_ID` varchar(255) DEFAULT NULL,
  `DATE_CLICKED` datetime NOT NULL,
  `DESTINATION_URI` varchar(255) DEFAULT NULL,
  `QUERY_STRING` varchar(255) DEFAULT NULL,
  `EMAIL_TRACKING_ID` bigint(20) NOT NULL,
  PRIMARY KEY (`CLICK_ID`),
  KEY `TRACKINGCLICKS_CUSTOMER_INDEX` (`CUSTOMER_ID`),
  KEY `TRACKINGCLICKS_TRACKING_INDEX` (`EMAIL_TRACKING_ID`),
  CONSTRAINT `FK3jed270645ahspuibr8wau0po` FOREIGN KEY (`EMAIL_TRACKING_ID`) REFERENCES `BLC_EMAIL_TRACKING` (`EMAIL_TRACKING_ID`)
) ENGINE=InnoDB DEFAULT CHARSET=latin1;
/*!40101 SET character_set_client = @saved_cs_client */;

--
-- Dumping data for table `BLC_EMAIL_TRACKING_CLICKS`
--

LOCK TABLES `BLC_EMAIL_TRACKING_CLICKS` WRITE;
/*!40000 ALTER TABLE `BLC_EMAIL_TRACKING_CLICKS` DISABLE KEYS */;
/*!40000 ALTER TABLE `BLC_EMAIL_TRACKING_CLICKS` ENABLE KEYS */;
UNLOCK TABLES;

--
-- Table structure for table `BLC_EMAIL_TRACKING_OPENS`
--

DROP TABLE IF EXISTS `BLC_EMAIL_TRACKING_OPENS`;
/*!40101 SET @saved_cs_client     = @@character_set_client */;
/*!40101 SET character_set_client = utf8 */;
CREATE TABLE `BLC_EMAIL_TRACKING_OPENS` (
  `OPEN_ID` bigint(20) NOT NULL,
  `DATE_OPENED` datetime DEFAULT NULL,
  `USER_AGENT` varchar(255) DEFAULT NULL,
  `EMAIL_TRACKING_ID` bigint(20) DEFAULT NULL,
  PRIMARY KEY (`OPEN_ID`),
  KEY `TRACKINGOPEN_TRACKING` (`EMAIL_TRACKING_ID`),
  CONSTRAINT `FKt6fi06g4y7riiqeyuhb0t659n` FOREIGN KEY (`EMAIL_TRACKING_ID`) REFERENCES `BLC_EMAIL_TRACKING` (`EMAIL_TRACKING_ID`)
) ENGINE=InnoDB DEFAULT CHARSET=latin1;
/*!40101 SET character_set_client = @saved_cs_client */;

--
-- Dumping data for table `BLC_EMAIL_TRACKING_OPENS`
--

LOCK TABLES `BLC_EMAIL_TRACKING_OPENS` WRITE;
/*!40000 ALTER TABLE `BLC_EMAIL_TRACKING_OPENS` DISABLE KEYS */;
/*!40000 ALTER TABLE `BLC_EMAIL_TRACKING_OPENS` ENABLE KEYS */;
UNLOCK TABLES;

--
-- Table structure for table `BLC_FG_ADJUSTMENT`
--

DROP TABLE IF EXISTS `BLC_FG_ADJUSTMENT`;
/*!40101 SET @saved_cs_client     = @@character_set_client */;
/*!40101 SET character_set_client = utf8 */;
CREATE TABLE `BLC_FG_ADJUSTMENT` (
  `FG_ADJUSTMENT_ID` bigint(20) NOT NULL,
  `ADJUSTMENT_REASON` varchar(255) NOT NULL,
  `ADJUSTMENT_VALUE` decimal(19,5) NOT NULL,
  `FULFILLMENT_GROUP_ID` bigint(20) DEFAULT NULL,
  `OFFER_ID` bigint(20) NOT NULL,
  PRIMARY KEY (`FG_ADJUSTMENT_ID`),
  KEY `FGADJUSTMENT_INDEX` (`FULFILLMENT_GROUP_ID`),
  KEY `FGADJUSTMENT_OFFER_INDEX` (`OFFER_ID`),
  CONSTRAINT `FK2ceuqqy88te84f61f0n7kvaw1` FOREIGN KEY (`FULFILLMENT_GROUP_ID`) REFERENCES `BLC_FULFILLMENT_GROUP` (`FULFILLMENT_GROUP_ID`),
  CONSTRAINT `FKt0l1mgyccsuq76n8b0b6pc9a9` FOREIGN KEY (`OFFER_ID`) REFERENCES `BLC_OFFER` (`OFFER_ID`)
) ENGINE=InnoDB DEFAULT CHARSET=latin1;
/*!40101 SET character_set_client = @saved_cs_client */;

--
-- Dumping data for table `BLC_FG_ADJUSTMENT`
--

LOCK TABLES `BLC_FG_ADJUSTMENT` WRITE;
/*!40000 ALTER TABLE `BLC_FG_ADJUSTMENT` DISABLE KEYS */;
/*!40000 ALTER TABLE `BLC_FG_ADJUSTMENT` ENABLE KEYS */;
UNLOCK TABLES;

--
-- Table structure for table `BLC_FG_FEE_TAX_XREF`
--

DROP TABLE IF EXISTS `BLC_FG_FEE_TAX_XREF`;
/*!40101 SET @saved_cs_client     = @@character_set_client */;
/*!40101 SET character_set_client = utf8 */;
CREATE TABLE `BLC_FG_FEE_TAX_XREF` (
  `FULFILLMENT_GROUP_FEE_ID` bigint(20) NOT NULL,
  `TAX_DETAIL_ID` bigint(20) NOT NULL,
  UNIQUE KEY `UK_59ow3plvbkxjfs57k92ahf3eg` (`TAX_DETAIL_ID`),
  KEY `FK2t3oa9322dqgya6r27pb2bcsd` (`FULFILLMENT_GROUP_FEE_ID`),
  CONSTRAINT `FK1aueplsngm018mlqqq9yhgrn6` FOREIGN KEY (`TAX_DETAIL_ID`) REFERENCES `BLC_TAX_DETAIL` (`TAX_DETAIL_ID`),
  CONSTRAINT `FK2t3oa9322dqgya6r27pb2bcsd` FOREIGN KEY (`FULFILLMENT_GROUP_FEE_ID`) REFERENCES `BLC_FULFILLMENT_GROUP_FEE` (`FULFILLMENT_GROUP_FEE_ID`)
) ENGINE=InnoDB DEFAULT CHARSET=latin1;
/*!40101 SET character_set_client = @saved_cs_client */;

--
-- Dumping data for table `BLC_FG_FEE_TAX_XREF`
--

LOCK TABLES `BLC_FG_FEE_TAX_XREF` WRITE;
/*!40000 ALTER TABLE `BLC_FG_FEE_TAX_XREF` DISABLE KEYS */;
/*!40000 ALTER TABLE `BLC_FG_FEE_TAX_XREF` ENABLE KEYS */;
UNLOCK TABLES;

--
-- Table structure for table `BLC_FG_FG_TAX_XREF`
--

DROP TABLE IF EXISTS `BLC_FG_FG_TAX_XREF`;
/*!40101 SET @saved_cs_client     = @@character_set_client */;
/*!40101 SET character_set_client = utf8 */;
CREATE TABLE `BLC_FG_FG_TAX_XREF` (
  `FULFILLMENT_GROUP_ID` bigint(20) NOT NULL,
  `TAX_DETAIL_ID` bigint(20) NOT NULL,
  UNIQUE KEY `UK_57834q276cjrrnwjj1ilnj6ve` (`TAX_DETAIL_ID`),
  KEY `FKnah3gdurbtogb0s9sf3humt14` (`FULFILLMENT_GROUP_ID`),
  CONSTRAINT `FKla7cgvy244irmood3xt8rpsjb` FOREIGN KEY (`TAX_DETAIL_ID`) REFERENCES `BLC_TAX_DETAIL` (`TAX_DETAIL_ID`),
  CONSTRAINT `FKnah3gdurbtogb0s9sf3humt14` FOREIGN KEY (`FULFILLMENT_GROUP_ID`) REFERENCES `BLC_FULFILLMENT_GROUP` (`FULFILLMENT_GROUP_ID`)
) ENGINE=InnoDB DEFAULT CHARSET=latin1;
/*!40101 SET character_set_client = @saved_cs_client */;

--
-- Dumping data for table `BLC_FG_FG_TAX_XREF`
--

LOCK TABLES `BLC_FG_FG_TAX_XREF` WRITE;
/*!40000 ALTER TABLE `BLC_FG_FG_TAX_XREF` DISABLE KEYS */;
/*!40000 ALTER TABLE `BLC_FG_FG_TAX_XREF` ENABLE KEYS */;
UNLOCK TABLES;

--
-- Table structure for table `BLC_FG_ITEM_TAX_XREF`
--

DROP TABLE IF EXISTS `BLC_FG_ITEM_TAX_XREF`;
/*!40101 SET @saved_cs_client     = @@character_set_client */;
/*!40101 SET character_set_client = utf8 */;
CREATE TABLE `BLC_FG_ITEM_TAX_XREF` (
  `FULFILLMENT_GROUP_ITEM_ID` bigint(20) NOT NULL,
  `TAX_DETAIL_ID` bigint(20) NOT NULL,
  UNIQUE KEY `UK_hs9yvwvlwdy668hf186rgfyvq` (`TAX_DETAIL_ID`),
  KEY `FKl5kovj2ayfp7idroml0qjwan3` (`FULFILLMENT_GROUP_ITEM_ID`),
  CONSTRAINT `FKb5rnxtly8pr3ihvlrxlovnjkb` FOREIGN KEY (`TAX_DETAIL_ID`) REFERENCES `BLC_TAX_DETAIL` (`TAX_DETAIL_ID`),
  CONSTRAINT `FKl5kovj2ayfp7idroml0qjwan3` FOREIGN KEY (`FULFILLMENT_GROUP_ITEM_ID`) REFERENCES `BLC_FULFILLMENT_GROUP_ITEM` (`FULFILLMENT_GROUP_ITEM_ID`)
) ENGINE=InnoDB DEFAULT CHARSET=latin1;
/*!40101 SET character_set_client = @saved_cs_client */;

--
-- Dumping data for table `BLC_FG_ITEM_TAX_XREF`
--

LOCK TABLES `BLC_FG_ITEM_TAX_XREF` WRITE;
/*!40000 ALTER TABLE `BLC_FG_ITEM_TAX_XREF` DISABLE KEYS */;
/*!40000 ALTER TABLE `BLC_FG_ITEM_TAX_XREF` ENABLE KEYS */;
UNLOCK TABLES;

--
-- Table structure for table `BLC_FIELD`
--

DROP TABLE IF EXISTS `BLC_FIELD`;
/*!40101 SET @saved_cs_client     = @@character_set_client */;
/*!40101 SET character_set_client = utf8 */;
CREATE TABLE `BLC_FIELD` (
  `FIELD_ID` bigint(20) NOT NULL,
  `ABBREVIATION` varchar(255) DEFAULT NULL,
  `CREATED_BY` bigint(20) DEFAULT NULL,
  `DATE_CREATED` datetime DEFAULT NULL,
  `DATE_UPDATED` datetime DEFAULT NULL,
  `UPDATED_BY` bigint(20) DEFAULT NULL,
  `ENTITY_TYPE` varchar(255) NOT NULL,
  `FRIENDLY_NAME` varchar(255) DEFAULT NULL,
  `OVERRIDE_GENERATED_PROP_NAME` bit(1) DEFAULT NULL,
  `PROPERTY_NAME` varchar(255) NOT NULL,
  `TRANSLATABLE` bit(1) DEFAULT NULL,
  PRIMARY KEY (`FIELD_ID`),
  KEY `ENTITY_TYPE_INDEX` (`ENTITY_TYPE`)
) ENGINE=InnoDB DEFAULT CHARSET=latin1;
/*!40101 SET character_set_client = @saved_cs_client */;

--
-- Dumping data for table `BLC_FIELD`
--

LOCK TABLES `BLC_FIELD` WRITE;
/*!40000 ALTER TABLE `BLC_FIELD` DISABLE KEYS */;
INSERT INTO `BLC_FIELD` VALUES (1,'mfg',NULL,NULL,NULL,NULL,'PRODUCT','Manufacturer',NULL,'manufacturer',NULL),(2,'heatRange',NULL,NULL,NULL,NULL,'PRODUCT','Heat Range',NULL,'productAttributes(heatRange).value',NULL),(3,'price',NULL,NULL,NULL,NULL,'PRODUCT','Price',NULL,'defaultSku.price',NULL),(4,'name',NULL,NULL,NULL,NULL,'PRODUCT','Product Name',NULL,'defaultSku.name',_binary ''),(5,'model',NULL,NULL,NULL,NULL,'PRODUCT','Model',NULL,'model',NULL),(6,'desc',NULL,NULL,NULL,NULL,'PRODUCT','Description',NULL,'defaultSku.description',_binary ''),(7,'ldesc',NULL,NULL,NULL,NULL,'PRODUCT','Long Description',NULL,'defaultSku.longDescription',_binary ''),(8,'color',NULL,NULL,NULL,NULL,'PRODUCT','Color',NULL,'productOptionValuesMap(COLOR)',NULL),(9,'margin',NULL,NULL,NULL,NULL,'PRODUCT','Margin',NULL,'margin',NULL);
/*!40000 ALTER TABLE `BLC_FIELD` ENABLE KEYS */;
UNLOCK TABLES;

--
-- Table structure for table `BLC_FLD_DEF`
--

DROP TABLE IF EXISTS `BLC_FLD_DEF`;
/*!40101 SET @saved_cs_client     = @@character_set_client */;
/*!40101 SET character_set_client = utf8 */;
CREATE TABLE `BLC_FLD_DEF` (
  `FLD_DEF_ID` bigint(20) NOT NULL,
  `ALLOW_MULTIPLES` bit(1) DEFAULT NULL,
  `COLUMN_WIDTH` varchar(255) DEFAULT NULL,
  `FLD_ORDER` int(11) DEFAULT NULL,
  `FLD_TYPE` varchar(255) DEFAULT NULL,
  `FRIENDLY_NAME` varchar(255) DEFAULT NULL,
  `HELP_TEXT` varchar(255) DEFAULT NULL,
  `HIDDEN_FLAG` bit(1) DEFAULT NULL,
  `HINT` varchar(255) DEFAULT NULL,
  `MAX_LENGTH` int(11) DEFAULT NULL,
  `NAME` varchar(255) DEFAULT NULL,
  `REQUIRED_FLAG` bit(1) DEFAULT NULL,
  `SECURITY_LEVEL` varchar(255) DEFAULT NULL,
  `TEXT_AREA_FLAG` bit(1) DEFAULT NULL,
  `TOOLTIP` varchar(255) DEFAULT NULL,
  `VLDTN_ERROR_MSSG_KEY` varchar(255) DEFAULT NULL,
  `VLDTN_REGEX` varchar(255) DEFAULT NULL,
  `ENUM_ID` bigint(20) DEFAULT NULL,
  `FLD_GROUP_ID` bigint(20) DEFAULT NULL,
  PRIMARY KEY (`FLD_DEF_ID`),
  KEY `FK3p9sauu111ycv4gbk6tymcj9e` (`ENUM_ID`),
  KEY `FKcqfi7hxwka5y9sqqoiolsnssr` (`FLD_GROUP_ID`),
  CONSTRAINT `FK3p9sauu111ycv4gbk6tymcj9e` FOREIGN KEY (`ENUM_ID`) REFERENCES `BLC_DATA_DRVN_ENUM` (`ENUM_ID`),
  CONSTRAINT `FKcqfi7hxwka5y9sqqoiolsnssr` FOREIGN KEY (`FLD_GROUP_ID`) REFERENCES `BLC_FLD_GROUP` (`FLD_GROUP_ID`)
) ENGINE=InnoDB DEFAULT CHARSET=latin1;
/*!40101 SET character_set_client = @saved_cs_client */;

--
-- Dumping data for table `BLC_FLD_DEF`
--

LOCK TABLES `BLC_FLD_DEF` WRITE;
/*!40000 ALTER TABLE `BLC_FLD_DEF` DISABLE KEYS */;
INSERT INTO `BLC_FLD_DEF` VALUES (2,_binary '\0','*',1,'HTML','Body',NULL,_binary '\0',NULL,NULL,'body',NULL,NULL,_binary '\0',NULL,NULL,NULL,NULL,1),(3,_binary '\0','*',0,'STRING','Title',NULL,_binary '\0',NULL,NULL,'title',NULL,NULL,_binary '\0',NULL,NULL,NULL,NULL,1),(7,_binary '\0','*',0,'ASSET_LOOKUP','Image URL',NULL,_binary '\0',NULL,150,'imageUrl',_binary '',NULL,_binary '\0',NULL,NULL,NULL,NULL,4),(8,_binary '\0','*',1,'STRING','Target URL',NULL,_binary '\0',NULL,150,'targetUrl',_binary '',NULL,_binary '\0',NULL,'Invalid Url','^(\\/)[a-z\\d\\-\\_]+$',NULL,4),(9,_binary '\0','*',0,'STRING','Message Text',NULL,_binary '\0',NULL,150,'messageText',NULL,NULL,_binary '\0',NULL,NULL,NULL,NULL,6),(10,_binary '\0','*',0,'HTML','HTML Content',NULL,_binary '\0',NULL,NULL,'htmlContent',NULL,NULL,_binary '\0',NULL,NULL,NULL,NULL,5);
/*!40000 ALTER TABLE `BLC_FLD_DEF` ENABLE KEYS */;
UNLOCK TABLES;

--
-- Table structure for table `BLC_FLD_ENUM`
--

DROP TABLE IF EXISTS `BLC_FLD_ENUM`;
/*!40101 SET @saved_cs_client     = @@character_set_client */;
/*!40101 SET character_set_client = utf8 */;
CREATE TABLE `BLC_FLD_ENUM` (
  `FLD_ENUM_ID` bigint(20) NOT NULL,
  `NAME` varchar(255) DEFAULT NULL,
  PRIMARY KEY (`FLD_ENUM_ID`)
) ENGINE=InnoDB DEFAULT CHARSET=latin1;
/*!40101 SET character_set_client = @saved_cs_client */;

--
-- Dumping data for table `BLC_FLD_ENUM`
--

LOCK TABLES `BLC_FLD_ENUM` WRITE;
/*!40000 ALTER TABLE `BLC_FLD_ENUM` DISABLE KEYS */;
/*!40000 ALTER TABLE `BLC_FLD_ENUM` ENABLE KEYS */;
UNLOCK TABLES;

--
-- Table structure for table `BLC_FLD_ENUM_ITEM`
--

DROP TABLE IF EXISTS `BLC_FLD_ENUM_ITEM`;
/*!40101 SET @saved_cs_client     = @@character_set_client */;
/*!40101 SET character_set_client = utf8 */;
CREATE TABLE `BLC_FLD_ENUM_ITEM` (
  `FLD_ENUM_ITEM_ID` bigint(20) NOT NULL,
  `FLD_ORDER` int(11) DEFAULT NULL,
  `FRIENDLY_NAME` varchar(255) DEFAULT NULL,
  `NAME` varchar(255) DEFAULT NULL,
  `FLD_ENUM_ID` bigint(20) DEFAULT NULL,
  PRIMARY KEY (`FLD_ENUM_ITEM_ID`),
  KEY `FKjs87xrnu40vfq9uwdi9lv05lr` (`FLD_ENUM_ID`),
  CONSTRAINT `FKjs87xrnu40vfq9uwdi9lv05lr` FOREIGN KEY (`FLD_ENUM_ID`) REFERENCES `BLC_FLD_ENUM` (`FLD_ENUM_ID`)
) ENGINE=InnoDB DEFAULT CHARSET=latin1;
/*!40101 SET character_set_client = @saved_cs_client */;

--
-- Dumping data for table `BLC_FLD_ENUM_ITEM`
--

LOCK TABLES `BLC_FLD_ENUM_ITEM` WRITE;
/*!40000 ALTER TABLE `BLC_FLD_ENUM_ITEM` DISABLE KEYS */;
/*!40000 ALTER TABLE `BLC_FLD_ENUM_ITEM` ENABLE KEYS */;
UNLOCK TABLES;

--
-- Table structure for table `BLC_FLD_GROUP`
--

DROP TABLE IF EXISTS `BLC_FLD_GROUP`;
/*!40101 SET @saved_cs_client     = @@character_set_client */;
/*!40101 SET character_set_client = utf8 */;
CREATE TABLE `BLC_FLD_GROUP` (
  `FLD_GROUP_ID` bigint(20) NOT NULL,
  `INIT_COLLAPSED_FLAG` bit(1) DEFAULT NULL,
  `IS_MASTER_FIELD_GROUP` bit(1) DEFAULT NULL,
  `NAME` varchar(255) DEFAULT NULL,
  PRIMARY KEY (`FLD_GROUP_ID`)
) ENGINE=InnoDB DEFAULT CHARSET=latin1;
/*!40101 SET character_set_client = @saved_cs_client */;

--
-- Dumping data for table `BLC_FLD_GROUP`
--

LOCK TABLES `BLC_FLD_GROUP` WRITE;
/*!40000 ALTER TABLE `BLC_FLD_GROUP` DISABLE KEYS */;
INSERT INTO `BLC_FLD_GROUP` VALUES (1,_binary '\0',NULL,'Content'),(4,_binary '\0',NULL,'Ad Fields'),(5,_binary '\0',NULL,'HTML Fields'),(6,_binary '\0',NULL,'Message Fields');
/*!40000 ALTER TABLE `BLC_FLD_GROUP` ENABLE KEYS */;
UNLOCK TABLES;

--
-- Table structure for table `BLC_FULFILLMENT_GROUP`
--

DROP TABLE IF EXISTS `BLC_FULFILLMENT_GROUP`;
/*!40101 SET @saved_cs_client     = @@character_set_client */;
/*!40101 SET character_set_client = utf8 */;
CREATE TABLE `BLC_FULFILLMENT_GROUP` (
  `FULFILLMENT_GROUP_ID` bigint(20) NOT NULL,
  `DELIVERY_INSTRUCTION` varchar(255) DEFAULT NULL,
  `PRICE` decimal(19,5) DEFAULT NULL,
  `SHIPPING_PRICE_TAXABLE` bit(1) DEFAULT NULL,
  `MERCHANDISE_TOTAL` decimal(19,5) DEFAULT NULL,
  `METHOD` varchar(255) DEFAULT NULL,
  `IS_PRIMARY` bit(1) DEFAULT NULL,
  `REFERENCE_NUMBER` varchar(255) DEFAULT NULL,
  `RETAIL_PRICE` decimal(19,5) DEFAULT NULL,
  `SALE_PRICE` decimal(19,5) DEFAULT NULL,
  `FULFILLMENT_GROUP_SEQUNCE` int(11) DEFAULT NULL,
  `SERVICE` varchar(255) DEFAULT NULL,
  `SHIPPING_OVERRIDE` bit(1) DEFAULT NULL,
  `STATUS` varchar(255) DEFAULT NULL,
  `TOTAL` decimal(19,5) DEFAULT NULL,
  `TOTAL_FEE_TAX` decimal(19,5) DEFAULT NULL,
  `TOTAL_FG_TAX` decimal(19,5) DEFAULT NULL,
  `TOTAL_ITEM_TAX` decimal(19,5) DEFAULT NULL,
  `TOTAL_TAX` decimal(19,5) DEFAULT NULL,
  `TYPE` varchar(255) DEFAULT NULL,
  `ADDRESS_ID` bigint(20) DEFAULT NULL,
  `FULFILLMENT_OPTION_ID` bigint(20) DEFAULT NULL,
  `ORDER_ID` bigint(20) NOT NULL,
  `PERSONAL_MESSAGE_ID` bigint(20) DEFAULT NULL,
  `PHONE_ID` bigint(20) DEFAULT NULL,
  PRIMARY KEY (`FULFILLMENT_GROUP_ID`),
  KEY `FG_ADDRESS_INDEX` (`ADDRESS_ID`),
  KEY `FG_METHOD_INDEX` (`METHOD`),
  KEY `FG_ORDER_INDEX` (`ORDER_ID`),
  KEY `FG_MESSAGE_INDEX` (`PERSONAL_MESSAGE_ID`),
  KEY `FG_PHONE_INDEX` (`PHONE_ID`),
  KEY `FG_PRIMARY_INDEX` (`IS_PRIMARY`),
  KEY `FG_REFERENCE_INDEX` (`REFERENCE_NUMBER`),
  KEY `FG_SERVICE_INDEX` (`SERVICE`),
  KEY `FG_STATUS_INDEX` (`STATUS`),
  KEY `FK336lsxych2j78fsd12dxacn7n` (`FULFILLMENT_OPTION_ID`),
  CONSTRAINT `FK336lsxych2j78fsd12dxacn7n` FOREIGN KEY (`FULFILLMENT_OPTION_ID`) REFERENCES `BLC_FULFILLMENT_OPTION` (`FULFILLMENT_OPTION_ID`),
  CONSTRAINT `FK3lis2v456tgcmagt1tkdummdi` FOREIGN KEY (`PHONE_ID`) REFERENCES `BLC_PHONE` (`PHONE_ID`),
  CONSTRAINT `FK44mielsxkxtt1ndfiat2wj9po` FOREIGN KEY (`PERSONAL_MESSAGE_ID`) REFERENCES `BLC_PERSONAL_MESSAGE` (`PERSONAL_MESSAGE_ID`),
  CONSTRAINT `FKavpobeg9yjr9k3wtycirv5i8a` FOREIGN KEY (`ADDRESS_ID`) REFERENCES `BLC_ADDRESS` (`ADDRESS_ID`),
  CONSTRAINT `FKbtadc11h6ysb0fbyq2bsegum7` FOREIGN KEY (`ORDER_ID`) REFERENCES `BLC_ORDER` (`ORDER_ID`)
) ENGINE=InnoDB DEFAULT CHARSET=latin1;
/*!40101 SET character_set_client = @saved_cs_client */;

--
-- Dumping data for table `BLC_FULFILLMENT_GROUP`
--

LOCK TABLES `BLC_FULFILLMENT_GROUP` WRITE;
/*!40000 ALTER TABLE `BLC_FULFILLMENT_GROUP` DISABLE KEYS */;
/*!40000 ALTER TABLE `BLC_FULFILLMENT_GROUP` ENABLE KEYS */;
UNLOCK TABLES;

--
-- Table structure for table `BLC_FULFILLMENT_GROUP_FEE`
--

DROP TABLE IF EXISTS `BLC_FULFILLMENT_GROUP_FEE`;
/*!40101 SET @saved_cs_client     = @@character_set_client */;
/*!40101 SET character_set_client = utf8 */;
CREATE TABLE `BLC_FULFILLMENT_GROUP_FEE` (
  `FULFILLMENT_GROUP_FEE_ID` bigint(20) NOT NULL,
  `AMOUNT` decimal(19,5) DEFAULT NULL,
  `FEE_TAXABLE_FLAG` bit(1) DEFAULT NULL,
  `NAME` varchar(255) DEFAULT NULL,
  `REPORTING_CODE` varchar(255) DEFAULT NULL,
  `TOTAL_FEE_TAX` decimal(19,5) DEFAULT NULL,
  `FULFILLMENT_GROUP_ID` bigint(20) NOT NULL,
  PRIMARY KEY (`FULFILLMENT_GROUP_FEE_ID`),
  KEY `FKss79152pprx7xdwjkmelwf4xo` (`FULFILLMENT_GROUP_ID`),
  CONSTRAINT `FKss79152pprx7xdwjkmelwf4xo` FOREIGN KEY (`FULFILLMENT_GROUP_ID`) REFERENCES `BLC_FULFILLMENT_GROUP` (`FULFILLMENT_GROUP_ID`)
) ENGINE=InnoDB DEFAULT CHARSET=latin1;
/*!40101 SET character_set_client = @saved_cs_client */;

--
-- Dumping data for table `BLC_FULFILLMENT_GROUP_FEE`
--

LOCK TABLES `BLC_FULFILLMENT_GROUP_FEE` WRITE;
/*!40000 ALTER TABLE `BLC_FULFILLMENT_GROUP_FEE` DISABLE KEYS */;
/*!40000 ALTER TABLE `BLC_FULFILLMENT_GROUP_FEE` ENABLE KEYS */;
UNLOCK TABLES;

--
-- Table structure for table `BLC_FULFILLMENT_GROUP_ITEM`
--

DROP TABLE IF EXISTS `BLC_FULFILLMENT_GROUP_ITEM`;
/*!40101 SET @saved_cs_client     = @@character_set_client */;
/*!40101 SET character_set_client = utf8 */;
CREATE TABLE `BLC_FULFILLMENT_GROUP_ITEM` (
  `FULFILLMENT_GROUP_ITEM_ID` bigint(20) NOT NULL,
  `PRORATED_ORDER_ADJ` decimal(19,2) DEFAULT NULL,
  `QUANTITY` int(11) NOT NULL,
  `STATUS` varchar(255) DEFAULT NULL,
  `TOTAL_ITEM_AMOUNT` decimal(19,5) DEFAULT NULL,
  `TOTAL_ITEM_TAXABLE_AMOUNT` decimal(19,5) DEFAULT NULL,
  `TOTAL_ITEM_TAX` decimal(19,5) DEFAULT NULL,
  `FULFILLMENT_GROUP_ID` bigint(20) NOT NULL,
  `ORDER_ITEM_ID` bigint(20) NOT NULL,
  PRIMARY KEY (`FULFILLMENT_GROUP_ITEM_ID`),
  KEY `FGITEM_FG_INDEX` (`FULFILLMENT_GROUP_ID`),
  KEY `FGITEM_STATUS_INDEX` (`STATUS`),
  KEY `FKmra6tj092ugw58xhvvi43pdb2` (`ORDER_ITEM_ID`),
  CONSTRAINT `FKmra6tj092ugw58xhvvi43pdb2` FOREIGN KEY (`ORDER_ITEM_ID`) REFERENCES `BLC_ORDER_ITEM` (`ORDER_ITEM_ID`),
  CONSTRAINT `FKqfqxv2f0ita9ou48jpi7c3wi9` FOREIGN KEY (`FULFILLMENT_GROUP_ID`) REFERENCES `BLC_FULFILLMENT_GROUP` (`FULFILLMENT_GROUP_ID`)
) ENGINE=InnoDB DEFAULT CHARSET=latin1;
/*!40101 SET character_set_client = @saved_cs_client */;

--
-- Dumping data for table `BLC_FULFILLMENT_GROUP_ITEM`
--

LOCK TABLES `BLC_FULFILLMENT_GROUP_ITEM` WRITE;
/*!40000 ALTER TABLE `BLC_FULFILLMENT_GROUP_ITEM` DISABLE KEYS */;
/*!40000 ALTER TABLE `BLC_FULFILLMENT_GROUP_ITEM` ENABLE KEYS */;
UNLOCK TABLES;

--
-- Table structure for table `BLC_FULFILLMENT_OPTION`
--

DROP TABLE IF EXISTS `BLC_FULFILLMENT_OPTION`;
/*!40101 SET @saved_cs_client     = @@character_set_client */;
/*!40101 SET character_set_client = utf8 */;
CREATE TABLE `BLC_FULFILLMENT_OPTION` (
  `FULFILLMENT_OPTION_ID` bigint(20) NOT NULL,
  `FULFILLMENT_TYPE` varchar(255) NOT NULL,
  `LONG_DESCRIPTION` longtext,
  `NAME` varchar(255) DEFAULT NULL,
  `TAX_CODE` varchar(255) DEFAULT NULL,
  `TAXABLE` bit(1) DEFAULT NULL,
  `USE_FLAT_RATES` bit(1) DEFAULT NULL,
  PRIMARY KEY (`FULFILLMENT_OPTION_ID`)
) ENGINE=InnoDB DEFAULT CHARSET=latin1;
/*!40101 SET character_set_client = @saved_cs_client */;

--
-- Dumping data for table `BLC_FULFILLMENT_OPTION`
--

LOCK TABLES `BLC_FULFILLMENT_OPTION` WRITE;
/*!40000 ALTER TABLE `BLC_FULFILLMENT_OPTION` DISABLE KEYS */;
INSERT INTO `BLC_FULFILLMENT_OPTION` VALUES (1,'PHYSICAL_SHIP','5 - 7 Days','Standard',NULL,NULL,_binary '\0'),(2,'PHYSICAL_SHIP','3 - 5 Days','Priority',NULL,NULL,_binary '\0'),(3,'PHYSICAL_SHIP','1 - 2 Days','Express',NULL,NULL,_binary '\0');
/*!40000 ALTER TABLE `BLC_FULFILLMENT_OPTION` ENABLE KEYS */;
UNLOCK TABLES;

--
-- Table structure for table `BLC_FULFILLMENT_OPTION_FIXED`
--

DROP TABLE IF EXISTS `BLC_FULFILLMENT_OPTION_FIXED`;
/*!40101 SET @saved_cs_client     = @@character_set_client */;
/*!40101 SET character_set_client = utf8 */;
CREATE TABLE `BLC_FULFILLMENT_OPTION_FIXED` (
  `PRICE` decimal(19,5) NOT NULL,
  `FULFILLMENT_OPTION_ID` bigint(20) NOT NULL,
  `CURRENCY_CODE` varchar(255) DEFAULT NULL,
  PRIMARY KEY (`FULFILLMENT_OPTION_ID`),
  KEY `FKj5n6w6q7dk09k6ayif4g5t0t3` (`CURRENCY_CODE`),
  CONSTRAINT `FKj5n6w6q7dk09k6ayif4g5t0t3` FOREIGN KEY (`CURRENCY_CODE`) REFERENCES `BLC_CURRENCY` (`CURRENCY_CODE`),
  CONSTRAINT `FKl96yhpl4w0989nil2g6v2t3kq` FOREIGN KEY (`FULFILLMENT_OPTION_ID`) REFERENCES `BLC_FULFILLMENT_OPTION` (`FULFILLMENT_OPTION_ID`)
) ENGINE=InnoDB DEFAULT CHARSET=latin1;
/*!40101 SET character_set_client = @saved_cs_client */;

--
-- Dumping data for table `BLC_FULFILLMENT_OPTION_FIXED`
--

LOCK TABLES `BLC_FULFILLMENT_OPTION_FIXED` WRITE;
/*!40000 ALTER TABLE `BLC_FULFILLMENT_OPTION_FIXED` DISABLE KEYS */;
INSERT INTO `BLC_FULFILLMENT_OPTION_FIXED` VALUES (5.00000,1,NULL),(10.00000,2,NULL),(20.00000,3,NULL);
/*!40000 ALTER TABLE `BLC_FULFILLMENT_OPTION_FIXED` ENABLE KEYS */;
UNLOCK TABLES;

--
-- Table structure for table `BLC_FULFILLMENT_OPT_BANDED_PRC`
--

DROP TABLE IF EXISTS `BLC_FULFILLMENT_OPT_BANDED_PRC`;
/*!40101 SET @saved_cs_client     = @@character_set_client */;
/*!40101 SET character_set_client = utf8 */;
CREATE TABLE `BLC_FULFILLMENT_OPT_BANDED_PRC` (
  `FULFILLMENT_OPTION_ID` bigint(20) NOT NULL,
  PRIMARY KEY (`FULFILLMENT_OPTION_ID`),
  CONSTRAINT `FKsf9j5pdg9lo5e7xhasqn61m0y` FOREIGN KEY (`FULFILLMENT_OPTION_ID`) REFERENCES `BLC_FULFILLMENT_OPTION` (`FULFILLMENT_OPTION_ID`)
) ENGINE=InnoDB DEFAULT CHARSET=latin1;
/*!40101 SET character_set_client = @saved_cs_client */;

--
-- Dumping data for table `BLC_FULFILLMENT_OPT_BANDED_PRC`
--

LOCK TABLES `BLC_FULFILLMENT_OPT_BANDED_PRC` WRITE;
/*!40000 ALTER TABLE `BLC_FULFILLMENT_OPT_BANDED_PRC` DISABLE KEYS */;
/*!40000 ALTER TABLE `BLC_FULFILLMENT_OPT_BANDED_PRC` ENABLE KEYS */;
UNLOCK TABLES;

--
-- Table structure for table `BLC_FULFILLMENT_OPT_BANDED_WGT`
--

DROP TABLE IF EXISTS `BLC_FULFILLMENT_OPT_BANDED_WGT`;
/*!40101 SET @saved_cs_client     = @@character_set_client */;
/*!40101 SET character_set_client = utf8 */;
CREATE TABLE `BLC_FULFILLMENT_OPT_BANDED_WGT` (
  `FULFILLMENT_OPTION_ID` bigint(20) NOT NULL,
  PRIMARY KEY (`FULFILLMENT_OPTION_ID`),
  CONSTRAINT `FKsarbwhn57dgx7kt1es3ny384n` FOREIGN KEY (`FULFILLMENT_OPTION_ID`) REFERENCES `BLC_FULFILLMENT_OPTION` (`FULFILLMENT_OPTION_ID`)
) ENGINE=InnoDB DEFAULT CHARSET=latin1;
/*!40101 SET character_set_client = @saved_cs_client */;

--
-- Dumping data for table `BLC_FULFILLMENT_OPT_BANDED_WGT`
--

LOCK TABLES `BLC_FULFILLMENT_OPT_BANDED_WGT` WRITE;
/*!40000 ALTER TABLE `BLC_FULFILLMENT_OPT_BANDED_WGT` DISABLE KEYS */;
/*!40000 ALTER TABLE `BLC_FULFILLMENT_OPT_BANDED_WGT` ENABLE KEYS */;
UNLOCK TABLES;

--
-- Table structure for table `BLC_FULFILLMENT_PRICE_BAND`
--

DROP TABLE IF EXISTS `BLC_FULFILLMENT_PRICE_BAND`;
/*!40101 SET @saved_cs_client     = @@character_set_client */;
/*!40101 SET character_set_client = utf8 */;
CREATE TABLE `BLC_FULFILLMENT_PRICE_BAND` (
  `FULFILLMENT_PRICE_BAND_ID` bigint(20) NOT NULL,
  `RESULT_AMOUNT` decimal(19,5) NOT NULL,
  `RESULT_AMOUNT_TYPE` varchar(255) NOT NULL,
  `RETAIL_PRICE_MINIMUM_AMOUNT` decimal(19,5) NOT NULL,
  `FULFILLMENT_OPTION_ID` bigint(20) DEFAULT NULL,
  PRIMARY KEY (`FULFILLMENT_PRICE_BAND_ID`),
  KEY `FKh2i7xep5l3txpi65xpb3vxxdh` (`FULFILLMENT_OPTION_ID`),
  CONSTRAINT `FKh2i7xep5l3txpi65xpb3vxxdh` FOREIGN KEY (`FULFILLMENT_OPTION_ID`) REFERENCES `BLC_FULFILLMENT_OPT_BANDED_PRC` (`FULFILLMENT_OPTION_ID`)
) ENGINE=InnoDB DEFAULT CHARSET=latin1;
/*!40101 SET character_set_client = @saved_cs_client */;

--
-- Dumping data for table `BLC_FULFILLMENT_PRICE_BAND`
--

LOCK TABLES `BLC_FULFILLMENT_PRICE_BAND` WRITE;
/*!40000 ALTER TABLE `BLC_FULFILLMENT_PRICE_BAND` DISABLE KEYS */;
/*!40000 ALTER TABLE `BLC_FULFILLMENT_PRICE_BAND` ENABLE KEYS */;
UNLOCK TABLES;

--
-- Table structure for table `BLC_FULFILLMENT_WEIGHT_BAND`
--

DROP TABLE IF EXISTS `BLC_FULFILLMENT_WEIGHT_BAND`;
/*!40101 SET @saved_cs_client     = @@character_set_client */;
/*!40101 SET character_set_client = utf8 */;
CREATE TABLE `BLC_FULFILLMENT_WEIGHT_BAND` (
  `FULFILLMENT_WEIGHT_BAND_ID` bigint(20) NOT NULL,
  `RESULT_AMOUNT` decimal(19,5) NOT NULL,
  `RESULT_AMOUNT_TYPE` varchar(255) NOT NULL,
  `MINIMUM_WEIGHT` decimal(19,5) DEFAULT NULL,
  `WEIGHT_UNIT_OF_MEASURE` varchar(255) DEFAULT NULL,
  `FULFILLMENT_OPTION_ID` bigint(20) DEFAULT NULL,
  PRIMARY KEY (`FULFILLMENT_WEIGHT_BAND_ID`),
  KEY `FKoij3p9iwe1856w6fd5283bpyl` (`FULFILLMENT_OPTION_ID`),
  CONSTRAINT `FKoij3p9iwe1856w6fd5283bpyl` FOREIGN KEY (`FULFILLMENT_OPTION_ID`) REFERENCES `BLC_FULFILLMENT_OPT_BANDED_WGT` (`FULFILLMENT_OPTION_ID`)
) ENGINE=InnoDB DEFAULT CHARSET=latin1;
/*!40101 SET character_set_client = @saved_cs_client */;

--
-- Dumping data for table `BLC_FULFILLMENT_WEIGHT_BAND`
--

LOCK TABLES `BLC_FULFILLMENT_WEIGHT_BAND` WRITE;
/*!40000 ALTER TABLE `BLC_FULFILLMENT_WEIGHT_BAND` DISABLE KEYS */;
/*!40000 ALTER TABLE `BLC_FULFILLMENT_WEIGHT_BAND` ENABLE KEYS */;
UNLOCK TABLES;

--
-- Table structure for table `BLC_GIFTWRAP_ORDER_ITEM`
--

DROP TABLE IF EXISTS `BLC_GIFTWRAP_ORDER_ITEM`;
/*!40101 SET @saved_cs_client     = @@character_set_client */;
/*!40101 SET character_set_client = utf8 */;
CREATE TABLE `BLC_GIFTWRAP_ORDER_ITEM` (
  `ORDER_ITEM_ID` bigint(20) NOT NULL,
  PRIMARY KEY (`ORDER_ITEM_ID`),
  CONSTRAINT `FKtq6vr571td9a8ihss8os1wtr8` FOREIGN KEY (`ORDER_ITEM_ID`) REFERENCES `BLC_DISCRETE_ORDER_ITEM` (`ORDER_ITEM_ID`)
) ENGINE=InnoDB DEFAULT CHARSET=latin1;
/*!40101 SET character_set_client = @saved_cs_client */;

--
-- Dumping data for table `BLC_GIFTWRAP_ORDER_ITEM`
--

LOCK TABLES `BLC_GIFTWRAP_ORDER_ITEM` WRITE;
/*!40000 ALTER TABLE `BLC_GIFTWRAP_ORDER_ITEM` DISABLE KEYS */;
/*!40000 ALTER TABLE `BLC_GIFTWRAP_ORDER_ITEM` ENABLE KEYS */;
UNLOCK TABLES;

--
-- Table structure for table `BLC_GIFT_CARD_PAYMENT`
--

DROP TABLE IF EXISTS `BLC_GIFT_CARD_PAYMENT`;
/*!40101 SET @saved_cs_client     = @@character_set_client */;
/*!40101 SET character_set_client = utf8 */;
CREATE TABLE `BLC_GIFT_CARD_PAYMENT` (
  `PAYMENT_ID` bigint(20) NOT NULL,
  `PAN` varchar(255) NOT NULL,
  `PIN` varchar(255) DEFAULT NULL,
  `REFERENCE_NUMBER` varchar(255) NOT NULL,
  PRIMARY KEY (`PAYMENT_ID`),
  KEY `GIFTCARD_INDEX` (`REFERENCE_NUMBER`)
) ENGINE=InnoDB DEFAULT CHARSET=latin1;
/*!40101 SET character_set_client = @saved_cs_client */;

--
-- Dumping data for table `BLC_GIFT_CARD_PAYMENT`
--

LOCK TABLES `BLC_GIFT_CARD_PAYMENT` WRITE;
/*!40000 ALTER TABLE `BLC_GIFT_CARD_PAYMENT` DISABLE KEYS */;
/*!40000 ALTER TABLE `BLC_GIFT_CARD_PAYMENT` ENABLE KEYS */;
UNLOCK TABLES;

--
-- Table structure for table `BLC_ID_GENERATION`
--

DROP TABLE IF EXISTS `BLC_ID_GENERATION`;
/*!40101 SET @saved_cs_client     = @@character_set_client */;
/*!40101 SET character_set_client = utf8 */;
CREATE TABLE `BLC_ID_GENERATION` (
  `ID_TYPE` varchar(255) NOT NULL,
  `BATCH_SIZE` bigint(20) NOT NULL,
  `BATCH_START` bigint(20) NOT NULL,
  `ID_MIN` bigint(20) DEFAULT NULL,
  `ID_MAX` bigint(20) DEFAULT NULL,
  `version` int(11) DEFAULT NULL,
  PRIMARY KEY (`ID_TYPE`)
) ENGINE=InnoDB DEFAULT CHARSET=latin1;
/*!40101 SET character_set_client = @saved_cs_client */;

--
-- Dumping data for table `BLC_ID_GENERATION`
--

LOCK TABLES `BLC_ID_GENERATION` WRITE;
/*!40000 ALTER TABLE `BLC_ID_GENERATION` DISABLE KEYS */;
INSERT INTO `BLC_ID_GENERATION` VALUES ('org.broadleafcommerce.profile.core.domain.Customer',100,1200,NULL,NULL,12);
/*!40000 ALTER TABLE `BLC_ID_GENERATION` ENABLE KEYS */;
UNLOCK TABLES;

--
-- Table structure for table `BLC_IMG_STATIC_ASSET`
--

DROP TABLE IF EXISTS `BLC_IMG_STATIC_ASSET`;
/*!40101 SET @saved_cs_client     = @@character_set_client */;
/*!40101 SET character_set_client = utf8 */;
CREATE TABLE `BLC_IMG_STATIC_ASSET` (
  `HEIGHT` int(11) DEFAULT NULL,
  `WIDTH` int(11) DEFAULT NULL,
  `STATIC_ASSET_ID` bigint(20) NOT NULL,
  PRIMARY KEY (`STATIC_ASSET_ID`),
  CONSTRAINT `FK6pugoo2mcm6irchv42bui3tm6` FOREIGN KEY (`STATIC_ASSET_ID`) REFERENCES `BLC_STATIC_ASSET` (`STATIC_ASSET_ID`)
) ENGINE=InnoDB DEFAULT CHARSET=latin1;
/*!40101 SET character_set_client = @saved_cs_client */;

--
-- Dumping data for table `BLC_IMG_STATIC_ASSET`
--

LOCK TABLES `BLC_IMG_STATIC_ASSET` WRITE;
/*!40000 ALTER TABLE `BLC_IMG_STATIC_ASSET` DISABLE KEYS */;
/*!40000 ALTER TABLE `BLC_IMG_STATIC_ASSET` ENABLE KEYS */;
UNLOCK TABLES;

--
-- Table structure for table `BLC_INDEX_FIELD`
--

DROP TABLE IF EXISTS `BLC_INDEX_FIELD`;
/*!40101 SET @saved_cs_client     = @@character_set_client */;
/*!40101 SET character_set_client = utf8 */;
CREATE TABLE `BLC_INDEX_FIELD` (
  `INDEX_FIELD_ID` bigint(20) NOT NULL,
  `ARCHIVED` char(1) DEFAULT NULL,
  `SEARCHABLE` bit(1) DEFAULT NULL,
  `FIELD_ID` bigint(20) NOT NULL,
  PRIMARY KEY (`INDEX_FIELD_ID`),
  KEY `INDEX_FIELD_SEARCHABLE_INDEX` (`SEARCHABLE`),
  KEY `FKc1x5lu6romu8tsjrlpjmsqqxy` (`FIELD_ID`),
  CONSTRAINT `FKc1x5lu6romu8tsjrlpjmsqqxy` FOREIGN KEY (`FIELD_ID`) REFERENCES `BLC_FIELD` (`FIELD_ID`)
) ENGINE=InnoDB DEFAULT CHARSET=latin1;
/*!40101 SET character_set_client = @saved_cs_client */;

--
-- Dumping data for table `BLC_INDEX_FIELD`
--

LOCK TABLES `BLC_INDEX_FIELD` WRITE;
/*!40000 ALTER TABLE `BLC_INDEX_FIELD` DISABLE KEYS */;
INSERT INTO `BLC_INDEX_FIELD` VALUES (1,NULL,_binary '',1),(2,NULL,_binary '\0',2),(3,NULL,_binary '\0',3),(4,NULL,_binary '',4),(5,NULL,_binary '',5),(6,NULL,_binary '',6),(7,NULL,_binary '',7),(8,NULL,_binary '\0',8),(9,NULL,_binary '\0',9);
/*!40000 ALTER TABLE `BLC_INDEX_FIELD` ENABLE KEYS */;
UNLOCK TABLES;

--
-- Table structure for table `BLC_INDEX_FIELD_TYPE`
--

DROP TABLE IF EXISTS `BLC_INDEX_FIELD_TYPE`;
/*!40101 SET @saved_cs_client     = @@character_set_client */;
/*!40101 SET character_set_client = utf8 */;
CREATE TABLE `BLC_INDEX_FIELD_TYPE` (
  `INDEX_FIELD_TYPE_ID` bigint(20) NOT NULL,
  `ARCHIVED` char(1) DEFAULT NULL,
  `FIELD_TYPE` varchar(255) DEFAULT NULL,
  `INDEX_FIELD_ID` bigint(20) NOT NULL,
  PRIMARY KEY (`INDEX_FIELD_TYPE_ID`),
  KEY `FKmv0l0yt2099ffo2pjdrdbbj9h` (`INDEX_FIELD_ID`),
  CONSTRAINT `FKmv0l0yt2099ffo2pjdrdbbj9h` FOREIGN KEY (`INDEX_FIELD_ID`) REFERENCES `BLC_INDEX_FIELD` (`INDEX_FIELD_ID`)
) ENGINE=InnoDB DEFAULT CHARSET=latin1;
/*!40101 SET character_set_client = @saved_cs_client */;

--
-- Dumping data for table `BLC_INDEX_FIELD_TYPE`
--

LOCK TABLES `BLC_INDEX_FIELD_TYPE` WRITE;
/*!40000 ALTER TABLE `BLC_INDEX_FIELD_TYPE` DISABLE KEYS */;
INSERT INTO `BLC_INDEX_FIELD_TYPE` VALUES (1,NULL,'t',1),(2,NULL,'s',1),(3,NULL,'i',2),(4,NULL,'p',3),(5,NULL,'t',4),(6,NULL,'t',5),(7,NULL,'t',6),(8,NULL,'t',7),(9,NULL,'ss',8),(10,NULL,'p',9),(11,NULL,'s',4);
/*!40000 ALTER TABLE `BLC_INDEX_FIELD_TYPE` ENABLE KEYS */;
UNLOCK TABLES;

--
-- Table structure for table `BLC_ISO_COUNTRY`
--

DROP TABLE IF EXISTS `BLC_ISO_COUNTRY`;
/*!40101 SET @saved_cs_client     = @@character_set_client */;
/*!40101 SET character_set_client = utf8 */;
CREATE TABLE `BLC_ISO_COUNTRY` (
  `ALPHA_2` varchar(255) NOT NULL,
  `ALPHA_3` varchar(255) DEFAULT NULL,
  `CREATED_BY` bigint(20) DEFAULT NULL,
  `DATE_CREATED` datetime DEFAULT NULL,
  `DATE_UPDATED` datetime DEFAULT NULL,
  `UPDATED_BY` bigint(20) DEFAULT NULL,
  `NAME` varchar(255) DEFAULT NULL,
  `NUMERIC_CODE` int(11) DEFAULT NULL,
  `STATUS` varchar(255) DEFAULT NULL,
  PRIMARY KEY (`ALPHA_2`)
) ENGINE=InnoDB DEFAULT CHARSET=latin1;
/*!40101 SET character_set_client = @saved_cs_client */;

--
-- Dumping data for table `BLC_ISO_COUNTRY`
--

LOCK TABLES `BLC_ISO_COUNTRY` WRITE;
/*!40000 ALTER TABLE `BLC_ISO_COUNTRY` DISABLE KEYS */;
INSERT INTO `BLC_ISO_COUNTRY` VALUES ('AA',NULL,NULL,NULL,NULL,NULL,NULL,-1,'USER_ASSIGNED'),('AB',NULL,NULL,NULL,NULL,NULL,NULL,-1,'UNASSIGNED'),('AC','ASC',NULL,NULL,NULL,NULL,'Ascension Island',-1,'EXCEPTIONALLY_RESERVED'),('AD','AND',NULL,NULL,NULL,NULL,'Andorra',20,'OFFICIALLY_ASSIGNED'),('AE','ARE',NULL,NULL,NULL,NULL,'United Arab Emirates',784,'OFFICIALLY_ASSIGNED'),('AF','AFG',NULL,NULL,NULL,NULL,'Afghanistan',4,'OFFICIALLY_ASSIGNED'),('AG','ATG',NULL,NULL,NULL,NULL,'Antigua and Barbuda',28,'OFFICIALLY_ASSIGNED'),('AH',NULL,NULL,NULL,NULL,NULL,NULL,-1,'UNASSIGNED'),('AI','AIA',NULL,NULL,NULL,NULL,'Anguilla',660,'OFFICIALLY_ASSIGNED'),('AJ',NULL,NULL,NULL,NULL,NULL,NULL,-1,'UNASSIGNED'),('AK',NULL,NULL,NULL,NULL,NULL,NULL,-1,'UNASSIGNED'),('AL','ALB',NULL,NULL,NULL,NULL,'Albania',8,'OFFICIALLY_ASSIGNED'),('AM','ARM',NULL,NULL,NULL,NULL,'Armenia',51,'OFFICIALLY_ASSIGNED'),('AN','ANHH',NULL,NULL,NULL,NULL,'Netherlands Antilles',530,'TRANSITIONALLY_RESERVED'),('AO','AGO',NULL,NULL,NULL,NULL,'Angola',24,'OFFICIALLY_ASSIGNED'),('AP',NULL,NULL,NULL,NULL,NULL,NULL,-1,'NOT_USED'),('AQ','ATA',NULL,NULL,NULL,NULL,'Antarctica',10,'OFFICIALLY_ASSIGNED'),('AR','ARG',NULL,NULL,NULL,NULL,'Argentina',32,'OFFICIALLY_ASSIGNED'),('AS','ASM',NULL,NULL,NULL,NULL,'American Samoa',16,'OFFICIALLY_ASSIGNED'),('AT','AUT',NULL,NULL,NULL,NULL,'Austria',40,'OFFICIALLY_ASSIGNED'),('AU','AUS',NULL,NULL,NULL,NULL,'Australia',36,'OFFICIALLY_ASSIGNED'),('AV',NULL,NULL,NULL,NULL,NULL,NULL,-1,'UNASSIGNED'),('AW','ABW',NULL,NULL,NULL,NULL,'Aruba',533,'OFFICIALLY_ASSIGNED'),('AX','ALA',NULL,NULL,NULL,NULL,'?land Islands',248,'OFFICIALLY_ASSIGNED'),('AY',NULL,NULL,NULL,NULL,NULL,NULL,-1,'UNASSIGNED'),('AZ','AZE',NULL,NULL,NULL,NULL,'Azerbaijan',31,'OFFICIALLY_ASSIGNED'),('BA','BIH',NULL,NULL,NULL,NULL,'Bosnia and Herzegovina',70,'OFFICIALLY_ASSIGNED'),('BB','BRB',NULL,NULL,NULL,NULL,'Barbados',52,'OFFICIALLY_ASSIGNED'),('BC',NULL,NULL,NULL,NULL,NULL,NULL,-1,'UNASSIGNED'),('BD','BGD',NULL,NULL,NULL,NULL,'Bangladesh',50,'OFFICIALLY_ASSIGNED'),('BE','BEL',NULL,NULL,NULL,NULL,'Belgium',56,'OFFICIALLY_ASSIGNED'),('BF','BFA',NULL,NULL,NULL,NULL,'Burkina Faso',854,'OFFICIALLY_ASSIGNED'),('BG','BGR',NULL,NULL,NULL,NULL,'Bulgaria',100,'OFFICIALLY_ASSIGNED'),('BH','BHR',NULL,NULL,NULL,NULL,'Bahrain',48,'OFFICIALLY_ASSIGNED'),('BI','BDI',NULL,NULL,NULL,NULL,'Burundi',108,'OFFICIALLY_ASSIGNED'),('BJ','BEN',NULL,NULL,NULL,NULL,'Benin',204,'OFFICIALLY_ASSIGNED'),('BK',NULL,NULL,NULL,NULL,NULL,NULL,-1,'UNASSIGNED'),('BL','BLM',NULL,NULL,NULL,NULL,'Saint Barthlemy',652,'OFFICIALLY_ASSIGNED'),('BM','BMU',NULL,NULL,NULL,NULL,'Bermuda',60,'OFFICIALLY_ASSIGNED'),('BN','BRN',NULL,NULL,NULL,NULL,'Brunei Darussalam',96,'OFFICIALLY_ASSIGNED'),('BO','BOL',NULL,NULL,NULL,NULL,'Bolivia, Plurinational State of',68,'OFFICIALLY_ASSIGNED'),('BP',NULL,NULL,NULL,NULL,NULL,NULL,-1,'UNASSIGNED'),('BQ','BES',NULL,NULL,NULL,NULL,'Bonaire, Sint Eustatius and Saba',535,'OFFICIALLY_ASSIGNED'),('BR','BRA',NULL,NULL,NULL,NULL,'Brazil',76,'OFFICIALLY_ASSIGNED'),('BS','BHS',NULL,NULL,NULL,NULL,'Bahamas',44,'OFFICIALLY_ASSIGNED'),('BT','BTN',NULL,NULL,NULL,NULL,'Bhutan',64,'OFFICIALLY_ASSIGNED'),('BU','BUMM',NULL,NULL,NULL,NULL,'Burma',104,'TRANSITIONALLY_RESERVED'),('BV','BVT',NULL,NULL,NULL,NULL,'Bouvet Island',74,'OFFICIALLY_ASSIGNED'),('BW','BWA',NULL,NULL,NULL,NULL,'Botswana',72,'OFFICIALLY_ASSIGNED'),('BX',NULL,NULL,NULL,NULL,NULL,NULL,-1,'NOT_USED'),('BY','BLR',NULL,NULL,NULL,NULL,'Belarus',112,'OFFICIALLY_ASSIGNED'),('BZ','BLZ',NULL,NULL,NULL,NULL,'Belize',84,'OFFICIALLY_ASSIGNED'),('CA','CAN',NULL,NULL,NULL,NULL,'Canada',124,'OFFICIALLY_ASSIGNED'),('CB',NULL,NULL,NULL,NULL,NULL,NULL,-1,'UNASSIGNED'),('CC','CCK',NULL,NULL,NULL,NULL,'Cocos (Keeling) Islands',166,'OFFICIALLY_ASSIGNED'),('CD','COD',NULL,NULL,NULL,NULL,'Congo, the Democratic Republic of the',180,'OFFICIALLY_ASSIGNED'),('CE',NULL,NULL,NULL,NULL,NULL,NULL,-1,'UNASSIGNED'),('CF','CAF',NULL,NULL,NULL,NULL,'Central African Republic',140,'OFFICIALLY_ASSIGNED'),('CG','COG',NULL,NULL,NULL,NULL,'Congo',178,'OFFICIALLY_ASSIGNED'),('CH','CHE',NULL,NULL,NULL,NULL,'Switzerland',756,'OFFICIALLY_ASSIGNED'),('CI','CIV',NULL,NULL,NULL,NULL,'Cte d\'Ivoire',384,'OFFICIALLY_ASSIGNED'),('CJ',NULL,NULL,NULL,NULL,NULL,NULL,-1,'UNASSIGNED'),('CK','COK',NULL,NULL,NULL,NULL,'Cook Islands',184,'OFFICIALLY_ASSIGNED'),('CL','CHL',NULL,NULL,NULL,NULL,'Chile',152,'OFFICIALLY_ASSIGNED'),('CM','CMR',NULL,NULL,NULL,NULL,'Cameroon',120,'OFFICIALLY_ASSIGNED'),('CN','CHN',NULL,NULL,NULL,NULL,'China',156,'OFFICIALLY_ASSIGNED'),('CO','COL',NULL,NULL,NULL,NULL,'Colombia',170,'OFFICIALLY_ASSIGNED'),('CP','CPT',NULL,NULL,NULL,NULL,'Clipperton Island',-1,'EXCEPTIONALLY_RESERVED'),('CQ',NULL,NULL,NULL,NULL,NULL,NULL,-1,'UNASSIGNED'),('CR','CRI',NULL,NULL,NULL,NULL,'Costa Rica',188,'OFFICIALLY_ASSIGNED'),('CS','CSXX',NULL,NULL,NULL,NULL,'Serbia and Montenegro',891,'TRANSITIONALLY_RESERVED'),('CT',NULL,NULL,NULL,NULL,NULL,NULL,-1,'UNASSIGNED'),('CU','CUB',NULL,NULL,NULL,NULL,'Cuba',192,'OFFICIALLY_ASSIGNED'),('CV','CPV',NULL,NULL,NULL,NULL,'Cape Verde',132,'OFFICIALLY_ASSIGNED'),('CW','CUW',NULL,NULL,NULL,NULL,'Curaao',531,'OFFICIALLY_ASSIGNED'),('CX','CXR',NULL,NULL,NULL,NULL,'Christmas Island',162,'OFFICIALLY_ASSIGNED'),('CY','CYP',NULL,NULL,NULL,NULL,'Cyprus',196,'OFFICIALLY_ASSIGNED'),('CZ','CZE',NULL,NULL,NULL,NULL,'Czech Republic',203,'OFFICIALLY_ASSIGNED'),('DA',NULL,NULL,NULL,NULL,NULL,NULL,-1,'UNASSIGNED'),('DB',NULL,NULL,NULL,NULL,NULL,NULL,-1,'UNASSIGNED'),('DC',NULL,NULL,NULL,NULL,NULL,NULL,-1,'UNASSIGNED'),('DD',NULL,NULL,NULL,NULL,NULL,NULL,-1,'UNASSIGNED'),('DE','DEU',NULL,NULL,NULL,NULL,'Germany',276,'OFFICIALLY_ASSIGNED'),('DF',NULL,NULL,NULL,NULL,NULL,NULL,-1,'UNASSIGNED'),('DG','DGA',NULL,NULL,NULL,NULL,'Diego Garcia',-1,'EXCEPTIONALLY_RESERVED'),('DH',NULL,NULL,NULL,NULL,NULL,NULL,-1,'UNASSIGNED'),('DI',NULL,NULL,NULL,NULL,NULL,NULL,-1,'UNASSIGNED'),('DJ','DJI',NULL,NULL,NULL,NULL,'Djibouti',262,'OFFICIALLY_ASSIGNED'),('DK','DNK',NULL,NULL,NULL,NULL,'Denmark',208,'OFFICIALLY_ASSIGNED'),('DL',NULL,NULL,NULL,NULL,NULL,NULL,-1,'UNASSIGNED'),('DM','DMA',NULL,NULL,NULL,NULL,'Dominica',212,'OFFICIALLY_ASSIGNED'),('DN',NULL,NULL,NULL,NULL,NULL,NULL,-1,'UNASSIGNED'),('DO','DOM',NULL,NULL,NULL,NULL,'Dominican Republic',214,'OFFICIALLY_ASSIGNED'),('DP',NULL,NULL,NULL,NULL,NULL,NULL,-1,'UNASSIGNED'),('DQ',NULL,NULL,NULL,NULL,NULL,NULL,-1,'UNASSIGNED'),('DR',NULL,NULL,NULL,NULL,NULL,NULL,-1,'UNASSIGNED'),('DS',NULL,NULL,NULL,NULL,NULL,NULL,-1,'UNASSIGNED'),('DT',NULL,NULL,NULL,NULL,NULL,NULL,-1,'UNASSIGNED'),('DU',NULL,NULL,NULL,NULL,NULL,NULL,-1,'UNASSIGNED'),('DV',NULL,NULL,NULL,NULL,NULL,NULL,-1,'UNASSIGNED'),('DW',NULL,NULL,NULL,NULL,NULL,NULL,-1,'UNASSIGNED'),('DX',NULL,NULL,NULL,NULL,NULL,NULL,-1,'UNASSIGNED'),('DY',NULL,NULL,NULL,NULL,NULL,NULL,-1,'INDETERMINATELY_RESERVED'),('DZ','DZA',NULL,NULL,NULL,NULL,'Algeria',12,'OFFICIALLY_ASSIGNED'),('EA','null',NULL,NULL,NULL,NULL,'Ceuta, Melilla',-1,'EXCEPTIONALLY_RESERVED'),('EB',NULL,NULL,NULL,NULL,NULL,NULL,-1,'UNASSIGNED'),('EC','ECU',NULL,NULL,NULL,NULL,'Ecuador',218,'OFFICIALLY_ASSIGNED'),('ED',NULL,NULL,NULL,NULL,NULL,NULL,-1,'UNASSIGNED'),('EE','EST',NULL,NULL,NULL,NULL,'Estonia',233,'OFFICIALLY_ASSIGNED'),('EF',NULL,NULL,NULL,NULL,NULL,NULL,-1,'NOT_USED'),('EG','EGY',NULL,NULL,NULL,NULL,'Egypt',818,'OFFICIALLY_ASSIGNED'),('EH','ESH',NULL,NULL,NULL,NULL,'Western Sahara',732,'OFFICIALLY_ASSIGNED'),('EI',NULL,NULL,NULL,NULL,NULL,NULL,-1,'UNASSIGNED'),('EJ',NULL,NULL,NULL,NULL,NULL,NULL,-1,'UNASSIGNED'),('EK',NULL,NULL,NULL,NULL,NULL,NULL,-1,'UNASSIGNED'),('EL',NULL,NULL,NULL,NULL,NULL,NULL,-1,'UNASSIGNED'),('EM',NULL,NULL,NULL,NULL,NULL,NULL,-1,'NOT_USED'),('EN',NULL,NULL,NULL,NULL,NULL,NULL,-1,'UNASSIGNED'),('EO',NULL,NULL,NULL,NULL,NULL,NULL,-1,'UNASSIGNED'),('EP',NULL,NULL,NULL,NULL,NULL,NULL,-1,'NOT_USED'),('EQ',NULL,NULL,NULL,NULL,NULL,NULL,-1,'UNASSIGNED'),('ER','ERI',NULL,NULL,NULL,NULL,'Eritrea',232,'OFFICIALLY_ASSIGNED'),('ES','ESP',NULL,NULL,NULL,NULL,'Spain',724,'OFFICIALLY_ASSIGNED'),('ET','ETH',NULL,NULL,NULL,NULL,'Ethiopia',231,'OFFICIALLY_ASSIGNED'),('EU','null',NULL,NULL,NULL,NULL,'European Union',-1,'EXCEPTIONALLY_RESERVED'),('EV',NULL,NULL,NULL,NULL,NULL,NULL,-1,'NOT_USED'),('EW',NULL,NULL,NULL,NULL,NULL,NULL,-1,'INDETERMINATELY_RESERVED'),('EX',NULL,NULL,NULL,NULL,NULL,NULL,-1,'UNASSIGNED'),('EY',NULL,NULL,NULL,NULL,NULL,NULL,-1,'UNASSIGNED'),('EZ',NULL,NULL,NULL,NULL,NULL,NULL,-1,'UNASSIGNED'),('FA',NULL,NULL,NULL,NULL,NULL,NULL,-1,'UNASSIGNED'),('FB',NULL,NULL,NULL,NULL,NULL,NULL,-1,'UNASSIGNED'),('FC',NULL,NULL,NULL,NULL,NULL,NULL,-1,'UNASSIGNED'),('FD',NULL,NULL,NULL,NULL,NULL,NULL,-1,'UNASSIGNED'),('FE',NULL,NULL,NULL,NULL,NULL,NULL,-1,'UNASSIGNED'),('FF',NULL,NULL,NULL,NULL,NULL,NULL,-1,'UNASSIGNED'),('FG',NULL,NULL,NULL,NULL,NULL,NULL,-1,'UNASSIGNED'),('FH',NULL,NULL,NULL,NULL,NULL,NULL,-1,'UNASSIGNED'),('FI','FIN',NULL,NULL,NULL,NULL,'Finland',246,'OFFICIALLY_ASSIGNED'),('FJ','FJI',NULL,NULL,NULL,NULL,'Fiji',242,'OFFICIALLY_ASSIGNED'),('FK','FLK',NULL,NULL,NULL,NULL,'Falkland Islands (Malvinas)',238,'OFFICIALLY_ASSIGNED'),('FL',NULL,NULL,NULL,NULL,NULL,NULL,-1,'INDETERMINATELY_RESERVED'),('FM','FSM',NULL,NULL,NULL,NULL,'Micronesia, Federated States of',583,'OFFICIALLY_ASSIGNED'),('FN',NULL,NULL,NULL,NULL,NULL,NULL,-1,'UNASSIGNED'),('FO','FRO',NULL,NULL,NULL,NULL,'Faroe Islands',234,'OFFICIALLY_ASSIGNED'),('FP',NULL,NULL,NULL,NULL,NULL,NULL,-1,'UNASSIGNED'),('FQ',NULL,NULL,NULL,NULL,NULL,NULL,-1,'UNASSIGNED'),('FR','FRA',NULL,NULL,NULL,NULL,'France',250,'OFFICIALLY_ASSIGNED'),('FS',NULL,NULL,NULL,NULL,NULL,NULL,-1,'UNASSIGNED'),('FT',NULL,NULL,NULL,NULL,NULL,NULL,-1,'UNASSIGNED'),('FU',NULL,NULL,NULL,NULL,NULL,NULL,-1,'UNASSIGNED'),('FV',NULL,NULL,NULL,NULL,NULL,NULL,-1,'UNASSIGNED'),('FW',NULL,NULL,NULL,NULL,NULL,NULL,-1,'UNASSIGNED'),('FX','FXX',NULL,NULL,NULL,NULL,'France, Metropolitan',-1,'EXCEPTIONALLY_RESERVED'),('FY',NULL,NULL,NULL,NULL,NULL,NULL,-1,'UNASSIGNED'),('FZ',NULL,NULL,NULL,NULL,NULL,NULL,-1,'UNASSIGNED'),('GA','GAB',NULL,NULL,NULL,NULL,'Gabon',266,'OFFICIALLY_ASSIGNED'),('GB','GBR',NULL,NULL,NULL,NULL,'United Kingdom',826,'OFFICIALLY_ASSIGNED'),('GC',NULL,NULL,NULL,NULL,NULL,NULL,-1,'NOT_USED'),('GD','GRD',NULL,NULL,NULL,NULL,'Grenada',308,'OFFICIALLY_ASSIGNED'),('GE','GEO',NULL,NULL,NULL,NULL,'Georgia',268,'OFFICIALLY_ASSIGNED'),('GF','GUF',NULL,NULL,NULL,NULL,'French Guiana',254,'OFFICIALLY_ASSIGNED'),('GG','GGY',NULL,NULL,NULL,NULL,'Guernsey',831,'OFFICIALLY_ASSIGNED'),('GH','GHA',NULL,NULL,NULL,NULL,'Ghana',288,'OFFICIALLY_ASSIGNED'),('GI','GIB',NULL,NULL,NULL,NULL,'Gibraltar',292,'OFFICIALLY_ASSIGNED'),('GJ',NULL,NULL,NULL,NULL,NULL,NULL,-1,'UNASSIGNED'),('GK',NULL,NULL,NULL,NULL,NULL,NULL,-1,'UNASSIGNED'),('GL','GRL',NULL,NULL,NULL,NULL,'Greenland',304,'OFFICIALLY_ASSIGNED'),('GM','GMB',NULL,NULL,NULL,NULL,'Gambia',270,'OFFICIALLY_ASSIGNED'),('GN','GIN',NULL,NULL,NULL,NULL,'Guinea',324,'OFFICIALLY_ASSIGNED'),('GO',NULL,NULL,NULL,NULL,NULL,NULL,-1,'UNASSIGNED'),('GP','GLP',NULL,NULL,NULL,NULL,'Guadeloupe',312,'OFFICIALLY_ASSIGNED'),('GQ','GNQ',NULL,NULL,NULL,NULL,'Equatorial Guinea',226,'OFFICIALLY_ASSIGNED'),('GR','GRC',NULL,NULL,NULL,NULL,'Greece',300,'OFFICIALLY_ASSIGNED'),('GS','SGS',NULL,NULL,NULL,NULL,'South Georgia and the South Sandwich Islands',239,'OFFICIALLY_ASSIGNED'),('GT','GTM',NULL,NULL,NULL,NULL,'Guatemala',320,'OFFICIALLY_ASSIGNED'),('GU','GUM',NULL,NULL,NULL,NULL,'Guam',316,'OFFICIALLY_ASSIGNED'),('GV',NULL,NULL,NULL,NULL,NULL,NULL,-1,'UNASSIGNED'),('GW','GNB',NULL,NULL,NULL,NULL,'Guinea-Bissau',624,'OFFICIALLY_ASSIGNED'),('GX',NULL,NULL,NULL,NULL,NULL,NULL,-1,'UNASSIGNED'),('GY','GUY',NULL,NULL,NULL,NULL,'Guyana',328,'OFFICIALLY_ASSIGNED'),('GZ',NULL,NULL,NULL,NULL,NULL,NULL,-1,'UNASSIGNED'),('HA',NULL,NULL,NULL,NULL,NULL,NULL,-1,'UNASSIGNED'),('HB',NULL,NULL,NULL,NULL,NULL,NULL,-1,'UNASSIGNED'),('HC',NULL,NULL,NULL,NULL,NULL,NULL,-1,'UNASSIGNED'),('HD',NULL,NULL,NULL,NULL,NULL,NULL,-1,'UNASSIGNED'),('HE',NULL,NULL,NULL,NULL,NULL,NULL,-1,'UNASSIGNED'),('HF',NULL,NULL,NULL,NULL,NULL,NULL,-1,'UNASSIGNED'),('HG',NULL,NULL,NULL,NULL,NULL,NULL,-1,'UNASSIGNED'),('HH',NULL,NULL,NULL,NULL,NULL,NULL,-1,'UNASSIGNED'),('HI',NULL,NULL,NULL,NULL,NULL,NULL,-1,'UNASSIGNED'),('HJ',NULL,NULL,NULL,NULL,NULL,NULL,-1,'UNASSIGNED'),('HK','HKG',NULL,NULL,NULL,NULL,'Hong Kong',344,'OFFICIALLY_ASSIGNED'),('HL',NULL,NULL,NULL,NULL,NULL,NULL,-1,'UNASSIGNED'),('HM','HMD',NULL,NULL,NULL,NULL,'Heard Island and McDonald Islands',334,'OFFICIALLY_ASSIGNED'),('HN','HND',NULL,NULL,NULL,NULL,'Honduras',340,'OFFICIALLY_ASSIGNED'),('HO',NULL,NULL,NULL,NULL,NULL,NULL,-1,'UNASSIGNED'),('HP',NULL,NULL,NULL,NULL,NULL,NULL,-1,'UNASSIGNED'),('HQ',NULL,NULL,NULL,NULL,NULL,NULL,-1,'UNASSIGNED'),('HR','HRV',NULL,NULL,NULL,NULL,'Croatia',191,'OFFICIALLY_ASSIGNED'),('HS',NULL,NULL,NULL,NULL,NULL,NULL,-1,'UNASSIGNED'),('HT','HTI',NULL,NULL,NULL,NULL,'Haiti',332,'OFFICIALLY_ASSIGNED'),('HU','HUN',NULL,NULL,NULL,NULL,'Hungary',348,'OFFICIALLY_ASSIGNED'),('HV',NULL,NULL,NULL,NULL,NULL,NULL,-1,'UNASSIGNED'),('HW',NULL,NULL,NULL,NULL,NULL,NULL,-1,'UNASSIGNED'),('HX',NULL,NULL,NULL,NULL,NULL,NULL,-1,'UNASSIGNED'),('HY',NULL,NULL,NULL,NULL,NULL,NULL,-1,'UNASSIGNED'),('HZ',NULL,NULL,NULL,NULL,NULL,NULL,-1,'UNASSIGNED'),('IA',NULL,NULL,NULL,NULL,NULL,NULL,-1,'UNASSIGNED'),('IB',NULL,NULL,NULL,NULL,NULL,NULL,-1,'NOT_USED'),('IC','null',NULL,NULL,NULL,NULL,'Canary Islands',-1,'EXCEPTIONALLY_RESERVED'),('ID','IDN',NULL,NULL,NULL,NULL,'Indonesia',360,'OFFICIALLY_ASSIGNED'),('IE','IRL',NULL,NULL,NULL,NULL,'Ireland',372,'OFFICIALLY_ASSIGNED'),('IF',NULL,NULL,NULL,NULL,NULL,NULL,-1,'UNASSIGNED'),('IG',NULL,NULL,NULL,NULL,NULL,NULL,-1,'UNASSIGNED'),('IH',NULL,NULL,NULL,NULL,NULL,NULL,-1,'UNASSIGNED'),('II',NULL,NULL,NULL,NULL,NULL,NULL,-1,'UNASSIGNED'),('IJ',NULL,NULL,NULL,NULL,NULL,NULL,-1,'UNASSIGNED'),('IK',NULL,NULL,NULL,NULL,NULL,NULL,-1,'UNASSIGNED'),('IL','ISR',NULL,NULL,NULL,NULL,'Israel',376,'OFFICIALLY_ASSIGNED'),('IM','IMN',NULL,NULL,NULL,NULL,'Isle of Man',833,'OFFICIALLY_ASSIGNED'),('IN','IND',NULL,NULL,NULL,NULL,'India',356,'OFFICIALLY_ASSIGNED'),('IO','IOT',NULL,NULL,NULL,NULL,'British Indian Ocean Territory',86,'OFFICIALLY_ASSIGNED'),('IP',NULL,NULL,NULL,NULL,NULL,NULL,-1,'UNASSIGNED'),('IQ','IRQ',NULL,NULL,NULL,NULL,'Iraq',368,'OFFICIALLY_ASSIGNED'),('IR','IRN',NULL,NULL,NULL,NULL,'Iran, Islamic Republic of',364,'OFFICIALLY_ASSIGNED'),('IS','ISL',NULL,NULL,NULL,NULL,'Iceland',352,'OFFICIALLY_ASSIGNED'),('IT','ITA',NULL,NULL,NULL,NULL,'Italy',380,'OFFICIALLY_ASSIGNED'),('IU',NULL,NULL,NULL,NULL,NULL,NULL,-1,'UNASSIGNED'),('IV',NULL,NULL,NULL,NULL,NULL,NULL,-1,'UNASSIGNED'),('IW',NULL,NULL,NULL,NULL,NULL,NULL,-1,'UNASSIGNED'),('IX',NULL,NULL,NULL,NULL,NULL,NULL,-1,'UNASSIGNED'),('IY',NULL,NULL,NULL,NULL,NULL,NULL,-1,'UNASSIGNED'),('IZ',NULL,NULL,NULL,NULL,NULL,NULL,-1,'UNASSIGNED'),('JA',NULL,NULL,NULL,NULL,NULL,NULL,-1,'INDETERMINATELY_RESERVED'),('JB',NULL,NULL,NULL,NULL,NULL,NULL,-1,'UNASSIGNED'),('JC',NULL,NULL,NULL,NULL,NULL,NULL,-1,'UNASSIGNED'),('JD',NULL,NULL,NULL,NULL,NULL,NULL,-1,'UNASSIGNED'),('JE','JEY',NULL,NULL,NULL,NULL,'Jersey',832,'OFFICIALLY_ASSIGNED'),('JF',NULL,NULL,NULL,NULL,NULL,NULL,-1,'UNASSIGNED'),('JG',NULL,NULL,NULL,NULL,NULL,NULL,-1,'UNASSIGNED'),('JH',NULL,NULL,NULL,NULL,NULL,NULL,-1,'UNASSIGNED'),('JI',NULL,NULL,NULL,NULL,NULL,NULL,-1,'UNASSIGNED'),('JJ',NULL,NULL,NULL,NULL,NULL,NULL,-1,'UNASSIGNED'),('JK',NULL,NULL,NULL,NULL,NULL,NULL,-1,'UNASSIGNED'),('JL',NULL,NULL,NULL,NULL,NULL,NULL,-1,'UNASSIGNED'),('JM','JAM',NULL,NULL,NULL,NULL,'Jamaica',388,'OFFICIALLY_ASSIGNED'),('JN',NULL,NULL,NULL,NULL,NULL,NULL,-1,'UNASSIGNED'),('JO','JOR',NULL,NULL,NULL,NULL,'Jordan',400,'OFFICIALLY_ASSIGNED'),('JP','JPN',NULL,NULL,NULL,NULL,'Japan',392,'OFFICIALLY_ASSIGNED'),('JQ',NULL,NULL,NULL,NULL,NULL,NULL,-1,'UNASSIGNED'),('JR',NULL,NULL,NULL,NULL,NULL,NULL,-1,'UNASSIGNED'),('JS',NULL,NULL,NULL,NULL,NULL,NULL,-1,'UNASSIGNED'),('JT',NULL,NULL,NULL,NULL,NULL,NULL,-1,'UNASSIGNED'),('JU',NULL,NULL,NULL,NULL,NULL,NULL,-1,'UNASSIGNED'),('JV',NULL,NULL,NULL,NULL,NULL,NULL,-1,'UNASSIGNED'),('JW',NULL,NULL,NULL,NULL,NULL,NULL,-1,'UNASSIGNED'),('JX',NULL,NULL,NULL,NULL,NULL,NULL,-1,'UNASSIGNED'),('JY',NULL,NULL,NULL,NULL,NULL,NULL,-1,'UNASSIGNED'),('JZ',NULL,NULL,NULL,NULL,NULL,NULL,-1,'UNASSIGNED'),('KA',NULL,NULL,NULL,NULL,NULL,NULL,-1,'UNASSIGNED'),('KB',NULL,NULL,NULL,NULL,NULL,NULL,-1,'UNASSIGNED'),('KC',NULL,NULL,NULL,NULL,NULL,NULL,-1,'UNASSIGNED'),('KD',NULL,NULL,NULL,NULL,NULL,NULL,-1,'UNASSIGNED'),('KE','KEN',NULL,NULL,NULL,NULL,'Kenya',404,'OFFICIALLY_ASSIGNED'),('KF',NULL,NULL,NULL,NULL,NULL,NULL,-1,'UNASSIGNED'),('KG','KGZ',NULL,NULL,NULL,NULL,'Kyrgyzstan',417,'OFFICIALLY_ASSIGNED'),('KH','KHM',NULL,NULL,NULL,NULL,'Cambodia',116,'OFFICIALLY_ASSIGNED'),('KI','KIR',NULL,NULL,NULL,NULL,'Kiribati',296,'OFFICIALLY_ASSIGNED'),('KJ',NULL,NULL,NULL,NULL,NULL,NULL,-1,'UNASSIGNED'),('KK',NULL,NULL,NULL,NULL,NULL,NULL,-1,'UNASSIGNED'),('KL',NULL,NULL,NULL,NULL,NULL,NULL,-1,'UNASSIGNED'),('KM','COM',NULL,NULL,NULL,NULL,'Comoros',174,'OFFICIALLY_ASSIGNED'),('KN','KNA',NULL,NULL,NULL,NULL,'Saint Kitts and Nevis',659,'OFFICIALLY_ASSIGNED'),('KO',NULL,NULL,NULL,NULL,NULL,NULL,-1,'UNASSIGNED'),('KP','PRK',NULL,NULL,NULL,NULL,'Korea, Democratic People\'s Republic of',408,'OFFICIALLY_ASSIGNED'),('KQ',NULL,NULL,NULL,NULL,NULL,NULL,-1,'UNASSIGNED'),('KR','KOR',NULL,NULL,NULL,NULL,'Korea, Republic of',410,'OFFICIALLY_ASSIGNED'),('KS',NULL,NULL,NULL,NULL,NULL,NULL,-1,'UNASSIGNED'),('KT',NULL,NULL,NULL,NULL,NULL,NULL,-1,'UNASSIGNED'),('KU',NULL,NULL,NULL,NULL,NULL,NULL,-1,'UNASSIGNED'),('KV',NULL,NULL,NULL,NULL,NULL,NULL,-1,'UNASSIGNED'),('KW','KWT',NULL,NULL,NULL,NULL,'Kuwait',414,'OFFICIALLY_ASSIGNED'),('KX',NULL,NULL,NULL,NULL,NULL,NULL,-1,'UNASSIGNED'),('KY','CYM',NULL,NULL,NULL,NULL,'Cayman Islands',136,'OFFICIALLY_ASSIGNED'),('KZ','KAZ',NULL,NULL,NULL,NULL,'Kazakhstan',398,'OFFICIALLY_ASSIGNED'),('LA','LAO',NULL,NULL,NULL,NULL,'Lao People\'s Democratic Republic',418,'OFFICIALLY_ASSIGNED'),('LB','LBN',NULL,NULL,NULL,NULL,'Lebanon',422,'OFFICIALLY_ASSIGNED'),('LC','LCA',NULL,NULL,NULL,NULL,'Saint Lucia',662,'OFFICIALLY_ASSIGNED'),('LD',NULL,NULL,NULL,NULL,NULL,NULL,-1,'UNASSIGNED'),('LE',NULL,NULL,NULL,NULL,NULL,NULL,-1,'UNASSIGNED'),('LF',NULL,NULL,NULL,NULL,NULL,NULL,-1,'INDETERMINATELY_RESERVED'),('LG',NULL,NULL,NULL,NULL,NULL,NULL,-1,'UNASSIGNED'),('LH',NULL,NULL,NULL,NULL,NULL,NULL,-1,'UNASSIGNED'),('LI','LIE',NULL,NULL,NULL,NULL,'Liechtenstein',438,'OFFICIALLY_ASSIGNED'),('LJ',NULL,NULL,NULL,NULL,NULL,NULL,-1,'UNASSIGNED'),('LK','LKA',NULL,NULL,NULL,NULL,'Sri Lanka',144,'OFFICIALLY_ASSIGNED'),('LL',NULL,NULL,NULL,NULL,NULL,NULL,-1,'UNASSIGNED'),('LM',NULL,NULL,NULL,NULL,NULL,NULL,-1,'UNASSIGNED'),('LN',NULL,NULL,NULL,NULL,NULL,NULL,-1,'UNASSIGNED'),('LO',NULL,NULL,NULL,NULL,NULL,NULL,-1,'UNASSIGNED'),('LP',NULL,NULL,NULL,NULL,NULL,NULL,-1,'UNASSIGNED'),('LQ',NULL,NULL,NULL,NULL,NULL,NULL,-1,'UNASSIGNED'),('LR','LBR',NULL,NULL,NULL,NULL,'Liberia',430,'OFFICIALLY_ASSIGNED'),('LS','LSO',NULL,NULL,NULL,NULL,'Lesotho',426,'OFFICIALLY_ASSIGNED'),('LT','LTU',NULL,NULL,NULL,NULL,'Lithuania',440,'OFFICIALLY_ASSIGNED'),('LU','LUX',NULL,NULL,NULL,NULL,'Luxembourg',442,'OFFICIALLY_ASSIGNED'),('LV','LVA',NULL,NULL,NULL,NULL,'Latvia',428,'OFFICIALLY_ASSIGNED'),('LW',NULL,NULL,NULL,NULL,NULL,NULL,-1,'UNASSIGNED'),('LX',NULL,NULL,NULL,NULL,NULL,NULL,-1,'UNASSIGNED'),('LY','LBY',NULL,NULL,NULL,NULL,'Libya',434,'OFFICIALLY_ASSIGNED'),('LZ',NULL,NULL,NULL,NULL,NULL,NULL,-1,'UNASSIGNED'),('MA','MAR',NULL,NULL,NULL,NULL,'Morocco',504,'OFFICIALLY_ASSIGNED'),('MB',NULL,NULL,NULL,NULL,NULL,NULL,-1,'UNASSIGNED'),('MC','MCO',NULL,NULL,NULL,NULL,'Monaco',492,'OFFICIALLY_ASSIGNED'),('MD','MDA',NULL,NULL,NULL,NULL,'Moldova, Republic of',498,'OFFICIALLY_ASSIGNED'),('ME','MNE',NULL,NULL,NULL,NULL,'Montenegro',499,'OFFICIALLY_ASSIGNED'),('MF','MAF',NULL,NULL,NULL,NULL,'Saint Martin (French part)',663,'OFFICIALLY_ASSIGNED'),('MG','MDG',NULL,NULL,NULL,NULL,'Madagascar',450,'OFFICIALLY_ASSIGNED'),('MH','MHL',NULL,NULL,NULL,NULL,'Marshall Islands',584,'OFFICIALLY_ASSIGNED'),('MI',NULL,NULL,NULL,NULL,NULL,NULL,-1,'UNASSIGNED'),('MJ',NULL,NULL,NULL,NULL,NULL,NULL,-1,'UNASSIGNED'),('MK','MKD',NULL,NULL,NULL,NULL,'Macedonia, the former Yugoslav Republic of',807,'OFFICIALLY_ASSIGNED'),('ML','MLI',NULL,NULL,NULL,NULL,'Mali',466,'OFFICIALLY_ASSIGNED'),('MM','MMR',NULL,NULL,NULL,NULL,'Myanmar',104,'OFFICIALLY_ASSIGNED'),('MN','MNG',NULL,NULL,NULL,NULL,'Mongolia',496,'OFFICIALLY_ASSIGNED'),('MO','MAC',NULL,NULL,NULL,NULL,'Macao',446,'OFFICIALLY_ASSIGNED'),('MP','MNP',NULL,NULL,NULL,NULL,'Northern Mariana Islands',580,'OFFICIALLY_ASSIGNED'),('MQ','MTQ',NULL,NULL,NULL,NULL,'Martinique',474,'OFFICIALLY_ASSIGNED'),('MR','MRT',NULL,NULL,NULL,NULL,'Mauritania',478,'OFFICIALLY_ASSIGNED'),('MS','MSR',NULL,NULL,NULL,NULL,'Montserrat',500,'OFFICIALLY_ASSIGNED'),('MT','MLT',NULL,NULL,NULL,NULL,'Malta',470,'OFFICIALLY_ASSIGNED'),('MU','MUS',NULL,NULL,NULL,NULL,'Mauritius',480,'OFFICIALLY_ASSIGNED'),('MV','MDV',NULL,NULL,NULL,NULL,'Maldives',462,'OFFICIALLY_ASSIGNED'),('MW','MWI',NULL,NULL,NULL,NULL,'Malawi',454,'OFFICIALLY_ASSIGNED'),('MX','MEX',NULL,NULL,NULL,NULL,'Mexico',484,'OFFICIALLY_ASSIGNED'),('MY','MYS',NULL,NULL,NULL,NULL,'Malaysia',458,'OFFICIALLY_ASSIGNED'),('MZ','MOZ',NULL,NULL,NULL,NULL,'Mozambique',508,'OFFICIALLY_ASSIGNED'),('NA','NAM',NULL,NULL,NULL,NULL,'Namibia',516,'OFFICIALLY_ASSIGNED'),('NB',NULL,NULL,NULL,NULL,NULL,NULL,-1,'UNASSIGNED'),('NC','NCL',NULL,NULL,NULL,NULL,'New Caledonia',540,'OFFICIALLY_ASSIGNED'),('ND',NULL,NULL,NULL,NULL,NULL,NULL,-1,'UNASSIGNED'),('NE','NER',NULL,NULL,NULL,NULL,'Niger',562,'OFFICIALLY_ASSIGNED'),('NF','NFK',NULL,NULL,NULL,NULL,'Norfolk Island',574,'OFFICIALLY_ASSIGNED'),('NG','NGA',NULL,NULL,NULL,NULL,'Nigeria',566,'OFFICIALLY_ASSIGNED'),('NH',NULL,NULL,NULL,NULL,NULL,NULL,-1,'UNASSIGNED'),('NI','NIC',NULL,NULL,NULL,NULL,'Nicaragua',558,'OFFICIALLY_ASSIGNED'),('NJ',NULL,NULL,NULL,NULL,NULL,NULL,-1,'UNASSIGNED'),('NK',NULL,NULL,NULL,NULL,NULL,NULL,-1,'UNASSIGNED'),('NL','NLD',NULL,NULL,NULL,NULL,'Netherlands',528,'OFFICIALLY_ASSIGNED'),('NM',NULL,NULL,NULL,NULL,NULL,NULL,-1,'UNASSIGNED'),('NN',NULL,NULL,NULL,NULL,NULL,NULL,-1,'UNASSIGNED'),('NO','NOR',NULL,NULL,NULL,NULL,'Norway',578,'OFFICIALLY_ASSIGNED'),('NP','NPL',NULL,NULL,NULL,NULL,'Nepal',524,'OFFICIALLY_ASSIGNED'),('NQ',NULL,NULL,NULL,NULL,NULL,NULL,-1,'UNASSIGNED'),('NR','NRU',NULL,NULL,NULL,NULL,'Nauru',520,'OFFICIALLY_ASSIGNED'),('NS',NULL,NULL,NULL,NULL,NULL,NULL,-1,'UNASSIGNED'),('NT','NTHH',NULL,NULL,NULL,NULL,'Neutral Zone',536,'TRANSITIONALLY_RESERVED'),('NU','NIU',NULL,NULL,NULL,NULL,'Niue',570,'OFFICIALLY_ASSIGNED'),('NV',NULL,NULL,NULL,NULL,NULL,NULL,-1,'UNASSIGNED'),('NW',NULL,NULL,NULL,NULL,NULL,NULL,-1,'UNASSIGNED'),('NX',NULL,NULL,NULL,NULL,NULL,NULL,-1,'UNASSIGNED'),('NY',NULL,NULL,NULL,NULL,NULL,NULL,-1,'UNASSIGNED'),('NZ','NZL',NULL,NULL,NULL,NULL,'New Zealand',554,'OFFICIALLY_ASSIGNED'),('OA',NULL,NULL,NULL,NULL,NULL,NULL,-1,'NOT_USED'),('OB',NULL,NULL,NULL,NULL,NULL,NULL,-1,'UNASSIGNED'),('OC',NULL,NULL,NULL,NULL,NULL,NULL,-1,'UNASSIGNED'),('OD',NULL,NULL,NULL,NULL,NULL,NULL,-1,'UNASSIGNED'),('OE',NULL,NULL,NULL,NULL,NULL,NULL,-1,'UNASSIGNED'),('OF',NULL,NULL,NULL,NULL,NULL,NULL,-1,'UNASSIGNED'),('OG',NULL,NULL,NULL,NULL,NULL,NULL,-1,'UNASSIGNED'),('OH',NULL,NULL,NULL,NULL,NULL,NULL,-1,'UNASSIGNED'),('OI',NULL,NULL,NULL,NULL,NULL,NULL,-1,'UNASSIGNED'),('OJ',NULL,NULL,NULL,NULL,NULL,NULL,-1,'UNASSIGNED'),('OK',NULL,NULL,NULL,NULL,NULL,NULL,-1,'UNASSIGNED'),('OL',NULL,NULL,NULL,NULL,NULL,NULL,-1,'UNASSIGNED'),('OM','OMN',NULL,NULL,NULL,NULL,'Oman',512,'OFFICIALLY_ASSIGNED'),('ON',NULL,NULL,NULL,NULL,NULL,NULL,-1,'UNASSIGNED'),('OO',NULL,NULL,NULL,NULL,NULL,NULL,-1,'UNASSIGNED'),('OP',NULL,NULL,NULL,NULL,NULL,NULL,-1,'UNASSIGNED'),('OQ',NULL,NULL,NULL,NULL,NULL,NULL,-1,'UNASSIGNED'),('OR',NULL,NULL,NULL,NULL,NULL,NULL,-1,'UNASSIGNED'),('OS',NULL,NULL,NULL,NULL,NULL,NULL,-1,'UNASSIGNED'),('OT',NULL,NULL,NULL,NULL,NULL,NULL,-1,'UNASSIGNED'),('OU',NULL,NULL,NULL,NULL,NULL,NULL,-1,'UNASSIGNED'),('OV',NULL,NULL,NULL,NULL,NULL,NULL,-1,'UNASSIGNED'),('OW',NULL,NULL,NULL,NULL,NULL,NULL,-1,'UNASSIGNED'),('OX',NULL,NULL,NULL,NULL,NULL,NULL,-1,'UNASSIGNED'),('OY',NULL,NULL,NULL,NULL,NULL,NULL,-1,'UNASSIGNED'),('OZ',NULL,NULL,NULL,NULL,NULL,NULL,-1,'UNASSIGNED'),('PA','PAN',NULL,NULL,NULL,NULL,'Panama',591,'OFFICIALLY_ASSIGNED'),('PB',NULL,NULL,NULL,NULL,NULL,NULL,-1,'UNASSIGNED'),('PC',NULL,NULL,NULL,NULL,NULL,NULL,-1,'UNASSIGNED'),('PD',NULL,NULL,NULL,NULL,NULL,NULL,-1,'UNASSIGNED'),('PE','PER',NULL,NULL,NULL,NULL,'Peru',604,'OFFICIALLY_ASSIGNED'),('PF','PYF',NULL,NULL,NULL,NULL,'French Polynesia',258,'OFFICIALLY_ASSIGNED'),('PG','PNG',NULL,NULL,NULL,NULL,'Papua New Guinea',598,'OFFICIALLY_ASSIGNED'),('PH','PHL',NULL,NULL,NULL,NULL,'Philippines',608,'OFFICIALLY_ASSIGNED'),('PI',NULL,NULL,NULL,NULL,NULL,NULL,-1,'INDETERMINATELY_RESERVED'),('PJ',NULL,NULL,NULL,NULL,NULL,NULL,-1,'UNASSIGNED'),('PK','PAK',NULL,NULL,NULL,NULL,'Pakistan',586,'OFFICIALLY_ASSIGNED'),('PL','POL',NULL,NULL,NULL,NULL,'Poland',616,'OFFICIALLY_ASSIGNED'),('PM','SPM',NULL,NULL,NULL,NULL,'Saint Pierre and Miquelon',666,'OFFICIALLY_ASSIGNED'),('PN','PCN',NULL,NULL,NULL,NULL,'Pitcairn',612,'OFFICIALLY_ASSIGNED'),('PO',NULL,NULL,NULL,NULL,NULL,NULL,-1,'UNASSIGNED'),('PP',NULL,NULL,NULL,NULL,NULL,NULL,-1,'UNASSIGNED'),('PQ',NULL,NULL,NULL,NULL,NULL,NULL,-1,'UNASSIGNED'),('PR','PRI',NULL,NULL,NULL,NULL,'Puerto Rico',630,'OFFICIALLY_ASSIGNED'),('PS','PSE',NULL,NULL,NULL,NULL,'Palestine, State of',275,'OFFICIALLY_ASSIGNED'),('PT','PRT',NULL,NULL,NULL,NULL,'Portugal',620,'OFFICIALLY_ASSIGNED'),('PU',NULL,NULL,NULL,NULL,NULL,NULL,-1,'UNASSIGNED'),('PV',NULL,NULL,NULL,NULL,NULL,NULL,-1,'UNASSIGNED'),('PW','PLW',NULL,NULL,NULL,NULL,'Palau',585,'OFFICIALLY_ASSIGNED'),('PX',NULL,NULL,NULL,NULL,NULL,NULL,-1,'UNASSIGNED'),('PY','PRY',NULL,NULL,NULL,NULL,'Paraguay',600,'OFFICIALLY_ASSIGNED'),('PZ',NULL,NULL,NULL,NULL,NULL,NULL,-1,'UNASSIGNED'),('QA','QAT',NULL,NULL,NULL,NULL,'Qatar',634,'OFFICIALLY_ASSIGNED'),('QB',NULL,NULL,NULL,NULL,NULL,NULL,-1,'UNASSIGNED'),('QC',NULL,NULL,NULL,NULL,NULL,NULL,-1,'UNASSIGNED'),('QD',NULL,NULL,NULL,NULL,NULL,NULL,-1,'UNASSIGNED'),('QE',NULL,NULL,NULL,NULL,NULL,NULL,-1,'UNASSIGNED'),('QF',NULL,NULL,NULL,NULL,NULL,NULL,-1,'UNASSIGNED'),('QG',NULL,NULL,NULL,NULL,NULL,NULL,-1,'UNASSIGNED'),('QH',NULL,NULL,NULL,NULL,NULL,NULL,-1,'UNASSIGNED'),('QI',NULL,NULL,NULL,NULL,NULL,NULL,-1,'UNASSIGNED'),('QJ',NULL,NULL,NULL,NULL,NULL,NULL,-1,'UNASSIGNED'),('QK',NULL,NULL,NULL,NULL,NULL,NULL,-1,'UNASSIGNED'),('QL',NULL,NULL,NULL,NULL,NULL,NULL,-1,'UNASSIGNED'),('QM',NULL,NULL,NULL,NULL,NULL,NULL,-1,'USER_ASSIGNED'),('QN',NULL,NULL,NULL,NULL,NULL,NULL,-1,'USER_ASSIGNED'),('QO',NULL,NULL,NULL,NULL,NULL,NULL,-1,'USER_ASSIGNED'),('QP',NULL,NULL,NULL,NULL,NULL,NULL,-1,'USER_ASSIGNED'),('QQ',NULL,NULL,NULL,NULL,NULL,NULL,-1,'USER_ASSIGNED'),('QR',NULL,NULL,NULL,NULL,NULL,NULL,-1,'USER_ASSIGNED'),('QS',NULL,NULL,NULL,NULL,NULL,NULL,-1,'USER_ASSIGNED'),('QT',NULL,NULL,NULL,NULL,NULL,NULL,-1,'USER_ASSIGNED'),('QU',NULL,NULL,NULL,NULL,NULL,NULL,-1,'USER_ASSIGNED'),('QV',NULL,NULL,NULL,NULL,NULL,NULL,-1,'USER_ASSIGNED'),('QW',NULL,NULL,NULL,NULL,NULL,NULL,-1,'USER_ASSIGNED'),('QX',NULL,NULL,NULL,NULL,NULL,NULL,-1,'USER_ASSIGNED'),('QY',NULL,NULL,NULL,NULL,NULL,NULL,-1,'USER_ASSIGNED'),('QZ',NULL,NULL,NULL,NULL,NULL,NULL,-1,'USER_ASSIGNED'),('RA',NULL,NULL,NULL,NULL,NULL,NULL,-1,'INDETERMINATELY_RESERVED'),('RB',NULL,NULL,NULL,NULL,NULL,NULL,-1,'INDETERMINATELY_RESERVED'),('RC',NULL,NULL,NULL,NULL,NULL,NULL,-1,'INDETERMINATELY_RESERVED'),('RD',NULL,NULL,NULL,NULL,NULL,NULL,-1,'UNASSIGNED'),('RE','REU',NULL,NULL,NULL,NULL,'Runion',638,'OFFICIALLY_ASSIGNED'),('RF',NULL,NULL,NULL,NULL,NULL,NULL,-1,'UNASSIGNED'),('RG',NULL,NULL,NULL,NULL,NULL,NULL,-1,'UNASSIGNED'),('RH',NULL,NULL,NULL,NULL,NULL,NULL,-1,'INDETERMINATELY_RESERVED'),('RI',NULL,NULL,NULL,NULL,NULL,NULL,-1,'INDETERMINATELY_RESERVED'),('RJ',NULL,NULL,NULL,NULL,NULL,NULL,-1,'UNASSIGNED'),('RK',NULL,NULL,NULL,NULL,NULL,NULL,-1,'UNASSIGNED'),('RL',NULL,NULL,NULL,NULL,NULL,NULL,-1,'INDETERMINATELY_RESERVED'),('RM',NULL,NULL,NULL,NULL,NULL,NULL,-1,'INDETERMINATELY_RESERVED'),('RN',NULL,NULL,NULL,NULL,NULL,NULL,-1,'INDETERMINATELY_RESERVED'),('RO','ROU',NULL,NULL,NULL,NULL,'Romania',642,'OFFICIALLY_ASSIGNED'),('RP',NULL,NULL,NULL,NULL,NULL,NULL,-1,'INDETERMINATELY_RESERVED'),('RQ',NULL,NULL,NULL,NULL,NULL,NULL,-1,'UNASSIGNED'),('RR',NULL,NULL,NULL,NULL,NULL,NULL,-1,'UNASSIGNED'),('RS','SRB',NULL,NULL,NULL,NULL,'Serbia',688,'OFFICIALLY_ASSIGNED'),('RT',NULL,NULL,NULL,NULL,NULL,NULL,-1,'UNASSIGNED'),('RU','RUS',NULL,NULL,NULL,NULL,'Russian Federation',643,'OFFICIALLY_ASSIGNED'),('RV',NULL,NULL,NULL,NULL,NULL,NULL,-1,'UNASSIGNED'),('RW','RWA',NULL,NULL,NULL,NULL,'Rwanda',646,'OFFICIALLY_ASSIGNED'),('RX',NULL,NULL,NULL,NULL,NULL,NULL,-1,'UNASSIGNED'),('RY',NULL,NULL,NULL,NULL,NULL,NULL,-1,'UNASSIGNED'),('RZ',NULL,NULL,NULL,NULL,NULL,NULL,-1,'UNASSIGNED'),('SA','SAU',NULL,NULL,NULL,NULL,'Saudi Arabia',682,'OFFICIALLY_ASSIGNED'),('SB','SLB',NULL,NULL,NULL,NULL,'Solomon Islands',90,'OFFICIALLY_ASSIGNED'),('SC','SYC',NULL,NULL,NULL,NULL,'Seychelles',690,'OFFICIALLY_ASSIGNED'),('SD','SDN',NULL,NULL,NULL,NULL,'Sudan',729,'OFFICIALLY_ASSIGNED'),('SE','SWE',NULL,NULL,NULL,NULL,'Sweden',752,'OFFICIALLY_ASSIGNED'),('SF','FIN',NULL,NULL,NULL,NULL,'Finland',246,'TRANSITIONALLY_RESERVED'),('SG','SGP',NULL,NULL,NULL,NULL,'Singapore',702,'OFFICIALLY_ASSIGNED'),('SH','SHN',NULL,NULL,NULL,NULL,'Saint Helena, Ascension and Tristan da Cunha',654,'OFFICIALLY_ASSIGNED'),('SI','SVN',NULL,NULL,NULL,NULL,'Slovenia',705,'OFFICIALLY_ASSIGNED'),('SJ','SJM',NULL,NULL,NULL,NULL,'Svalbard and Jan Mayen',744,'OFFICIALLY_ASSIGNED'),('SK','SVK',NULL,NULL,NULL,NULL,'Slovakia',703,'OFFICIALLY_ASSIGNED'),('SL','SLE',NULL,NULL,NULL,NULL,'Sierra Leone',694,'OFFICIALLY_ASSIGNED'),('SM','SMR',NULL,NULL,NULL,NULL,'San Marino',674,'OFFICIALLY_ASSIGNED'),('SN','SEN',NULL,NULL,NULL,NULL,'Senegal',686,'OFFICIALLY_ASSIGNED'),('SO','SOM',NULL,NULL,NULL,NULL,'Somalia',706,'OFFICIALLY_ASSIGNED'),('SP',NULL,NULL,NULL,NULL,NULL,NULL,-1,'UNASSIGNED'),('SQ',NULL,NULL,NULL,NULL,NULL,NULL,-1,'UNASSIGNED'),('SR','SUR',NULL,NULL,NULL,NULL,'Suriname',740,'OFFICIALLY_ASSIGNED'),('SS','SSD',NULL,NULL,NULL,NULL,'South Sudan',728,'OFFICIALLY_ASSIGNED'),('ST','STP',NULL,NULL,NULL,NULL,'Sao Tome and Principe',678,'OFFICIALLY_ASSIGNED'),('SU','SUN',NULL,NULL,NULL,NULL,'USSR',-1,'EXCEPTIONALLY_RESERVED'),('SV','SLV',NULL,NULL,NULL,NULL,'El Salvador',222,'OFFICIALLY_ASSIGNED'),('SW',NULL,NULL,NULL,NULL,NULL,NULL,-1,'UNASSIGNED'),('SX','SXM',NULL,NULL,NULL,NULL,'Sint Maarten (Dutch part)',534,'OFFICIALLY_ASSIGNED'),('SY','SYR',NULL,NULL,NULL,NULL,'Syrian Arab Republic',760,'OFFICIALLY_ASSIGNED'),('SZ','SWZ',NULL,NULL,NULL,NULL,'Swaziland',748,'OFFICIALLY_ASSIGNED'),('TA','TAA',NULL,NULL,NULL,NULL,'Tristan da Cunha',-1,'EXCEPTIONALLY_RESERVED'),('TB',NULL,NULL,NULL,NULL,NULL,NULL,-1,'UNASSIGNED'),('TC','TCA',NULL,NULL,NULL,NULL,'Turks and Caicos Islands',796,'OFFICIALLY_ASSIGNED'),('TD','TCD',NULL,NULL,NULL,NULL,'Chad',148,'OFFICIALLY_ASSIGNED'),('TE',NULL,NULL,NULL,NULL,NULL,NULL,-1,'UNASSIGNED'),('TF','ATF',NULL,NULL,NULL,NULL,'French Southern Territories',260,'OFFICIALLY_ASSIGNED'),('TG','TGO',NULL,NULL,NULL,NULL,'Togo',768,'OFFICIALLY_ASSIGNED'),('TH','THA',NULL,NULL,NULL,NULL,'Thailand',764,'OFFICIALLY_ASSIGNED'),('TI',NULL,NULL,NULL,NULL,NULL,NULL,-1,'UNASSIGNED'),('TJ','TJK',NULL,NULL,NULL,NULL,'Tajikistan',762,'OFFICIALLY_ASSIGNED'),('TK','TKL',NULL,NULL,NULL,NULL,'Tokelau',772,'OFFICIALLY_ASSIGNED'),('TL','TLS',NULL,NULL,NULL,NULL,'Timor-Leste',626,'OFFICIALLY_ASSIGNED'),('TM','TKM',NULL,NULL,NULL,NULL,'Turkmenistan',795,'OFFICIALLY_ASSIGNED'),('TN','TUN',NULL,NULL,NULL,NULL,'Tunisia',788,'OFFICIALLY_ASSIGNED'),('TO','TON',NULL,NULL,NULL,NULL,'Tonga',776,'OFFICIALLY_ASSIGNED'),('TP','TPTL',NULL,NULL,NULL,NULL,'East Timor',0,'TRANSITIONALLY_RESERVED'),('TQ',NULL,NULL,NULL,NULL,NULL,NULL,-1,'UNASSIGNED'),('TR','TUR',NULL,NULL,NULL,NULL,'Turkey',792,'OFFICIALLY_ASSIGNED'),('TS',NULL,NULL,NULL,NULL,NULL,NULL,-1,'UNASSIGNED'),('TT','TTO',NULL,NULL,NULL,NULL,'Trinidad and Tobago',780,'OFFICIALLY_ASSIGNED'),('TU',NULL,NULL,NULL,NULL,NULL,NULL,-1,'UNASSIGNED'),('TV','TUV',NULL,NULL,NULL,NULL,'Tuvalu',798,'OFFICIALLY_ASSIGNED'),('TW','TWN',NULL,NULL,NULL,NULL,'Taiwan, Province of China',158,'OFFICIALLY_ASSIGNED'),('TX',NULL,NULL,NULL,NULL,NULL,NULL,-1,'UNASSIGNED'),('TY',NULL,NULL,NULL,NULL,NULL,NULL,-1,'UNASSIGNED'),('TZ','TZA',NULL,NULL,NULL,NULL,'Tanzania, United Republic of',834,'OFFICIALLY_ASSIGNED'),('UA','UKR',NULL,NULL,NULL,NULL,'Ukraine',804,'OFFICIALLY_ASSIGNED'),('UB',NULL,NULL,NULL,NULL,NULL,NULL,-1,'UNASSIGNED'),('UC',NULL,NULL,NULL,NULL,NULL,NULL,-1,'UNASSIGNED'),('UD',NULL,NULL,NULL,NULL,NULL,NULL,-1,'UNASSIGNED'),('UE',NULL,NULL,NULL,NULL,NULL,NULL,-1,'UNASSIGNED'),('UF',NULL,NULL,NULL,NULL,NULL,NULL,-1,'UNASSIGNED'),('UG','UGA',NULL,NULL,NULL,NULL,'Uganda',800,'OFFICIALLY_ASSIGNED'),('UH',NULL,NULL,NULL,NULL,NULL,NULL,-1,'UNASSIGNED'),('UI',NULL,NULL,NULL,NULL,NULL,NULL,-1,'UNASSIGNED'),('UJ',NULL,NULL,NULL,NULL,NULL,NULL,-1,'UNASSIGNED'),('UK','null',NULL,NULL,NULL,NULL,'United Kingdom',-1,'EXCEPTIONALLY_RESERVED'),('UL',NULL,NULL,NULL,NULL,NULL,NULL,-1,'UNASSIGNED'),('UM','UMI',NULL,NULL,NULL,NULL,'United States Minor Outlying Islands',581,'OFFICIALLY_ASSIGNED'),('UN',NULL,NULL,NULL,NULL,NULL,NULL,-1,'UNASSIGNED'),('UO',NULL,NULL,NULL,NULL,NULL,NULL,-1,'UNASSIGNED'),('UP',NULL,NULL,NULL,NULL,NULL,NULL,-1,'UNASSIGNED'),('UQ',NULL,NULL,NULL,NULL,NULL,NULL,-1,'UNASSIGNED'),('UR',NULL,NULL,NULL,NULL,NULL,NULL,-1,'UNASSIGNED'),('US','USA',NULL,NULL,NULL,NULL,'United States',840,'OFFICIALLY_ASSIGNED'),('UT',NULL,NULL,NULL,NULL,NULL,NULL,-1,'UNASSIGNED'),('UU',NULL,NULL,NULL,NULL,NULL,NULL,-1,'UNASSIGNED'),('UV',NULL,NULL,NULL,NULL,NULL,NULL,-1,'UNASSIGNED'),('UW',NULL,NULL,NULL,NULL,NULL,NULL,-1,'UNASSIGNED'),('UX',NULL,NULL,NULL,NULL,NULL,NULL,-1,'UNASSIGNED'),('UY','URY',NULL,NULL,NULL,NULL,'Uruguay',858,'OFFICIALLY_ASSIGNED'),('UZ','UZB',NULL,NULL,NULL,NULL,'Uzbekistan',860,'OFFICIALLY_ASSIGNED'),('VA','VAT',NULL,NULL,NULL,NULL,'Holy See (Vatican City State)',336,'OFFICIALLY_ASSIGNED'),('VB',NULL,NULL,NULL,NULL,NULL,NULL,-1,'UNASSIGNED'),('VC','VCT',NULL,NULL,NULL,NULL,'Saint Vincent and the Grenadines',670,'OFFICIALLY_ASSIGNED'),('VD',NULL,NULL,NULL,NULL,NULL,NULL,-1,'UNASSIGNED'),('VE','VEN',NULL,NULL,NULL,NULL,'Venezuela, Bolivarian Republic of',862,'OFFICIALLY_ASSIGNED'),('VF',NULL,NULL,NULL,NULL,NULL,NULL,-1,'UNASSIGNED'),('VG','VGB',NULL,NULL,NULL,NULL,'Virgin Islands, British',92,'OFFICIALLY_ASSIGNED'),('VH',NULL,NULL,NULL,NULL,NULL,NULL,-1,'UNASSIGNED'),('VI','VIR',NULL,NULL,NULL,NULL,'Virgin Islands, U.S.',850,'OFFICIALLY_ASSIGNED'),('VJ',NULL,NULL,NULL,NULL,NULL,NULL,-1,'UNASSIGNED'),('VK',NULL,NULL,NULL,NULL,NULL,NULL,-1,'UNASSIGNED'),('VL',NULL,NULL,NULL,NULL,NULL,NULL,-1,'UNASSIGNED'),('VM',NULL,NULL,NULL,NULL,NULL,NULL,-1,'UNASSIGNED'),('VN','VNM',NULL,NULL,NULL,NULL,'Viet Nam',704,'OFFICIALLY_ASSIGNED'),('VO',NULL,NULL,NULL,NULL,NULL,NULL,-1,'UNASSIGNED'),('VP',NULL,NULL,NULL,NULL,NULL,NULL,-1,'UNASSIGNED'),('VQ',NULL,NULL,NULL,NULL,NULL,NULL,-1,'UNASSIGNED'),('VR',NULL,NULL,NULL,NULL,NULL,NULL,-1,'UNASSIGNED'),('VS',NULL,NULL,NULL,NULL,NULL,NULL,-1,'UNASSIGNED'),('VT',NULL,NULL,NULL,NULL,NULL,NULL,-1,'UNASSIGNED'),('VU','VUT',NULL,NULL,NULL,NULL,'Vanuatu',548,'OFFICIALLY_ASSIGNED'),('VV',NULL,NULL,NULL,NULL,NULL,NULL,-1,'UNASSIGNED'),('VW',NULL,NULL,NULL,NULL,NULL,NULL,-1,'UNASSIGNED'),('VX',NULL,NULL,NULL,NULL,NULL,NULL,-1,'UNASSIGNED'),('VY',NULL,NULL,NULL,NULL,NULL,NULL,-1,'UNASSIGNED'),('VZ',NULL,NULL,NULL,NULL,NULL,NULL,-1,'UNASSIGNED'),('WA',NULL,NULL,NULL,NULL,NULL,NULL,-1,'UNASSIGNED'),('WB',NULL,NULL,NULL,NULL,NULL,NULL,-1,'UNASSIGNED'),('WC',NULL,NULL,NULL,NULL,NULL,NULL,-1,'UNASSIGNED'),('WD',NULL,NULL,NULL,NULL,NULL,NULL,-1,'UNASSIGNED'),('WE',NULL,NULL,NULL,NULL,NULL,NULL,-1,'UNASSIGNED'),('WF','WLF',NULL,NULL,NULL,NULL,'Wallis and Futuna',876,'OFFICIALLY_ASSIGNED'),('WG',NULL,NULL,NULL,NULL,NULL,NULL,-1,'INDETERMINATELY_RESERVED'),('WH',NULL,NULL,NULL,NULL,NULL,NULL,-1,'UNASSIGNED'),('WI',NULL,NULL,NULL,NULL,NULL,NULL,-1,'UNASSIGNED'),('WJ',NULL,NULL,NULL,NULL,NULL,NULL,-1,'UNASSIGNED'),('WK',NULL,NULL,NULL,NULL,NULL,NULL,-1,'UNASSIGNED'),('WL',NULL,NULL,NULL,NULL,NULL,NULL,-1,'INDETERMINATELY_RESERVED'),('WM',NULL,NULL,NULL,NULL,NULL,NULL,-1,'UNASSIGNED'),('WN',NULL,NULL,NULL,NULL,NULL,NULL,-1,'UNASSIGNED'),('WO',NULL,NULL,NULL,NULL,NULL,NULL,-1,'NOT_USED'),('WP',NULL,NULL,NULL,NULL,NULL,NULL,-1,'UNASSIGNED'),('WQ',NULL,NULL,NULL,NULL,NULL,NULL,-1,'UNASSIGNED'),('WR',NULL,NULL,NULL,NULL,NULL,NULL,-1,'UNASSIGNED'),('WS','WSM',NULL,NULL,NULL,NULL,'Samoa',882,'OFFICIALLY_ASSIGNED'),('WT',NULL,NULL,NULL,NULL,NULL,NULL,-1,'UNASSIGNED'),('WU',NULL,NULL,NULL,NULL,NULL,NULL,-1,'UNASSIGNED'),('WV',NULL,NULL,NULL,NULL,NULL,NULL,-1,'INDETERMINATELY_RESERVED'),('WW',NULL,NULL,NULL,NULL,NULL,NULL,-1,'UNASSIGNED'),('WX',NULL,NULL,NULL,NULL,NULL,NULL,-1,'UNASSIGNED'),('WY',NULL,NULL,NULL,NULL,NULL,NULL,-1,'UNASSIGNED'),('WZ',NULL,NULL,NULL,NULL,NULL,NULL,-1,'UNASSIGNED'),('XA',NULL,NULL,NULL,NULL,NULL,NULL,-1,'USER_ASSIGNED'),('XB',NULL,NULL,NULL,NULL,NULL,NULL,-1,'USER_ASSIGNED'),('XC',NULL,NULL,NULL,NULL,NULL,NULL,-1,'USER_ASSIGNED'),('XD',NULL,NULL,NULL,NULL,NULL,NULL,-1,'USER_ASSIGNED'),('XE',NULL,NULL,NULL,NULL,NULL,NULL,-1,'USER_ASSIGNED'),('XF',NULL,NULL,NULL,NULL,NULL,NULL,-1,'USER_ASSIGNED'),('XG',NULL,NULL,NULL,NULL,NULL,NULL,-1,'USER_ASSIGNED'),('XH',NULL,NULL,NULL,NULL,NULL,NULL,-1,'USER_ASSIGNED'),('XI',NULL,NULL,NULL,NULL,NULL,NULL,-1,'USER_ASSIGNED'),('XJ',NULL,NULL,NULL,NULL,NULL,NULL,-1,'USER_ASSIGNED'),('XK','XXK',NULL,NULL,NULL,NULL,'Kosovo, Republic of',-1,'USER_ASSIGNED'),('XL',NULL,NULL,NULL,NULL,NULL,NULL,-1,'USER_ASSIGNED'),('XM',NULL,NULL,NULL,NULL,NULL,NULL,-1,'USER_ASSIGNED'),('XN',NULL,NULL,NULL,NULL,NULL,NULL,-1,'USER_ASSIGNED'),('XO',NULL,NULL,NULL,NULL,NULL,NULL,-1,'USER_ASSIGNED'),('XP',NULL,NULL,NULL,NULL,NULL,NULL,-1,'USER_ASSIGNED'),('XQ',NULL,NULL,NULL,NULL,NULL,NULL,-1,'USER_ASSIGNED'),('XR',NULL,NULL,NULL,NULL,NULL,NULL,-1,'USER_ASSIGNED'),('XS',NULL,NULL,NULL,NULL,NULL,NULL,-1,'USER_ASSIGNED'),('XT',NULL,NULL,NULL,NULL,NULL,NULL,-1,'USER_ASSIGNED'),('XU',NULL,NULL,NULL,NULL,NULL,NULL,-1,'USER_ASSIGNED'),('XV',NULL,NULL,NULL,NULL,NULL,NULL,-1,'USER_ASSIGNED'),('XW',NULL,NULL,NULL,NULL,NULL,NULL,-1,'USER_ASSIGNED'),('XX',NULL,NULL,NULL,NULL,NULL,NULL,-1,'USER_ASSIGNED'),('XY',NULL,NULL,NULL,NULL,NULL,NULL,-1,'USER_ASSIGNED'),('XZ',NULL,NULL,NULL,NULL,NULL,NULL,-1,'USER_ASSIGNED'),('YA',NULL,NULL,NULL,NULL,NULL,NULL,-1,'UNASSIGNED'),('YB',NULL,NULL,NULL,NULL,NULL,NULL,-1,'UNASSIGNED'),('YC',NULL,NULL,NULL,NULL,NULL,NULL,-1,'UNASSIGNED'),('YD',NULL,NULL,NULL,NULL,NULL,NULL,-1,'UNASSIGNED'),('YE','YEM',NULL,NULL,NULL,NULL,'Yemen',887,'OFFICIALLY_ASSIGNED'),('YF',NULL,NULL,NULL,NULL,NULL,NULL,-1,'UNASSIGNED'),('YG',NULL,NULL,NULL,NULL,NULL,NULL,-1,'UNASSIGNED'),('YH',NULL,NULL,NULL,NULL,NULL,NULL,-1,'UNASSIGNED'),('YI',NULL,NULL,NULL,NULL,NULL,NULL,-1,'UNASSIGNED'),('YJ',NULL,NULL,NULL,NULL,NULL,NULL,-1,'UNASSIGNED'),('YK',NULL,NULL,NULL,NULL,NULL,NULL,-1,'UNASSIGNED'),('YL',NULL,NULL,NULL,NULL,NULL,NULL,-1,'UNASSIGNED'),('YM',NULL,NULL,NULL,NULL,NULL,NULL,-1,'UNASSIGNED'),('YN',NULL,NULL,NULL,NULL,NULL,NULL,-1,'UNASSIGNED'),('YO',NULL,NULL,NULL,NULL,NULL,NULL,-1,'UNASSIGNED'),('YP',NULL,NULL,NULL,NULL,NULL,NULL,-1,'UNASSIGNED'),('YQ',NULL,NULL,NULL,NULL,NULL,NULL,-1,'UNASSIGNED'),('YR',NULL,NULL,NULL,NULL,NULL,NULL,-1,'UNASSIGNED'),('YS',NULL,NULL,NULL,NULL,NULL,NULL,-1,'UNASSIGNED'),('YT','MYT',NULL,NULL,NULL,NULL,'Mayotte',175,'OFFICIALLY_ASSIGNED'),('YU','YUCS',NULL,NULL,NULL,NULL,'Yugoslavia',890,'TRANSITIONALLY_RESERVED'),('YV',NULL,NULL,NULL,NULL,NULL,NULL,-1,'INDETERMINATELY_RESERVED'),('YW',NULL,NULL,NULL,NULL,NULL,NULL,-1,'UNASSIGNED'),('YX',NULL,NULL,NULL,NULL,NULL,NULL,-1,'UNASSIGNED'),('YY',NULL,NULL,NULL,NULL,NULL,NULL,-1,'UNASSIGNED'),('YZ',NULL,NULL,NULL,NULL,NULL,NULL,-1,'UNASSIGNED'),('ZA','ZAF',NULL,NULL,NULL,NULL,'South Africa',710,'OFFICIALLY_ASSIGNED'),('ZB',NULL,NULL,NULL,NULL,NULL,NULL,-1,'UNASSIGNED'),('ZC',NULL,NULL,NULL,NULL,NULL,NULL,-1,'UNASSIGNED'),('ZD',NULL,NULL,NULL,NULL,NULL,NULL,-1,'UNASSIGNED'),('ZE',NULL,NULL,NULL,NULL,NULL,NULL,-1,'UNASSIGNED'),('ZF',NULL,NULL,NULL,NULL,NULL,NULL,-1,'UNASSIGNED'),('ZG',NULL,NULL,NULL,NULL,NULL,NULL,-1,'UNASSIGNED'),('ZH',NULL,NULL,NULL,NULL,NULL,NULL,-1,'UNASSIGNED'),('ZI',NULL,NULL,NULL,NULL,NULL,NULL,-1,'UNASSIGNED'),('ZJ',NULL,NULL,NULL,NULL,NULL,NULL,-1,'UNASSIGNED'),('ZK',NULL,NULL,NULL,NULL,NULL,NULL,-1,'UNASSIGNED'),('ZL',NULL,NULL,NULL,NULL,NULL,NULL,-1,'UNASSIGNED'),('ZM','ZMB',NULL,NULL,NULL,NULL,'Zambia',894,'OFFICIALLY_ASSIGNED'),('ZN',NULL,NULL,NULL,NULL,NULL,NULL,-1,'UNASSIGNED'),('ZO',NULL,NULL,NULL,NULL,NULL,NULL,-1,'UNASSIGNED'),('ZP',NULL,NULL,NULL,NULL,NULL,NULL,-1,'UNASSIGNED'),('ZQ',NULL,NULL,NULL,NULL,NULL,NULL,-1,'UNASSIGNED'),('ZR','ZRCD',NULL,NULL,NULL,NULL,'Zaire',0,'TRANSITIONALLY_RESERVED'),('ZS',NULL,NULL,NULL,NULL,NULL,NULL,-1,'UNASSIGNED'),('ZT',NULL,NULL,NULL,NULL,NULL,NULL,-1,'UNASSIGNED'),('ZU',NULL,NULL,NULL,NULL,NULL,NULL,-1,'UNASSIGNED'),('ZV',NULL,NULL,NULL,NULL,NULL,NULL,-1,'UNASSIGNED'),('ZW','ZWE',NULL,NULL,NULL,NULL,'Zimbabwe',716,'OFFICIALLY_ASSIGNED'),('ZX',NULL,NULL,NULL,NULL,NULL,NULL,-1,'UNASSIGNED'),('ZY',NULL,NULL,NULL,NULL,NULL,NULL,-1,'UNASSIGNED'),('ZZ',NULL,NULL,NULL,NULL,NULL,NULL,-1,'USER_ASSIGNED');
/*!40000 ALTER TABLE `BLC_ISO_COUNTRY` ENABLE KEYS */;
UNLOCK TABLES;

--
-- Table structure for table `BLC_ITEM_OFFER_QUALIFIER`
--

DROP TABLE IF EXISTS `BLC_ITEM_OFFER_QUALIFIER`;
/*!40101 SET @saved_cs_client     = @@character_set_client */;
/*!40101 SET character_set_client = utf8 */;
CREATE TABLE `BLC_ITEM_OFFER_QUALIFIER` (
  `ITEM_OFFER_QUALIFIER_ID` bigint(20) NOT NULL,
  `QUANTITY` bigint(20) DEFAULT NULL,
  `OFFER_ID` bigint(20) NOT NULL,
  `ORDER_ITEM_ID` bigint(20) DEFAULT NULL,
  PRIMARY KEY (`ITEM_OFFER_QUALIFIER_ID`),
  KEY `FKo9i9n1thqcqt9nu0fv2nlg1ec` (`OFFER_ID`),
  KEY `FK9fl5rced4g4u8sxh1j4mrwkto` (`ORDER_ITEM_ID`),
  CONSTRAINT `FK9fl5rced4g4u8sxh1j4mrwkto` FOREIGN KEY (`ORDER_ITEM_ID`) REFERENCES `BLC_ORDER_ITEM` (`ORDER_ITEM_ID`),
  CONSTRAINT `FKo9i9n1thqcqt9nu0fv2nlg1ec` FOREIGN KEY (`OFFER_ID`) REFERENCES `BLC_OFFER` (`OFFER_ID`)
) ENGINE=InnoDB DEFAULT CHARSET=latin1;
/*!40101 SET character_set_client = @saved_cs_client */;

--
-- Dumping data for table `BLC_ITEM_OFFER_QUALIFIER`
--

LOCK TABLES `BLC_ITEM_OFFER_QUALIFIER` WRITE;
/*!40000 ALTER TABLE `BLC_ITEM_OFFER_QUALIFIER` DISABLE KEYS */;
/*!40000 ALTER TABLE `BLC_ITEM_OFFER_QUALIFIER` ENABLE KEYS */;
UNLOCK TABLES;

--
-- Table structure for table `BLC_LOCALE`
--

DROP TABLE IF EXISTS `BLC_LOCALE`;
/*!40101 SET @saved_cs_client     = @@character_set_client */;
/*!40101 SET character_set_client = utf8 */;
CREATE TABLE `BLC_LOCALE` (
  `LOCALE_CODE` varchar(255) NOT NULL,
  `CREATED_BY` bigint(20) DEFAULT NULL,
  `DATE_CREATED` datetime DEFAULT NULL,
  `DATE_UPDATED` datetime DEFAULT NULL,
  `UPDATED_BY` bigint(20) DEFAULT NULL,
  `DEFAULT_FLAG` bit(1) DEFAULT NULL,
  `FRIENDLY_NAME` varchar(255) DEFAULT NULL,
  `USE_IN_SEARCH_INDEX` bit(1) DEFAULT NULL,
  `CURRENCY_CODE` varchar(255) DEFAULT NULL,
  PRIMARY KEY (`LOCALE_CODE`),
  KEY `FK6gs37rhrtyd5ei2oqspxxrc3x` (`CURRENCY_CODE`),
  CONSTRAINT `FK6gs37rhrtyd5ei2oqspxxrc3x` FOREIGN KEY (`CURRENCY_CODE`) REFERENCES `BLC_CURRENCY` (`CURRENCY_CODE`)
) ENGINE=InnoDB DEFAULT CHARSET=latin1;
/*!40101 SET character_set_client = @saved_cs_client */;

--
-- Dumping data for table `BLC_LOCALE`
--

LOCK TABLES `BLC_LOCALE` WRITE;
/*!40000 ALTER TABLE `BLC_LOCALE` DISABLE KEYS */;
INSERT INTO `BLC_LOCALE` VALUES ('en',NULL,NULL,NULL,NULL,_binary '\0','English',NULL,'USD'),('en_GB',NULL,NULL,NULL,NULL,_binary '\0','English (United Kingdom)',NULL,'GBP'),('en_US',NULL,NULL,NULL,NULL,_binary '','English US',NULL,'USD'),('es',NULL,NULL,NULL,NULL,_binary '\0','Spanish',NULL,'EUR'),('es_ES',NULL,NULL,NULL,NULL,_binary '\0','Spanish (Spain)',NULL,'EUR'),('es_MX',NULL,NULL,NULL,NULL,_binary '\0','Spanish (Mexico)',NULL,'MXN'),('fr',NULL,NULL,NULL,NULL,_binary '\0','French',NULL,'EUR'),('fr_FR',NULL,NULL,NULL,NULL,_binary '\0','French (France)',NULL,'EUR');
/*!40000 ALTER TABLE `BLC_LOCALE` ENABLE KEYS */;
UNLOCK TABLES;

--
-- Table structure for table `BLC_MEDIA`
--

DROP TABLE IF EXISTS `BLC_MEDIA`;
/*!40101 SET @saved_cs_client     = @@character_set_client */;
/*!40101 SET character_set_client = utf8 */;
CREATE TABLE `BLC_MEDIA` (
  `MEDIA_ID` bigint(20) NOT NULL,
  `ALT_TEXT` varchar(255) DEFAULT NULL,
  `TAGS` varchar(255) DEFAULT NULL,
  `TITLE` varchar(255) DEFAULT NULL,
  `URL` varchar(255) NOT NULL,
  PRIMARY KEY (`MEDIA_ID`),
  KEY `MEDIA_TITLE_INDEX` (`TITLE`),
  KEY `MEDIA_URL_INDEX` (`URL`)
) ENGINE=InnoDB DEFAULT CHARSET=latin1;
/*!40101 SET character_set_client = @saved_cs_client */;

--
-- Dumping data for table `BLC_MEDIA`
--

LOCK TABLES `BLC_MEDIA` WRITE;
/*!40000 ALTER TABLE `BLC_MEDIA` DISABLE KEYS */;
INSERT INTO `BLC_MEDIA` VALUES (101,'primary',NULL,'Sudden Death Sauce Bottle','/cmsstatic/img/sauces/Sudden-Death-Sauce-Bottle.jpg'),(102,'alt1',NULL,'Sudden Death Sauce Close-up','/cmsstatic/img/sauces/Sudden-Death-Sauce-Close.jpg'),(201,'primary',NULL,'Sweet Death Sauce Bottle','/cmsstatic/img/sauces/Sweet-Death-Sauce-Bottle.jpg'),(202,'alt1',NULL,'Sweet Death Sauce Close-up','/cmsstatic/img/sauces/Sweet-Death-Sauce-Close.jpg'),(203,'alt2',NULL,'Sweet Death Sauce Close-up','/cmsstatic/img/sauces/Sweet-Death-Sauce-Skull.jpg'),(204,'alt3',NULL,'Sweet Death Sauce Close-up','/cmsstatic/img/sauces/Sweet-Death-Sauce-Tile.jpg'),(205,'alt4',NULL,'Sweet Death Sauce Close-up','/cmsstatic/img/sauces/Sweet-Death-Sauce-Grass.jpg'),(206,'alt5',NULL,'Sweet Death Sauce Close-up','/cmsstatic/img/sauces/Sweet-Death-Sauce-Logo.jpg'),(301,'primary',NULL,'Hoppin Hot Sauce Bottle','/cmsstatic/img/sauces/Hoppin-Hot-Sauce-Bottle.jpg'),(302,'alt1',NULL,'Hoppin Hot Sauce Close-up','/cmsstatic/img/sauces/Hoppin-Hot-Sauce-Close.jpg'),(401,'primary',NULL,'Day of the Dead Chipotle Hot Sauce Bottle','/cmsstatic/img/sauces/Day-of-the-Dead-Chipotle-Hot-Sauce-Bottle.jpg'),(402,'alt1',NULL,'Day of the Dead Chipotle Hot Sauce Close-up','/cmsstatic/img/sauces/Day-of-the-Dead-Chipotle-Hot-Sauce-Close.jpg'),(501,'primary',NULL,'Day of the Dead Habanero Hot Sauce Bottle','/cmsstatic/img/sauces/Day-of-the-Dead-Habanero-Hot-Sauce-Bottle.jpg'),(502,'alt1',NULL,'Day of the Dead Habanero Hot Sauce Close-up','/cmsstatic/img/sauces/Day-of-the-Dead-Habanero-Hot-Sauce-Close.jpg'),(601,'primary',NULL,'Day of the Dead Scotch Bonnet Hot Sauce Bottle','/cmsstatic/img/sauces/Day-of-the-Dead-Scotch-Bonnet-Hot-Sauce-Bottle.jpg'),(602,'alt1',NULL,'Day of the Dead Scotch Bonnet Hot Sauce Close-up','/cmsstatic/img/sauces/Day-of-the-Dead-Scotch-Bonnet-Hot-Sauce-Close.jpg'),(701,'primary',NULL,'Green Ghost Bottle','/cmsstatic/img/sauces/Green-Ghost-Bottle.jpg'),(702,'alt1',NULL,'Green Ghost Close-up','/cmsstatic/img/sauces/Green-Ghost-Close.jpg'),(801,'primary',NULL,'Blazin Saddle XXX Hot Habanero Pepper Sauce Bottle','/cmsstatic/img/sauces/Blazin-Saddle-XXX-Hot-Habanero-Pepper-Sauce-Bottle.jpg'),(802,'alt1',NULL,'Blazin Saddle XXX Hot Habanero Pepper Sauce Close-up','/cmsstatic/img/sauces/Blazin-Saddle-XXX-Hot-Habanero-Pepper-Sauce-Close.jpg'),(901,'primary',NULL,'Armageddon The Hot Sauce To End All Bottle','/cmsstatic/img/sauces/Armageddon-The-Hot-Sauce-To-End-All-Bottle.jpg'),(902,'alt1',NULL,'Armageddon The Hot Sauce To End All Close-up','/cmsstatic/img/sauces/Armageddon-The-Hot-Sauce-To-End-All-Close.jpg'),(1001,'primary',NULL,'Dr. Chilemeisters Insane Hot Sauce Bottle','/cmsstatic/img/sauces/Dr.-Chilemeisters-Insane-Hot-Sauce-Bottle.jpg'),(1002,'alt1',NULL,'Dr. Chilemeisters Insane Hot Sauce Close-up','/cmsstatic/img/sauces/Dr.-Chilemeisters-Insane-Hot-Sauce-Close.jpg'),(1101,'primary',NULL,'Bull Snort Cowboy Cayenne Pepper Hot Sauce Bottle','/cmsstatic/img/sauces/Bull-Snort-Cowboy-Cayenne-Pepper-Hot-Sauce-Bottle.jpg'),(1102,'alt1',NULL,'Bull Snort Cowboy Cayenne Pepper Hot Sauce Close-up','/cmsstatic/img/sauces/Bull-Snort-Cowboy-Cayenne-Pepper-Hot-Sauce-Close.jpg'),(1201,'primary',NULL,'Cafe Louisiane Sweet Cajun Blackening Sauce Bottle','/cmsstatic/img/sauces/Cafe-Louisiane-Sweet-Cajun-Blackening-Sauce-Bottle.jpg'),(1202,'alt1',NULL,'Cafe Louisiane Sweet Cajun Blackening Sauce Close-up','/cmsstatic/img/sauces/Cafe-Louisiane-Sweet-Cajun-Blackening-Sauce-Close.jpg'),(1301,'primary',NULL,'Bull Snort Smokin Toncils Hot Sauce Bottle','/cmsstatic/img/sauces/Bull-Snort-Smokin-Toncils-Hot-Sauce-Bottle.jpg'),(1302,'alt1',NULL,'Bull Snort Smokin Toncils Hot Sauce Close-up','/cmsstatic/img/sauces/Bull-Snort-Smokin-Toncils-Hot-Sauce-Close.jpg'),(1401,'primary',NULL,'Cool Cayenne Pepper Hot Sauce Bottle','/cmsstatic/img/sauces/Cool-Cayenne-Pepper-Hot-Sauce-Bottle.jpg'),(1402,'alt1',NULL,'Cool Cayenne Pepper Hot Sauce Close-up','/cmsstatic/img/sauces/Cool-Cayenne-Pepper-Hot-Sauce-Close.jpg'),(1501,'primary',NULL,'Roasted Garlic Hot Sauce Bottle','/cmsstatic/img/sauces/Roasted-Garlic-Hot-Sauce-Bottle.jpg'),(1502,'alt1',NULL,'Roasted Garlic Hot Sauce Close-up','/cmsstatic/img/sauces/Roasted-Garlic-Hot-Sauce-Close.jpg'),(1601,'primary',NULL,'Scotch Bonnet Hot Sauce Bottle','/cmsstatic/img/sauces/Scotch-Bonnet-Hot-Sauce-Bottle.jpg'),(1602,'alt1',NULL,'Scotch Bonnet Hot Sauce Close-up','/cmsstatic/img/sauces/Scotch-Bonnet-Hot-Sauce-Close.jpg'),(1701,'primary',NULL,'Insanity Sauce Bottle','/cmsstatic/img/sauces/Insanity-Sauce-Bottle.jpg'),(1702,'alt1',NULL,'Insanity Sauce Close-up','/cmsstatic/img/sauces/Insanity-Sauce-Close.jpg'),(1801,'primary',NULL,'Hurtin Jalepeno Hot Sauce Bottle','/cmsstatic/img/sauces/Hurtin-Jalepeno-Hot-Sauce-Bottle.jpg'),(1802,'alt1',NULL,'Hurtin Jalepeno Hot Sauce Close-up','/cmsstatic/img/sauces/Hurtin-Jalepeno-Hot-Sauce-Close.jpg'),(1901,'primary',NULL,'Roasted Red Pepper and Chipotle Hot Sauce Bottle','/cmsstatic/img/sauces/Roasted-Red-Pepper-and-Chipotle-Hot-Sauce-Bottle.jpg'),(1902,'alt1',NULL,'Roasted Red Pepper and Chipotle Hot Sauce Close-up','/cmsstatic/img/sauces/Roasted-Red-Pepper-and-Chipotle-Hot-Sauce-Close.jpg'),(10001,'primary','Black','Hawt Like a Habanero Men\'s Black','/cmsstatic/img/merch/habanero_mens_black.jpg'),(10002,'primary','Red','Hawt Like a Habanero Men\'s Red','/cmsstatic/img/merch/habanero_mens_red.jpg'),(10003,'primary','Silver','Hawt Like a Habanero Men\'s Silver','/cmsstatic/img/merch/habanero_mens_silver.jpg'),(20001,'primary','Black','Hawt Like a Habanero Women\'s Black','/cmsstatic/img/merch/habanero_womens_black.jpg'),(20002,'primary','Red','Hawt Like a Habanero Women\'s Red','/cmsstatic/img/merch/habanero_womens_red.jpg'),(20003,'primary','Silver','Hawt Like a Habanero Women\'s Silver','/cmsstatic/img/merch/habanero_womens_silver.jpg'),(30001,'primary','Black','Heat Clinic Hand-Drawn Men\'s Black','/cmsstatic/img/merch/heat_clinic_handdrawn_mens_black.jpg'),(30002,'primary','Red','Heat Clinic Hand-Drawn Men\'s Red','/cmsstatic/img/merch/heat_clinic_handdrawn_mens_red.jpg'),(30003,'primary','Silver','Heat Clinic Hand-Drawn Men\'s Silver','/cmsstatic/img/merch/heat_clinic_handdrawn_mens_silver.jpg'),(40001,'primary','Black','Heat Clinic Hand-Drawn Women\'s Black','/cmsstatic/img/merch/heat_clinic_handdrawn_womens_black.jpg'),(40002,'primary','Red','Heat Clinic Hand-Drawn Women\'s Red','/cmsstatic/img/merch/heat_clinic_handdrawn_womens_red.jpg'),(40003,'primary','Silver','Heat Clinic Hand-Drawn Women\'s Silver','/cmsstatic/img/merch/heat_clinic_handdrawn_womens_silver.jpg'),(50001,'primary','Black','Heat Clinic Mascot Men\'s Black','/cmsstatic/img/merch/heat_clinic_mascot_mens_black.jpg'),(50002,'primary','Red','Heat Clinic Mascot Men\'s Red','/cmsstatic/img/merch/heat_clinic_mascot_mens_red.jpg'),(50003,'primary','Silver','Heat Clinic Mascot Men\'s Silver','/cmsstatic/img/merch/heat_clinic_mascot_mens_silver.jpg'),(60001,'primary','Black','Heat Clinic Mascot Women\'s Black','/cmsstatic/img/merch/heat_clinic_mascot_womens_black.jpg'),(60002,'primary','Red','Heat Clinic Mascot Women\'s Red','/cmsstatic/img/merch/heat_clinic_mascot_womens_red.jpg'),(60003,'primary','Silver','Heat Clinic Mascot Women\'s Silver','/cmsstatic/img/merch/heat_clinic_mascot_womens_silver.jpg');
/*!40000 ALTER TABLE `BLC_MEDIA` ENABLE KEYS */;
UNLOCK TABLES;

--
-- Table structure for table `BLC_MODULE_CONFIGURATION`
--

DROP TABLE IF EXISTS `BLC_MODULE_CONFIGURATION`;
/*!40101 SET @saved_cs_client     = @@character_set_client */;
/*!40101 SET character_set_client = utf8 */;
CREATE TABLE `BLC_MODULE_CONFIGURATION` (
  `MODULE_CONFIG_ID` bigint(20) NOT NULL,
  `ACTIVE_END_DATE` datetime DEFAULT NULL,
  `ACTIVE_START_DATE` datetime DEFAULT NULL,
  `ARCHIVED` char(1) DEFAULT NULL,
  `CREATED_BY` bigint(20) DEFAULT NULL,
  `DATE_CREATED` datetime DEFAULT NULL,
  `DATE_UPDATED` datetime DEFAULT NULL,
  `UPDATED_BY` bigint(20) DEFAULT NULL,
  `CONFIG_TYPE` varchar(255) NOT NULL,
  `IS_DEFAULT` bit(1) NOT NULL,
  `MODULE_NAME` varchar(255) NOT NULL,
  `MODULE_PRIORITY` int(11) NOT NULL,
  PRIMARY KEY (`MODULE_CONFIG_ID`)
) ENGINE=InnoDB DEFAULT CHARSET=latin1;
/*!40101 SET character_set_client = @saved_cs_client */;

--
-- Dumping data for table `BLC_MODULE_CONFIGURATION`
--

LOCK TABLES `BLC_MODULE_CONFIGURATION` WRITE;
/*!40000 ALTER TABLE `BLC_MODULE_CONFIGURATION` DISABLE KEYS */;
INSERT INTO `BLC_MODULE_CONFIGURATION` VALUES (-1,NULL,'2021-11-07 16:38:06',NULL,NULL,NULL,NULL,NULL,'SITE_MAP',_binary '','SITE_MAP',100);
/*!40000 ALTER TABLE `BLC_MODULE_CONFIGURATION` ENABLE KEYS */;
UNLOCK TABLES;

--
-- Table structure for table `BLC_OFFER`
--

DROP TABLE IF EXISTS `BLC_OFFER`;
/*!40101 SET @saved_cs_client     = @@character_set_client */;
/*!40101 SET character_set_client = utf8 */;
CREATE TABLE `BLC_OFFER` (
  `OFFER_ID` bigint(20) NOT NULL,
  `APPLY_TO_CHILD_ITEMS` bit(1) DEFAULT NULL,
  `APPLY_TO_SALE_PRICE` bit(1) DEFAULT NULL,
  `ARCHIVED` char(1) DEFAULT NULL,
  `AUTOMATICALLY_ADDED` bit(1) DEFAULT NULL,
  `COMBINABLE_WITH_OTHER_OFFERS` bit(1) DEFAULT NULL,
  `OFFER_DESCRIPTION` varchar(255) DEFAULT NULL,
  `OFFER_DISCOUNT_TYPE` varchar(255) DEFAULT NULL,
  `END_DATE` datetime DEFAULT NULL,
  `MARKETING_MESSASGE` varchar(255) DEFAULT NULL,
  `MAX_USES_PER_CUSTOMER` bigint(20) DEFAULT NULL,
  `MAX_USES` int(11) DEFAULT NULL,
  `OFFER_NAME` varchar(255) NOT NULL,
  `OFFER_ITEM_QUALIFIER_RULE` varchar(255) DEFAULT NULL,
  `OFFER_ITEM_TARGET_RULE` varchar(255) DEFAULT NULL,
  `ORDER_MIN_TOTAL` decimal(19,5) DEFAULT NULL,
  `OFFER_PRIORITY` int(11) DEFAULT NULL,
  `QUALIFYING_ITEM_MIN_TOTAL` decimal(19,5) DEFAULT NULL,
  `REQUIRES_RELATED_TAR_QUAL` bit(1) DEFAULT NULL,
  `START_DATE` datetime DEFAULT NULL,
  `TARGET_MIN_TOTAL` decimal(19,5) DEFAULT NULL,
  `TARGET_SYSTEM` varchar(255) DEFAULT NULL,
  `TOTALITARIAN_OFFER` bit(1) DEFAULT NULL,
  `OFFER_TYPE` varchar(255) NOT NULL,
  `OFFER_VALUE` decimal(19,5) NOT NULL,
  PRIMARY KEY (`OFFER_ID`),
  KEY `OFFER_DISCOUNT_INDEX` (`OFFER_DISCOUNT_TYPE`),
  KEY `OFFER_MARKETING_MESSAGE_INDEX` (`MARKETING_MESSASGE`),
  KEY `OFFER_NAME_INDEX` (`OFFER_NAME`),
  KEY `idx_BLOF_START_DATE` (`START_DATE`),
  KEY `OFFER_TYPE_INDEX` (`OFFER_TYPE`)
) ENGINE=InnoDB DEFAULT CHARSET=latin1;
/*!40101 SET character_set_client = @saved_cs_client */;

--
-- Dumping data for table `BLC_OFFER`
--

LOCK TABLES `BLC_OFFER` WRITE;
/*!40000 ALTER TABLE `BLC_OFFER` DISABLE KEYS */;
INSERT INTO `BLC_OFFER` VALUES (1,_binary '\0',_binary '\0',NULL,_binary '\0',_binary '',NULL,'PERCENT_OFF','2020-01-01 00:00:00',NULL,NULL,0,'Shirts Special',NULL,'NONE',NULL,NULL,NULL,NULL,'2021-11-07 00:00:00',NULL,NULL,NULL,'ORDER_ITEM',20.00000);
/*!40000 ALTER TABLE `BLC_OFFER` ENABLE KEYS */;
UNLOCK TABLES;

--
-- Table structure for table `BLC_OFFER_AUDIT`
--

DROP TABLE IF EXISTS `BLC_OFFER_AUDIT`;
/*!40101 SET @saved_cs_client     = @@character_set_client */;
/*!40101 SET character_set_client = utf8 */;
CREATE TABLE `BLC_OFFER_AUDIT` (
  `OFFER_AUDIT_ID` bigint(20) NOT NULL,
  `CUSTOMER_ID` bigint(20) DEFAULT NULL,
  `OFFER_CODE_ID` bigint(20) DEFAULT NULL,
  `OFFER_ID` bigint(20) DEFAULT NULL,
  `ORDER_ID` bigint(20) DEFAULT NULL,
  `REDEEMED_DATE` datetime DEFAULT NULL,
  PRIMARY KEY (`OFFER_AUDIT_ID`),
  KEY `OFFERAUDIT_CUSTOMER_INDEX` (`CUSTOMER_ID`),
  KEY `OFFERAUDIT_OFFER_CODE_INDEX` (`OFFER_CODE_ID`),
  KEY `OFFERAUDIT_OFFER_INDEX` (`OFFER_ID`),
  KEY `OFFERAUDIT_ORDER_INDEX` (`ORDER_ID`)
) ENGINE=InnoDB DEFAULT CHARSET=latin1;
/*!40101 SET character_set_client = @saved_cs_client */;

--
-- Dumping data for table `BLC_OFFER_AUDIT`
--

LOCK TABLES `BLC_OFFER_AUDIT` WRITE;
/*!40000 ALTER TABLE `BLC_OFFER_AUDIT` DISABLE KEYS */;
/*!40000 ALTER TABLE `BLC_OFFER_AUDIT` ENABLE KEYS */;
UNLOCK TABLES;

--
-- Table structure for table `BLC_OFFER_CODE`
--

DROP TABLE IF EXISTS `BLC_OFFER_CODE`;
/*!40101 SET @saved_cs_client     = @@character_set_client */;
/*!40101 SET character_set_client = utf8 */;
CREATE TABLE `BLC_OFFER_CODE` (
  `OFFER_CODE_ID` bigint(20) NOT NULL,
  `ARCHIVED` char(1) DEFAULT NULL,
  `EMAIL_ADDRESS` varchar(255) DEFAULT NULL,
  `MAX_USES` int(11) DEFAULT NULL,
  `OFFER_CODE` varchar(255) NOT NULL,
  `END_DATE` datetime DEFAULT NULL,
  `START_DATE` datetime DEFAULT NULL,
  `USES` int(11) DEFAULT NULL,
  `OFFER_ID` bigint(20) NOT NULL,
  PRIMARY KEY (`OFFER_CODE_ID`),
  KEY `OFFER_CODE_EMAIL_INDEX` (`EMAIL_ADDRESS`),
  KEY `OFFERCODE_OFFER_INDEX` (`OFFER_ID`),
  KEY `OFFERCODE_CODE_INDEX` (`OFFER_CODE`),
  CONSTRAINT `FK4rcfx31u6n9esw1ob98u8o87o` FOREIGN KEY (`OFFER_ID`) REFERENCES `BLC_OFFER` (`OFFER_ID`)
) ENGINE=InnoDB DEFAULT CHARSET=latin1;
/*!40101 SET character_set_client = @saved_cs_client */;

--
-- Dumping data for table `BLC_OFFER_CODE`
--

LOCK TABLES `BLC_OFFER_CODE` WRITE;
/*!40000 ALTER TABLE `BLC_OFFER_CODE` DISABLE KEYS */;
/*!40000 ALTER TABLE `BLC_OFFER_CODE` ENABLE KEYS */;
UNLOCK TABLES;

--
-- Table structure for table `BLC_OFFER_INFO`
--

DROP TABLE IF EXISTS `BLC_OFFER_INFO`;
/*!40101 SET @saved_cs_client     = @@character_set_client */;
/*!40101 SET character_set_client = utf8 */;
CREATE TABLE `BLC_OFFER_INFO` (
  `OFFER_INFO_ID` bigint(20) NOT NULL,
  PRIMARY KEY (`OFFER_INFO_ID`)
) ENGINE=InnoDB DEFAULT CHARSET=latin1;
/*!40101 SET character_set_client = @saved_cs_client */;

--
-- Dumping data for table `BLC_OFFER_INFO`
--

LOCK TABLES `BLC_OFFER_INFO` WRITE;
/*!40000 ALTER TABLE `BLC_OFFER_INFO` DISABLE KEYS */;
/*!40000 ALTER TABLE `BLC_OFFER_INFO` ENABLE KEYS */;
UNLOCK TABLES;

--
-- Table structure for table `BLC_OFFER_INFO_FIELDS`
--

DROP TABLE IF EXISTS `BLC_OFFER_INFO_FIELDS`;
/*!40101 SET @saved_cs_client     = @@character_set_client */;
/*!40101 SET character_set_client = utf8 */;
CREATE TABLE `BLC_OFFER_INFO_FIELDS` (
  `OFFER_INFO_FIELDS_ID` bigint(20) NOT NULL,
  `FIELD_VALUE` varchar(255) DEFAULT NULL,
  `FIELD_NAME` varchar(255) NOT NULL,
  PRIMARY KEY (`OFFER_INFO_FIELDS_ID`,`FIELD_NAME`),
  CONSTRAINT `FKohr0h2751uuxgawkbkakbptqn` FOREIGN KEY (`OFFER_INFO_FIELDS_ID`) REFERENCES `BLC_OFFER_INFO` (`OFFER_INFO_ID`)
) ENGINE=InnoDB DEFAULT CHARSET=latin1;
/*!40101 SET character_set_client = @saved_cs_client */;

--
-- Dumping data for table `BLC_OFFER_INFO_FIELDS`
--

LOCK TABLES `BLC_OFFER_INFO_FIELDS` WRITE;
/*!40000 ALTER TABLE `BLC_OFFER_INFO_FIELDS` DISABLE KEYS */;
/*!40000 ALTER TABLE `BLC_OFFER_INFO_FIELDS` ENABLE KEYS */;
UNLOCK TABLES;

--
-- Table structure for table `BLC_OFFER_ITEM_CRITERIA`
--

DROP TABLE IF EXISTS `BLC_OFFER_ITEM_CRITERIA`;
/*!40101 SET @saved_cs_client     = @@character_set_client */;
/*!40101 SET character_set_client = utf8 */;
CREATE TABLE `BLC_OFFER_ITEM_CRITERIA` (
  `OFFER_ITEM_CRITERIA_ID` bigint(20) NOT NULL,
  `ORDER_ITEM_MATCH_RULE` longtext,
  `QUANTITY` int(11) NOT NULL,
  PRIMARY KEY (`OFFER_ITEM_CRITERIA_ID`)
) ENGINE=InnoDB DEFAULT CHARSET=latin1;
/*!40101 SET character_set_client = @saved_cs_client */;

--
-- Dumping data for table `BLC_OFFER_ITEM_CRITERIA`
--

LOCK TABLES `BLC_OFFER_ITEM_CRITERIA` WRITE;
/*!40000 ALTER TABLE `BLC_OFFER_ITEM_CRITERIA` DISABLE KEYS */;
INSERT INTO `BLC_OFFER_ITEM_CRITERIA` VALUES (1,'MvelHelper.toUpperCase(orderItem.?category.?name)==MvelHelper.toUpperCase(\"merchandise\")',1);
/*!40000 ALTER TABLE `BLC_OFFER_ITEM_CRITERIA` ENABLE KEYS */;
UNLOCK TABLES;

--
-- Table structure for table `BLC_OFFER_RULE`
--

DROP TABLE IF EXISTS `BLC_OFFER_RULE`;
/*!40101 SET @saved_cs_client     = @@character_set_client */;
/*!40101 SET character_set_client = utf8 */;
CREATE TABLE `BLC_OFFER_RULE` (
  `OFFER_RULE_ID` bigint(20) NOT NULL,
  `MATCH_RULE` longtext,
  PRIMARY KEY (`OFFER_RULE_ID`)
) ENGINE=InnoDB DEFAULT CHARSET=latin1;
/*!40101 SET character_set_client = @saved_cs_client */;

--
-- Dumping data for table `BLC_OFFER_RULE`
--

LOCK TABLES `BLC_OFFER_RULE` WRITE;
/*!40000 ALTER TABLE `BLC_OFFER_RULE` DISABLE KEYS */;
/*!40000 ALTER TABLE `BLC_OFFER_RULE` ENABLE KEYS */;
UNLOCK TABLES;

--
-- Table structure for table `BLC_OFFER_RULE_MAP`
--

DROP TABLE IF EXISTS `BLC_OFFER_RULE_MAP`;
/*!40101 SET @saved_cs_client     = @@character_set_client */;
/*!40101 SET character_set_client = utf8 */;
CREATE TABLE `BLC_OFFER_RULE_MAP` (
  `OFFER_OFFER_RULE_ID` bigint(20) NOT NULL,
  `MAP_KEY` varchar(255) NOT NULL,
  `BLC_OFFER_OFFER_ID` bigint(20) NOT NULL,
  `OFFER_RULE_ID` bigint(20) DEFAULT NULL,
  PRIMARY KEY (`OFFER_OFFER_RULE_ID`),
  KEY `FKmwr0lw44aa4hulm8c9qg39x9x` (`BLC_OFFER_OFFER_ID`),
  KEY `FK8ndq3dtgs1cr4ds9eil3sxcti` (`OFFER_RULE_ID`),
  CONSTRAINT `FK8ndq3dtgs1cr4ds9eil3sxcti` FOREIGN KEY (`OFFER_RULE_ID`) REFERENCES `BLC_OFFER_RULE` (`OFFER_RULE_ID`),
  CONSTRAINT `FKmwr0lw44aa4hulm8c9qg39x9x` FOREIGN KEY (`BLC_OFFER_OFFER_ID`) REFERENCES `BLC_OFFER` (`OFFER_ID`)
) ENGINE=InnoDB DEFAULT CHARSET=latin1;
/*!40101 SET character_set_client = @saved_cs_client */;

--
-- Dumping data for table `BLC_OFFER_RULE_MAP`
--

LOCK TABLES `BLC_OFFER_RULE_MAP` WRITE;
/*!40000 ALTER TABLE `BLC_OFFER_RULE_MAP` DISABLE KEYS */;
/*!40000 ALTER TABLE `BLC_OFFER_RULE_MAP` ENABLE KEYS */;
UNLOCK TABLES;

--
-- Table structure for table `BLC_ORDER`
--

DROP TABLE IF EXISTS `BLC_ORDER`;
/*!40101 SET @saved_cs_client     = @@character_set_client */;
/*!40101 SET character_set_client = utf8 */;
CREATE TABLE `BLC_ORDER` (
  `ORDER_ID` bigint(20) NOT NULL,
  `CREATED_BY` bigint(20) DEFAULT NULL,
  `DATE_CREATED` datetime DEFAULT NULL,
  `DATE_UPDATED` datetime DEFAULT NULL,
  `UPDATED_BY` bigint(20) DEFAULT NULL,
  `EMAIL_ADDRESS` varchar(255) DEFAULT NULL,
  `NAME` varchar(255) DEFAULT NULL,
  `ORDER_NUMBER` varchar(255) DEFAULT NULL,
  `IS_PREVIEW` bit(1) DEFAULT NULL,
  `ORDER_STATUS` varchar(255) DEFAULT NULL,
  `ORDER_SUBTOTAL` decimal(19,5) DEFAULT NULL,
  `SUBMIT_DATE` datetime DEFAULT NULL,
  `TAX_OVERRIDE` bit(1) DEFAULT NULL,
  `ORDER_TOTAL` decimal(19,5) DEFAULT NULL,
  `TOTAL_SHIPPING` decimal(19,5) DEFAULT NULL,
  `TOTAL_TAX` decimal(19,5) DEFAULT NULL,
  `CURRENCY_CODE` varchar(255) DEFAULT NULL,
  `CUSTOMER_ID` bigint(20) NOT NULL,
  `LOCALE_CODE` varchar(255) DEFAULT NULL,
  PRIMARY KEY (`ORDER_ID`),
  KEY `ORDER_CUSTOMER_INDEX` (`CUSTOMER_ID`),
  KEY `ORDER_EMAIL_INDEX` (`EMAIL_ADDRESS`),
  KEY `ORDER_NAME_INDEX` (`NAME`),
  KEY `ORDER_NUMBER_INDEX` (`ORDER_NUMBER`),
  KEY `ORDER_STATUS_INDEX` (`ORDER_STATUS`),
  KEY `FKl58agohje8ndhoow8s8hlday1` (`CURRENCY_CODE`),
  KEY `FKc90jmu6i66weyh7o0u5q94jtv` (`LOCALE_CODE`),
  CONSTRAINT `FKc90jmu6i66weyh7o0u5q94jtv` FOREIGN KEY (`LOCALE_CODE`) REFERENCES `BLC_LOCALE` (`LOCALE_CODE`),
  CONSTRAINT `FKh0ouiaamkm2k7qfgc6cjacukg` FOREIGN KEY (`CUSTOMER_ID`) REFERENCES `BLC_CUSTOMER` (`CUSTOMER_ID`),
  CONSTRAINT `FKl58agohje8ndhoow8s8hlday1` FOREIGN KEY (`CURRENCY_CODE`) REFERENCES `BLC_CURRENCY` (`CURRENCY_CODE`)
) ENGINE=InnoDB DEFAULT CHARSET=latin1;
/*!40101 SET character_set_client = @saved_cs_client */;

--
-- Dumping data for table `BLC_ORDER`
--

LOCK TABLES `BLC_ORDER` WRITE;
/*!40000 ALTER TABLE `BLC_ORDER` DISABLE KEYS */;
/*!40000 ALTER TABLE `BLC_ORDER` ENABLE KEYS */;
UNLOCK TABLES;

--
-- Table structure for table `BLC_ORDER_ADJUSTMENT`
--

DROP TABLE IF EXISTS `BLC_ORDER_ADJUSTMENT`;
/*!40101 SET @saved_cs_client     = @@character_set_client */;
/*!40101 SET character_set_client = utf8 */;
CREATE TABLE `BLC_ORDER_ADJUSTMENT` (
  `ORDER_ADJUSTMENT_ID` bigint(20) NOT NULL,
  `ADJUSTMENT_REASON` varchar(255) NOT NULL,
  `ADJUSTMENT_VALUE` decimal(19,5) NOT NULL,
  `OFFER_ID` bigint(20) NOT NULL,
  `ORDER_ID` bigint(20) DEFAULT NULL,
  PRIMARY KEY (`ORDER_ADJUSTMENT_ID`),
  KEY `ORDERADJUST_OFFER_INDEX` (`OFFER_ID`),
  KEY `ORDERADJUST_ORDER_INDEX` (`ORDER_ID`),
  CONSTRAINT `FKh9agwlogxxgfxbxe7rcgrwv4u` FOREIGN KEY (`ORDER_ID`) REFERENCES `BLC_ORDER` (`ORDER_ID`),
  CONSTRAINT `FKmlymutb81ohtx11e2u64tjqyu` FOREIGN KEY (`OFFER_ID`) REFERENCES `BLC_OFFER` (`OFFER_ID`)
) ENGINE=InnoDB DEFAULT CHARSET=latin1;
/*!40101 SET character_set_client = @saved_cs_client */;

--
-- Dumping data for table `BLC_ORDER_ADJUSTMENT`
--

LOCK TABLES `BLC_ORDER_ADJUSTMENT` WRITE;
/*!40000 ALTER TABLE `BLC_ORDER_ADJUSTMENT` DISABLE KEYS */;
/*!40000 ALTER TABLE `BLC_ORDER_ADJUSTMENT` ENABLE KEYS */;
UNLOCK TABLES;

--
-- Table structure for table `BLC_ORDER_ATTRIBUTE`
--

DROP TABLE IF EXISTS `BLC_ORDER_ATTRIBUTE`;
/*!40101 SET @saved_cs_client     = @@character_set_client */;
/*!40101 SET character_set_client = utf8 */;
CREATE TABLE `BLC_ORDER_ATTRIBUTE` (
  `ORDER_ATTRIBUTE_ID` bigint(20) NOT NULL,
  `NAME` varchar(255) NOT NULL,
  `VALUE` varchar(255) DEFAULT NULL,
  `ORDER_ID` bigint(20) NOT NULL,
  PRIMARY KEY (`ORDER_ATTRIBUTE_ID`),
  UNIQUE KEY `ATTR_NAME_ORDER_ID` (`NAME`,`ORDER_ID`),
  KEY `FKa5k0dl8lmasauj4cmems5e16s` (`ORDER_ID`),
  CONSTRAINT `FKa5k0dl8lmasauj4cmems5e16s` FOREIGN KEY (`ORDER_ID`) REFERENCES `BLC_ORDER` (`ORDER_ID`)
) ENGINE=InnoDB DEFAULT CHARSET=latin1;
/*!40101 SET character_set_client = @saved_cs_client */;

--
-- Dumping data for table `BLC_ORDER_ATTRIBUTE`
--

LOCK TABLES `BLC_ORDER_ATTRIBUTE` WRITE;
/*!40000 ALTER TABLE `BLC_ORDER_ATTRIBUTE` DISABLE KEYS */;
/*!40000 ALTER TABLE `BLC_ORDER_ATTRIBUTE` ENABLE KEYS */;
UNLOCK TABLES;

--
-- Table structure for table `BLC_ORDER_ITEM`
--

DROP TABLE IF EXISTS `BLC_ORDER_ITEM`;
/*!40101 SET @saved_cs_client     = @@character_set_client */;
/*!40101 SET character_set_client = utf8 */;
CREATE TABLE `BLC_ORDER_ITEM` (
  `ORDER_ITEM_ID` bigint(20) NOT NULL,
  `CREATED_BY` bigint(20) DEFAULT NULL,
  `DATE_CREATED` datetime DEFAULT NULL,
  `DATE_UPDATED` datetime DEFAULT NULL,
  `UPDATED_BY` bigint(20) DEFAULT NULL,
  `DISCOUNTS_ALLOWED` bit(1) DEFAULT NULL,
  `HAS_VALIDATION_ERRORS` bit(1) DEFAULT NULL,
  `ITEM_TAXABLE_FLAG` bit(1) DEFAULT NULL,
  `NAME` varchar(255) DEFAULT NULL,
  `ORDER_ITEM_TYPE` varchar(255) DEFAULT NULL,
  `PRICE` decimal(19,5) DEFAULT NULL,
  `QUANTITY` int(11) NOT NULL,
  `RETAIL_PRICE` decimal(19,5) DEFAULT NULL,
  `RETAIL_PRICE_OVERRIDE` bit(1) DEFAULT NULL,
  `SALE_PRICE` decimal(19,5) DEFAULT NULL,
  `SALE_PRICE_OVERRIDE` bit(1) DEFAULT NULL,
  `TOTAL_TAX` decimal(19,2) DEFAULT NULL,
  `CATEGORY_ID` bigint(20) DEFAULT NULL,
  `GIFT_WRAP_ITEM_ID` bigint(20) DEFAULT NULL,
  `ORDER_ID` bigint(20) DEFAULT NULL,
  `PARENT_ORDER_ITEM_ID` bigint(20) DEFAULT NULL,
  `PERSONAL_MESSAGE_ID` bigint(20) DEFAULT NULL,
  PRIMARY KEY (`ORDER_ITEM_ID`),
  KEY `ORDERITEM_CATEGORY_INDEX` (`CATEGORY_ID`),
  KEY `ORDERITEM_GIFT_INDEX` (`GIFT_WRAP_ITEM_ID`),
  KEY `ORDERITEM_ORDER_INDEX` (`ORDER_ID`),
  KEY `ORDERITEM_TYPE_INDEX` (`ORDER_ITEM_TYPE`),
  KEY `ORDERITEM_PARENT_INDEX` (`PARENT_ORDER_ITEM_ID`),
  KEY `ORDERITEM_MESSAGE_INDEX` (`PERSONAL_MESSAGE_ID`),
  CONSTRAINT `FK3553qqcmvw5i3durebksttod3` FOREIGN KEY (`GIFT_WRAP_ITEM_ID`) REFERENCES `BLC_GIFTWRAP_ORDER_ITEM` (`ORDER_ITEM_ID`),
  CONSTRAINT `FK4vocoseu9tnln1vq4r2gygh3n` FOREIGN KEY (`PARENT_ORDER_ITEM_ID`) REFERENCES `BLC_ORDER_ITEM` (`ORDER_ITEM_ID`),
  CONSTRAINT `FK737vx8aceqsa8wyb6hjt44x58` FOREIGN KEY (`CATEGORY_ID`) REFERENCES `BLC_CATEGORY` (`CATEGORY_ID`),
  CONSTRAINT `FK8b71a8di9bu8jrssp98u8ka0s` FOREIGN KEY (`ORDER_ID`) REFERENCES `BLC_ORDER` (`ORDER_ID`),
  CONSTRAINT `FKccrkxx60l5x2q24dl97x9iu0a` FOREIGN KEY (`PERSONAL_MESSAGE_ID`) REFERENCES `BLC_PERSONAL_MESSAGE` (`PERSONAL_MESSAGE_ID`)
) ENGINE=InnoDB DEFAULT CHARSET=latin1;
/*!40101 SET character_set_client = @saved_cs_client */;

--
-- Dumping data for table `BLC_ORDER_ITEM`
--

LOCK TABLES `BLC_ORDER_ITEM` WRITE;
/*!40000 ALTER TABLE `BLC_ORDER_ITEM` DISABLE KEYS */;
/*!40000 ALTER TABLE `BLC_ORDER_ITEM` ENABLE KEYS */;
UNLOCK TABLES;

--
-- Table structure for table `BLC_ORDER_ITEM_ADD_ATTR`
--

DROP TABLE IF EXISTS `BLC_ORDER_ITEM_ADD_ATTR`;
/*!40101 SET @saved_cs_client     = @@character_set_client */;
/*!40101 SET character_set_client = utf8 */;
CREATE TABLE `BLC_ORDER_ITEM_ADD_ATTR` (
  `ORDER_ITEM_ID` bigint(20) NOT NULL,
  `VALUE` varchar(255) DEFAULT NULL,
  `NAME` varchar(255) NOT NULL,
  PRIMARY KEY (`ORDER_ITEM_ID`,`NAME`),
  CONSTRAINT `FK2xfsv1rmg5hy926njxrgrkxja` FOREIGN KEY (`ORDER_ITEM_ID`) REFERENCES `BLC_DISCRETE_ORDER_ITEM` (`ORDER_ITEM_ID`)
) ENGINE=InnoDB DEFAULT CHARSET=latin1;
/*!40101 SET character_set_client = @saved_cs_client */;

--
-- Dumping data for table `BLC_ORDER_ITEM_ADD_ATTR`
--

LOCK TABLES `BLC_ORDER_ITEM_ADD_ATTR` WRITE;
/*!40000 ALTER TABLE `BLC_ORDER_ITEM_ADD_ATTR` DISABLE KEYS */;
/*!40000 ALTER TABLE `BLC_ORDER_ITEM_ADD_ATTR` ENABLE KEYS */;
UNLOCK TABLES;

--
-- Table structure for table `BLC_ORDER_ITEM_ADJUSTMENT`
--

DROP TABLE IF EXISTS `BLC_ORDER_ITEM_ADJUSTMENT`;
/*!40101 SET @saved_cs_client     = @@character_set_client */;
/*!40101 SET character_set_client = utf8 */;
CREATE TABLE `BLC_ORDER_ITEM_ADJUSTMENT` (
  `ORDER_ITEM_ADJUSTMENT_ID` bigint(20) NOT NULL,
  `APPLIED_TO_SALE_PRICE` bit(1) DEFAULT NULL,
  `ADJUSTMENT_REASON` varchar(255) NOT NULL,
  `ADJUSTMENT_VALUE` decimal(19,5) NOT NULL,
  `OFFER_ID` bigint(20) NOT NULL,
  `ORDER_ITEM_ID` bigint(20) DEFAULT NULL,
  PRIMARY KEY (`ORDER_ITEM_ADJUSTMENT_ID`),
  KEY `OIADJUST_ITEM_INDEX` (`ORDER_ITEM_ID`),
  KEY `FKkw991n1so1bd0nvmtgky3d4rm` (`OFFER_ID`),
  CONSTRAINT `FKkw991n1so1bd0nvmtgky3d4rm` FOREIGN KEY (`OFFER_ID`) REFERENCES `BLC_OFFER` (`OFFER_ID`),
  CONSTRAINT `FKniw5eryl2ea895x5p3wh4sd0u` FOREIGN KEY (`ORDER_ITEM_ID`) REFERENCES `BLC_ORDER_ITEM` (`ORDER_ITEM_ID`)
) ENGINE=InnoDB DEFAULT CHARSET=latin1;
/*!40101 SET character_set_client = @saved_cs_client */;

--
-- Dumping data for table `BLC_ORDER_ITEM_ADJUSTMENT`
--

LOCK TABLES `BLC_ORDER_ITEM_ADJUSTMENT` WRITE;
/*!40000 ALTER TABLE `BLC_ORDER_ITEM_ADJUSTMENT` DISABLE KEYS */;
/*!40000 ALTER TABLE `BLC_ORDER_ITEM_ADJUSTMENT` ENABLE KEYS */;
UNLOCK TABLES;

--
-- Table structure for table `BLC_ORDER_ITEM_ATTRIBUTE`
--

DROP TABLE IF EXISTS `BLC_ORDER_ITEM_ATTRIBUTE`;
/*!40101 SET @saved_cs_client     = @@character_set_client */;
/*!40101 SET character_set_client = utf8 */;
CREATE TABLE `BLC_ORDER_ITEM_ATTRIBUTE` (
  `ORDER_ITEM_ATTRIBUTE_ID` bigint(20) NOT NULL,
  `NAME` varchar(255) NOT NULL,
  `VALUE` varchar(255) NOT NULL,
  `ORDER_ITEM_ID` bigint(20) NOT NULL,
  PRIMARY KEY (`ORDER_ITEM_ATTRIBUTE_ID`),
  UNIQUE KEY `ATTR_NAME_ORDER_ITEM_ID` (`NAME`,`ORDER_ITEM_ID`),
  KEY `FK5f2l8atn9sh06yhbjx72i8tl1` (`ORDER_ITEM_ID`),
  CONSTRAINT `FK5f2l8atn9sh06yhbjx72i8tl1` FOREIGN KEY (`ORDER_ITEM_ID`) REFERENCES `BLC_ORDER_ITEM` (`ORDER_ITEM_ID`)
) ENGINE=InnoDB DEFAULT CHARSET=latin1;
/*!40101 SET character_set_client = @saved_cs_client */;

--
-- Dumping data for table `BLC_ORDER_ITEM_ATTRIBUTE`
--

LOCK TABLES `BLC_ORDER_ITEM_ATTRIBUTE` WRITE;
/*!40000 ALTER TABLE `BLC_ORDER_ITEM_ATTRIBUTE` DISABLE KEYS */;
/*!40000 ALTER TABLE `BLC_ORDER_ITEM_ATTRIBUTE` ENABLE KEYS */;
UNLOCK TABLES;

--
-- Table structure for table `BLC_ORDER_ITEM_CART_MESSAGE`
--

DROP TABLE IF EXISTS `BLC_ORDER_ITEM_CART_MESSAGE`;
/*!40101 SET @saved_cs_client     = @@character_set_client */;
/*!40101 SET character_set_client = utf8 */;
CREATE TABLE `BLC_ORDER_ITEM_CART_MESSAGE` (
  `ORDER_ITEM_ID` bigint(20) NOT NULL,
  `CART_MESSAGE` varchar(255) DEFAULT NULL,
  KEY `FKpm9ip11x3m6rnkla1khhgqmfn` (`ORDER_ITEM_ID`),
  CONSTRAINT `FKpm9ip11x3m6rnkla1khhgqmfn` FOREIGN KEY (`ORDER_ITEM_ID`) REFERENCES `BLC_ORDER_ITEM` (`ORDER_ITEM_ID`)
) ENGINE=InnoDB DEFAULT CHARSET=latin1;
/*!40101 SET character_set_client = @saved_cs_client */;

--
-- Dumping data for table `BLC_ORDER_ITEM_CART_MESSAGE`
--

LOCK TABLES `BLC_ORDER_ITEM_CART_MESSAGE` WRITE;
/*!40000 ALTER TABLE `BLC_ORDER_ITEM_CART_MESSAGE` DISABLE KEYS */;
/*!40000 ALTER TABLE `BLC_ORDER_ITEM_CART_MESSAGE` ENABLE KEYS */;
UNLOCK TABLES;

--
-- Table structure for table `BLC_ORDER_ITEM_DTL_ADJ`
--

DROP TABLE IF EXISTS `BLC_ORDER_ITEM_DTL_ADJ`;
/*!40101 SET @saved_cs_client     = @@character_set_client */;
/*!40101 SET character_set_client = utf8 */;
CREATE TABLE `BLC_ORDER_ITEM_DTL_ADJ` (
  `ORDER_ITEM_DTL_ADJ_ID` bigint(20) NOT NULL,
  `APPLIED_TO_SALE_PRICE` bit(1) DEFAULT NULL,
  `OFFER_NAME` varchar(255) DEFAULT NULL,
  `ADJUSTMENT_REASON` varchar(255) NOT NULL,
  `ADJUSTMENT_VALUE` decimal(19,5) NOT NULL,
  `OFFER_ID` bigint(20) NOT NULL,
  `ORDER_ITEM_PRICE_DTL_ID` bigint(20) DEFAULT NULL,
  PRIMARY KEY (`ORDER_ITEM_DTL_ADJ_ID`),
  KEY `FKtaukfbw7rtre7kmvl6fla49t6` (`OFFER_ID`),
  KEY `FKtecvjagoubp6v2337mqm5gnmg` (`ORDER_ITEM_PRICE_DTL_ID`),
  CONSTRAINT `FKtaukfbw7rtre7kmvl6fla49t6` FOREIGN KEY (`OFFER_ID`) REFERENCES `BLC_OFFER` (`OFFER_ID`),
  CONSTRAINT `FKtecvjagoubp6v2337mqm5gnmg` FOREIGN KEY (`ORDER_ITEM_PRICE_DTL_ID`) REFERENCES `BLC_ORDER_ITEM_PRICE_DTL` (`ORDER_ITEM_PRICE_DTL_ID`)
) ENGINE=InnoDB DEFAULT CHARSET=latin1;
/*!40101 SET character_set_client = @saved_cs_client */;

--
-- Dumping data for table `BLC_ORDER_ITEM_DTL_ADJ`
--

LOCK TABLES `BLC_ORDER_ITEM_DTL_ADJ` WRITE;
/*!40000 ALTER TABLE `BLC_ORDER_ITEM_DTL_ADJ` DISABLE KEYS */;
/*!40000 ALTER TABLE `BLC_ORDER_ITEM_DTL_ADJ` ENABLE KEYS */;
UNLOCK TABLES;

--
-- Table structure for table `BLC_ORDER_ITEM_PRICE_DTL`
--

DROP TABLE IF EXISTS `BLC_ORDER_ITEM_PRICE_DTL`;
/*!40101 SET @saved_cs_client     = @@character_set_client */;
/*!40101 SET character_set_client = utf8 */;
CREATE TABLE `BLC_ORDER_ITEM_PRICE_DTL` (
  `ORDER_ITEM_PRICE_DTL_ID` bigint(20) NOT NULL,
  `QUANTITY` int(11) NOT NULL,
  `USE_SALE_PRICE` bit(1) DEFAULT NULL,
  `ORDER_ITEM_ID` bigint(20) DEFAULT NULL,
  PRIMARY KEY (`ORDER_ITEM_PRICE_DTL_ID`),
  KEY `FKerm8r2c1fj0vvd2rj0uxmavlj` (`ORDER_ITEM_ID`),
  CONSTRAINT `FKerm8r2c1fj0vvd2rj0uxmavlj` FOREIGN KEY (`ORDER_ITEM_ID`) REFERENCES `BLC_ORDER_ITEM` (`ORDER_ITEM_ID`)
) ENGINE=InnoDB DEFAULT CHARSET=latin1;
/*!40101 SET character_set_client = @saved_cs_client */;

--
-- Dumping data for table `BLC_ORDER_ITEM_PRICE_DTL`
--

LOCK TABLES `BLC_ORDER_ITEM_PRICE_DTL` WRITE;
/*!40000 ALTER TABLE `BLC_ORDER_ITEM_PRICE_DTL` DISABLE KEYS */;
/*!40000 ALTER TABLE `BLC_ORDER_ITEM_PRICE_DTL` ENABLE KEYS */;
UNLOCK TABLES;

--
-- Table structure for table `BLC_ORDER_LOCK`
--

DROP TABLE IF EXISTS `BLC_ORDER_LOCK`;
/*!40101 SET @saved_cs_client     = @@character_set_client */;
/*!40101 SET character_set_client = utf8 */;
CREATE TABLE `BLC_ORDER_LOCK` (
  `LOCK_KEY` varchar(255) NOT NULL,
  `ORDER_ID` bigint(20) NOT NULL,
  `LAST_UPDATED` bigint(20) DEFAULT NULL,
  `LOCKED` char(1) DEFAULT NULL,
  PRIMARY KEY (`LOCK_KEY`,`ORDER_ID`)
) ENGINE=InnoDB DEFAULT CHARSET=latin1;
/*!40101 SET character_set_client = @saved_cs_client */;

--
-- Dumping data for table `BLC_ORDER_LOCK`
--

LOCK TABLES `BLC_ORDER_LOCK` WRITE;
/*!40000 ALTER TABLE `BLC_ORDER_LOCK` DISABLE KEYS */;
/*!40000 ALTER TABLE `BLC_ORDER_LOCK` ENABLE KEYS */;
UNLOCK TABLES;

--
-- Table structure for table `BLC_ORDER_MULTISHIP_OPTION`
--

DROP TABLE IF EXISTS `BLC_ORDER_MULTISHIP_OPTION`;
/*!40101 SET @saved_cs_client     = @@character_set_client */;
/*!40101 SET character_set_client = utf8 */;
CREATE TABLE `BLC_ORDER_MULTISHIP_OPTION` (
  `ORDER_MULTISHIP_OPTION_ID` bigint(20) NOT NULL,
  `ADDRESS_ID` bigint(20) DEFAULT NULL,
  `FULFILLMENT_OPTION_ID` bigint(20) DEFAULT NULL,
  `ORDER_ID` bigint(20) DEFAULT NULL,
  `ORDER_ITEM_ID` bigint(20) DEFAULT NULL,
  PRIMARY KEY (`ORDER_MULTISHIP_OPTION_ID`),
  KEY `MULTISHIP_OPTION_ORDER_INDEX` (`ORDER_ID`),
  KEY `FKt77nf9y3nokcclqibjhihjily` (`ADDRESS_ID`),
  KEY `FK1d1sd1fr2cdv0kvf2s5yclo55` (`FULFILLMENT_OPTION_ID`),
  KEY `FK8poefpppeoej296cr2g1otfki` (`ORDER_ITEM_ID`),
  CONSTRAINT `FK1d1sd1fr2cdv0kvf2s5yclo55` FOREIGN KEY (`FULFILLMENT_OPTION_ID`) REFERENCES `BLC_FULFILLMENT_OPTION` (`FULFILLMENT_OPTION_ID`),
  CONSTRAINT `FK8poefpppeoej296cr2g1otfki` FOREIGN KEY (`ORDER_ITEM_ID`) REFERENCES `BLC_ORDER_ITEM` (`ORDER_ITEM_ID`),
  CONSTRAINT `FKrpsf6ltf21ohrgimnktmq5dn3` FOREIGN KEY (`ORDER_ID`) REFERENCES `BLC_ORDER` (`ORDER_ID`),
  CONSTRAINT `FKt77nf9y3nokcclqibjhihjily` FOREIGN KEY (`ADDRESS_ID`) REFERENCES `BLC_ADDRESS` (`ADDRESS_ID`)
) ENGINE=InnoDB DEFAULT CHARSET=latin1;
/*!40101 SET character_set_client = @saved_cs_client */;

--
-- Dumping data for table `BLC_ORDER_MULTISHIP_OPTION`
--

LOCK TABLES `BLC_ORDER_MULTISHIP_OPTION` WRITE;
/*!40000 ALTER TABLE `BLC_ORDER_MULTISHIP_OPTION` DISABLE KEYS */;
/*!40000 ALTER TABLE `BLC_ORDER_MULTISHIP_OPTION` ENABLE KEYS */;
UNLOCK TABLES;

--
-- Table structure for table `BLC_ORDER_OFFER_CODE_XREF`
--

DROP TABLE IF EXISTS `BLC_ORDER_OFFER_CODE_XREF`;
/*!40101 SET @saved_cs_client     = @@character_set_client */;
/*!40101 SET character_set_client = utf8 */;
CREATE TABLE `BLC_ORDER_OFFER_CODE_XREF` (
  `ORDER_ID` bigint(20) NOT NULL,
  `OFFER_CODE_ID` bigint(20) NOT NULL,
  KEY `FKdtidg8l9a5wpcuwpnqbwwhuve` (`OFFER_CODE_ID`),
  KEY `FKljh9nh9lgxkgnebscn8u8sbgf` (`ORDER_ID`),
  CONSTRAINT `FKdtidg8l9a5wpcuwpnqbwwhuve` FOREIGN KEY (`OFFER_CODE_ID`) REFERENCES `BLC_OFFER_CODE` (`OFFER_CODE_ID`),
  CONSTRAINT `FKljh9nh9lgxkgnebscn8u8sbgf` FOREIGN KEY (`ORDER_ID`) REFERENCES `BLC_ORDER` (`ORDER_ID`)
) ENGINE=InnoDB DEFAULT CHARSET=latin1;
/*!40101 SET character_set_client = @saved_cs_client */;

--
-- Dumping data for table `BLC_ORDER_OFFER_CODE_XREF`
--

LOCK TABLES `BLC_ORDER_OFFER_CODE_XREF` WRITE;
/*!40000 ALTER TABLE `BLC_ORDER_OFFER_CODE_XREF` DISABLE KEYS */;
/*!40000 ALTER TABLE `BLC_ORDER_OFFER_CODE_XREF` ENABLE KEYS */;
UNLOCK TABLES;

--
-- Table structure for table `BLC_ORDER_PAYMENT`
--

DROP TABLE IF EXISTS `BLC_ORDER_PAYMENT`;
/*!40101 SET @saved_cs_client     = @@character_set_client */;
/*!40101 SET character_set_client = utf8 */;
CREATE TABLE `BLC_ORDER_PAYMENT` (
  `ORDER_PAYMENT_ID` bigint(20) NOT NULL,
  `AMOUNT` decimal(19,5) DEFAULT NULL,
  `ARCHIVED` char(1) DEFAULT NULL,
  `GATEWAY_TYPE` varchar(255) DEFAULT NULL,
  `REFERENCE_NUMBER` varchar(255) DEFAULT NULL,
  `PAYMENT_TYPE` varchar(255) NOT NULL,
  `ADDRESS_ID` bigint(20) DEFAULT NULL,
  `ORDER_ID` bigint(20) DEFAULT NULL,
  PRIMARY KEY (`ORDER_PAYMENT_ID`),
  KEY `ORDERPAYMENT_ADDRESS_INDEX` (`ADDRESS_ID`),
  KEY `ORDERPAYMENT_ORDER_INDEX` (`ORDER_ID`),
  KEY `ORDERPAYMENT_REFERENCE_INDEX` (`REFERENCE_NUMBER`),
  KEY `ORDERPAYMENT_TYPE_INDEX` (`PAYMENT_TYPE`),
  CONSTRAINT `FK7k9dsqtdku90rongw4f2xsgg5` FOREIGN KEY (`ADDRESS_ID`) REFERENCES `BLC_ADDRESS` (`ADDRESS_ID`),
  CONSTRAINT `FKh0n8n75hk2l646hsxyyqrwgpx` FOREIGN KEY (`ORDER_ID`) REFERENCES `BLC_ORDER` (`ORDER_ID`)
) ENGINE=InnoDB DEFAULT CHARSET=latin1;
/*!40101 SET character_set_client = @saved_cs_client */;

--
-- Dumping data for table `BLC_ORDER_PAYMENT`
--

LOCK TABLES `BLC_ORDER_PAYMENT` WRITE;
/*!40000 ALTER TABLE `BLC_ORDER_PAYMENT` DISABLE KEYS */;
/*!40000 ALTER TABLE `BLC_ORDER_PAYMENT` ENABLE KEYS */;
UNLOCK TABLES;

--
-- Table structure for table `BLC_ORDER_PAYMENT_TRANSACTION`
--

DROP TABLE IF EXISTS `BLC_ORDER_PAYMENT_TRANSACTION`;
/*!40101 SET @saved_cs_client     = @@character_set_client */;
/*!40101 SET character_set_client = utf8 */;
CREATE TABLE `BLC_ORDER_PAYMENT_TRANSACTION` (
  `PAYMENT_TRANSACTION_ID` bigint(20) NOT NULL,
  `TRANSACTION_AMOUNT` decimal(19,2) DEFAULT NULL,
  `ARCHIVED` char(1) DEFAULT NULL,
  `CUSTOMER_IP_ADDRESS` varchar(255) DEFAULT NULL,
  `DATE_RECORDED` datetime DEFAULT NULL,
  `RAW_RESPONSE` longtext,
  `SAVE_TOKEN` bit(1) DEFAULT NULL,
  `SUCCESS` bit(1) DEFAULT NULL,
  `TRANSACTION_TYPE` varchar(255) DEFAULT NULL,
  `ORDER_PAYMENT` bigint(20) NOT NULL,
  `PARENT_TRANSACTION` bigint(20) DEFAULT NULL,
  PRIMARY KEY (`PAYMENT_TRANSACTION_ID`),
  KEY `FKq3hymseoakriel7rw57g3vh5n` (`ORDER_PAYMENT`),
  KEY `FKjg77vkh5u48omyy8uhagkswxs` (`PARENT_TRANSACTION`),
  CONSTRAINT `FKjg77vkh5u48omyy8uhagkswxs` FOREIGN KEY (`PARENT_TRANSACTION`) REFERENCES `BLC_ORDER_PAYMENT_TRANSACTION` (`PAYMENT_TRANSACTION_ID`),
  CONSTRAINT `FKq3hymseoakriel7rw57g3vh5n` FOREIGN KEY (`ORDER_PAYMENT`) REFERENCES `BLC_ORDER_PAYMENT` (`ORDER_PAYMENT_ID`)
) ENGINE=InnoDB DEFAULT CHARSET=latin1;
/*!40101 SET character_set_client = @saved_cs_client */;

--
-- Dumping data for table `BLC_ORDER_PAYMENT_TRANSACTION`
--

LOCK TABLES `BLC_ORDER_PAYMENT_TRANSACTION` WRITE;
/*!40000 ALTER TABLE `BLC_ORDER_PAYMENT_TRANSACTION` DISABLE KEYS */;
/*!40000 ALTER TABLE `BLC_ORDER_PAYMENT_TRANSACTION` ENABLE KEYS */;
UNLOCK TABLES;

--
-- Table structure for table `BLC_PAGE`
--

DROP TABLE IF EXISTS `BLC_PAGE`;
/*!40101 SET @saved_cs_client     = @@character_set_client */;
/*!40101 SET character_set_client = utf8 */;
CREATE TABLE `BLC_PAGE` (
  `PAGE_ID` bigint(20) NOT NULL,
  `ACTIVE_END_DATE` datetime DEFAULT NULL,
  `ACTIVE_START_DATE` datetime DEFAULT NULL,
  `CREATED_BY` bigint(20) DEFAULT NULL,
  `DATE_CREATED` datetime DEFAULT NULL,
  `DATE_UPDATED` datetime DEFAULT NULL,
  `UPDATED_BY` bigint(20) DEFAULT NULL,
  `DESCRIPTION` varchar(255) DEFAULT NULL,
  `EXCLUDE_FROM_SITE_MAP` bit(1) DEFAULT NULL,
  `FULL_URL` varchar(255) DEFAULT NULL,
  `META_DESCRIPTION` varchar(255) DEFAULT NULL,
  `META_TITLE` varchar(255) DEFAULT NULL,
  `OFFLINE_FLAG` bit(1) DEFAULT NULL,
  `PRIORITY` int(11) DEFAULT NULL,
  `PAGE_TMPLT_ID` bigint(20) DEFAULT NULL,
  PRIMARY KEY (`PAGE_ID`),
  KEY `PAGE_FULL_URL_INDEX` (`FULL_URL`),
  KEY `FKo95c7m41ycmhf4dwpebvemasl` (`PAGE_TMPLT_ID`),
  CONSTRAINT `FKo95c7m41ycmhf4dwpebvemasl` FOREIGN KEY (`PAGE_TMPLT_ID`) REFERENCES `BLC_PAGE_TMPLT` (`PAGE_TMPLT_ID`)
) ENGINE=InnoDB DEFAULT CHARSET=latin1;
/*!40101 SET character_set_client = @saved_cs_client */;

--
-- Dumping data for table `BLC_PAGE`
--

LOCK TABLES `BLC_PAGE` WRITE;
/*!40000 ALTER TABLE `BLC_PAGE` DISABLE KEYS */;
INSERT INTO `BLC_PAGE` VALUES (1,NULL,NULL,NULL,NULL,NULL,NULL,'About Us',NULL,'/about_us',NULL,'About Us',NULL,NULL,2),(2,NULL,NULL,NULL,NULL,NULL,NULL,'Frequently Asked Questions',NULL,'/faq',NULL,'FAQ',NULL,NULL,2),(3,NULL,NULL,NULL,NULL,NULL,NULL,'New to Hot Sauce',NULL,'/new-to-hot-sauce',NULL,'New to Hot Sauce',NULL,NULL,1);
/*!40000 ALTER TABLE `BLC_PAGE` ENABLE KEYS */;
UNLOCK TABLES;

--
-- Table structure for table `BLC_PAGE_ATTRIBUTES`
--

DROP TABLE IF EXISTS `BLC_PAGE_ATTRIBUTES`;
/*!40101 SET @saved_cs_client     = @@character_set_client */;
/*!40101 SET character_set_client = utf8 */;
CREATE TABLE `BLC_PAGE_ATTRIBUTES` (
  `ATTRIBUTE_ID` bigint(20) NOT NULL,
  `FIELD_NAME` varchar(255) NOT NULL,
  `FIELD_VALUE` varchar(255) DEFAULT NULL,
  `PAGE_ID` bigint(20) NOT NULL,
  PRIMARY KEY (`ATTRIBUTE_ID`),
  KEY `PAGEATTRIBUTE_NAME_INDEX` (`FIELD_NAME`),
  KEY `PAGEATTRIBUTE_INDEX` (`PAGE_ID`),
  CONSTRAINT `FK94785hg4iuw1k22qh6b8hysxe` FOREIGN KEY (`PAGE_ID`) REFERENCES `BLC_PAGE` (`PAGE_ID`)
) ENGINE=InnoDB DEFAULT CHARSET=latin1;
/*!40101 SET character_set_client = @saved_cs_client */;

--
-- Dumping data for table `BLC_PAGE_ATTRIBUTES`
--

LOCK TABLES `BLC_PAGE_ATTRIBUTES` WRITE;
/*!40000 ALTER TABLE `BLC_PAGE_ATTRIBUTES` DISABLE KEYS */;
/*!40000 ALTER TABLE `BLC_PAGE_ATTRIBUTES` ENABLE KEYS */;
UNLOCK TABLES;

--
-- Table structure for table `BLC_PAGE_FLD`
--

DROP TABLE IF EXISTS `BLC_PAGE_FLD`;
/*!40101 SET @saved_cs_client     = @@character_set_client */;
/*!40101 SET character_set_client = utf8 */;
CREATE TABLE `BLC_PAGE_FLD` (
  `PAGE_FLD_ID` bigint(20) NOT NULL,
  `CREATED_BY` bigint(20) DEFAULT NULL,
  `DATE_CREATED` datetime DEFAULT NULL,
  `DATE_UPDATED` datetime DEFAULT NULL,
  `UPDATED_BY` bigint(20) DEFAULT NULL,
  `FLD_KEY` varchar(255) DEFAULT NULL,
  `LOB_VALUE` longtext,
  `VALUE` varchar(255) DEFAULT NULL,
  `PAGE_ID` bigint(20) NOT NULL,
  PRIMARY KEY (`PAGE_FLD_ID`),
  KEY `FK8t4im2p53x0mfufl92k87tsnx` (`PAGE_ID`),
  CONSTRAINT `FK8t4im2p53x0mfufl92k87tsnx` FOREIGN KEY (`PAGE_ID`) REFERENCES `BLC_PAGE` (`PAGE_ID`)
) ENGINE=InnoDB DEFAULT CHARSET=latin1;
/*!40101 SET character_set_client = @saved_cs_client */;

--
-- Dumping data for table `BLC_PAGE_FLD`
--

LOCK TABLES `BLC_PAGE_FLD` WRITE;
/*!40000 ALTER TABLE `BLC_PAGE_FLD` DISABLE KEYS */;
INSERT INTO `BLC_PAGE_FLD` VALUES (1,NULL,NULL,NULL,NULL,'body',NULL,'test content',1),(2,NULL,NULL,NULL,NULL,'title',NULL,'About Us',1),(3,NULL,NULL,NULL,NULL,'body',NULL,'<h2 style=\"text-align:center;\">This is an example of a content-managed page.</h2><h4 style=\"text-align:center;\"><a href=\"http://www.broadleafcommerce.com/features/content\">Click Here</a> to see more about Content Management in Broadleaf.</h4>',2),(4,NULL,NULL,NULL,NULL,'body',NULL,'<h2 style=\"text-align:center;\">This is an example of a content-managed page.</h2>',3);
/*!40000 ALTER TABLE `BLC_PAGE_FLD` ENABLE KEYS */;
UNLOCK TABLES;

--
-- Table structure for table `BLC_PAGE_ITEM_CRITERIA`
--

DROP TABLE IF EXISTS `BLC_PAGE_ITEM_CRITERIA`;
/*!40101 SET @saved_cs_client     = @@character_set_client */;
/*!40101 SET character_set_client = utf8 */;
CREATE TABLE `BLC_PAGE_ITEM_CRITERIA` (
  `PAGE_ITEM_CRITERIA_ID` bigint(20) NOT NULL,
  `ORDER_ITEM_MATCH_RULE` longtext,
  `QUANTITY` int(11) NOT NULL,
  PRIMARY KEY (`PAGE_ITEM_CRITERIA_ID`)
) ENGINE=InnoDB DEFAULT CHARSET=latin1;
/*!40101 SET character_set_client = @saved_cs_client */;

--
-- Dumping data for table `BLC_PAGE_ITEM_CRITERIA`
--

LOCK TABLES `BLC_PAGE_ITEM_CRITERIA` WRITE;
/*!40000 ALTER TABLE `BLC_PAGE_ITEM_CRITERIA` DISABLE KEYS */;
/*!40000 ALTER TABLE `BLC_PAGE_ITEM_CRITERIA` ENABLE KEYS */;
UNLOCK TABLES;

--
-- Table structure for table `BLC_PAGE_RULE`
--

DROP TABLE IF EXISTS `BLC_PAGE_RULE`;
/*!40101 SET @saved_cs_client     = @@character_set_client */;
/*!40101 SET character_set_client = utf8 */;
CREATE TABLE `BLC_PAGE_RULE` (
  `PAGE_RULE_ID` bigint(20) NOT NULL,
  `MATCH_RULE` longtext,
  PRIMARY KEY (`PAGE_RULE_ID`)
) ENGINE=InnoDB DEFAULT CHARSET=latin1;
/*!40101 SET character_set_client = @saved_cs_client */;

--
-- Dumping data for table `BLC_PAGE_RULE`
--

LOCK TABLES `BLC_PAGE_RULE` WRITE;
/*!40000 ALTER TABLE `BLC_PAGE_RULE` DISABLE KEYS */;
/*!40000 ALTER TABLE `BLC_PAGE_RULE` ENABLE KEYS */;
UNLOCK TABLES;

--
-- Table structure for table `BLC_PAGE_RULE_MAP`
--

DROP TABLE IF EXISTS `BLC_PAGE_RULE_MAP`;
/*!40101 SET @saved_cs_client     = @@character_set_client */;
/*!40101 SET character_set_client = utf8 */;
CREATE TABLE `BLC_PAGE_RULE_MAP` (
  `BLC_PAGE_PAGE_ID` bigint(20) NOT NULL,
  `PAGE_RULE_ID` bigint(20) NOT NULL,
  `MAP_KEY` varchar(255) NOT NULL,
  PRIMARY KEY (`BLC_PAGE_PAGE_ID`,`MAP_KEY`),
  KEY `FKhj9uu6o7fb0n81g5yvk48skem` (`PAGE_RULE_ID`),
  CONSTRAINT `FKhj9uu6o7fb0n81g5yvk48skem` FOREIGN KEY (`PAGE_RULE_ID`) REFERENCES `BLC_PAGE_RULE` (`PAGE_RULE_ID`),
  CONSTRAINT `FKtqx8xsmgx0hkrvery3ipqwwi0` FOREIGN KEY (`BLC_PAGE_PAGE_ID`) REFERENCES `BLC_PAGE` (`PAGE_ID`)
) ENGINE=InnoDB DEFAULT CHARSET=latin1;
/*!40101 SET character_set_client = @saved_cs_client */;

--
-- Dumping data for table `BLC_PAGE_RULE_MAP`
--

LOCK TABLES `BLC_PAGE_RULE_MAP` WRITE;
/*!40000 ALTER TABLE `BLC_PAGE_RULE_MAP` DISABLE KEYS */;
/*!40000 ALTER TABLE `BLC_PAGE_RULE_MAP` ENABLE KEYS */;
UNLOCK TABLES;

--
-- Table structure for table `BLC_PAGE_TMPLT`
--

DROP TABLE IF EXISTS `BLC_PAGE_TMPLT`;
/*!40101 SET @saved_cs_client     = @@character_set_client */;
/*!40101 SET character_set_client = utf8 */;
CREATE TABLE `BLC_PAGE_TMPLT` (
  `PAGE_TMPLT_ID` bigint(20) NOT NULL,
  `TMPLT_DESCR` varchar(255) DEFAULT NULL,
  `TMPLT_NAME` varchar(255) DEFAULT NULL,
  `TMPLT_PATH` varchar(255) DEFAULT NULL,
  `LOCALE_CODE` varchar(255) DEFAULT NULL,
  PRIMARY KEY (`PAGE_TMPLT_ID`),
  KEY `FK19poavwqssando5ll1qid9kmf` (`LOCALE_CODE`),
  CONSTRAINT `FK19poavwqssando5ll1qid9kmf` FOREIGN KEY (`LOCALE_CODE`) REFERENCES `BLC_LOCALE` (`LOCALE_CODE`)
) ENGINE=InnoDB DEFAULT CHARSET=latin1;
/*!40101 SET character_set_client = @saved_cs_client */;

--
-- Dumping data for table `BLC_PAGE_TMPLT`
--

LOCK TABLES `BLC_PAGE_TMPLT` WRITE;
/*!40000 ALTER TABLE `BLC_PAGE_TMPLT` DISABLE KEYS */;
INSERT INTO `BLC_PAGE_TMPLT` VALUES (1,'This template provides the default layout with header and footer surrounding the content and title. This template also includes featured products below the page content.','Default Template','content/default',NULL),(2,'This template provides a plain layout with header and footer surrounding the content and title.','Plain Template','content/plain',NULL);
/*!40000 ALTER TABLE `BLC_PAGE_TMPLT` ENABLE KEYS */;
UNLOCK TABLES;

--
-- Table structure for table `BLC_PAYMENT_LOG`
--

DROP TABLE IF EXISTS `BLC_PAYMENT_LOG`;
/*!40101 SET @saved_cs_client     = @@character_set_client */;
/*!40101 SET character_set_client = utf8 */;
CREATE TABLE `BLC_PAYMENT_LOG` (
  `PAYMENT_LOG_ID` bigint(20) NOT NULL,
  `AMOUNT_PAID` decimal(19,5) DEFAULT NULL,
  `EXCEPTION_MESSAGE` varchar(255) DEFAULT NULL,
  `LOG_TYPE` varchar(255) NOT NULL,
  `ORDER_PAYMENT_ID` bigint(20) DEFAULT NULL,
  `ORDER_PAYMENT_REF_NUM` varchar(255) DEFAULT NULL,
  `TRANSACTION_SUCCESS` bit(1) DEFAULT NULL,
  `TRANSACTION_TIMESTAMP` datetime NOT NULL,
  `TRANSACTION_TYPE` varchar(255) NOT NULL,
  `USER_NAME` varchar(255) NOT NULL,
  `CURRENCY_CODE` varchar(255) DEFAULT NULL,
  `CUSTOMER_ID` bigint(20) DEFAULT NULL,
  PRIMARY KEY (`PAYMENT_LOG_ID`),
  KEY `PAYMENTLOG_CUSTOMER_INDEX` (`CUSTOMER_ID`),
  KEY `PAYMENTLOG_LOGTYPE_INDEX` (`LOG_TYPE`),
  KEY `PAYMENTLOG_ORDERPAYMENT_INDEX` (`ORDER_PAYMENT_ID`),
  KEY `PAYMENTLOG_REFERENCE_INDEX` (`ORDER_PAYMENT_REF_NUM`),
  KEY `PAYMENTLOG_TRANTYPE_INDEX` (`TRANSACTION_TYPE`),
  KEY `PAYMENTLOG_USER_INDEX` (`USER_NAME`),
  KEY `FK1tulv4shboj3o32mjrbk2jh93` (`CURRENCY_CODE`),
  CONSTRAINT `FK1tulv4shboj3o32mjrbk2jh93` FOREIGN KEY (`CURRENCY_CODE`) REFERENCES `BLC_CURRENCY` (`CURRENCY_CODE`),
  CONSTRAINT `FK39ybfiu04bab30cqo45cap3ew` FOREIGN KEY (`CUSTOMER_ID`) REFERENCES `BLC_CUSTOMER` (`CUSTOMER_ID`)
) ENGINE=InnoDB DEFAULT CHARSET=latin1;
/*!40101 SET character_set_client = @saved_cs_client */;

--
-- Dumping data for table `BLC_PAYMENT_LOG`
--

LOCK TABLES `BLC_PAYMENT_LOG` WRITE;
/*!40000 ALTER TABLE `BLC_PAYMENT_LOG` DISABLE KEYS */;
/*!40000 ALTER TABLE `BLC_PAYMENT_LOG` ENABLE KEYS */;
UNLOCK TABLES;

--
-- Table structure for table `BLC_PERSONAL_MESSAGE`
--

DROP TABLE IF EXISTS `BLC_PERSONAL_MESSAGE`;
/*!40101 SET @saved_cs_client     = @@character_set_client */;
/*!40101 SET character_set_client = utf8 */;
CREATE TABLE `BLC_PERSONAL_MESSAGE` (
  `PERSONAL_MESSAGE_ID` bigint(20) NOT NULL,
  `MESSAGE` varchar(255) DEFAULT NULL,
  `MESSAGE_FROM` varchar(255) DEFAULT NULL,
  `MESSAGE_TO` varchar(255) DEFAULT NULL,
  `OCCASION` varchar(255) DEFAULT NULL,
  PRIMARY KEY (`PERSONAL_MESSAGE_ID`)
) ENGINE=InnoDB DEFAULT CHARSET=latin1;
/*!40101 SET character_set_client = @saved_cs_client */;

--
-- Dumping data for table `BLC_PERSONAL_MESSAGE`
--

LOCK TABLES `BLC_PERSONAL_MESSAGE` WRITE;
/*!40000 ALTER TABLE `BLC_PERSONAL_MESSAGE` DISABLE KEYS */;
/*!40000 ALTER TABLE `BLC_PERSONAL_MESSAGE` ENABLE KEYS */;
UNLOCK TABLES;

--
-- Table structure for table `BLC_PGTMPLT_FLDGRP_XREF`
--

DROP TABLE IF EXISTS `BLC_PGTMPLT_FLDGRP_XREF`;
/*!40101 SET @saved_cs_client     = @@character_set_client */;
/*!40101 SET character_set_client = utf8 */;
CREATE TABLE `BLC_PGTMPLT_FLDGRP_XREF` (
  `PG_TMPLT_FLD_GRP_ID` bigint(20) NOT NULL,
  `GROUP_ORDER` decimal(10,6) DEFAULT NULL,
  `FLD_GROUP_ID` bigint(20) DEFAULT NULL,
  `PAGE_TMPLT_ID` bigint(20) DEFAULT NULL,
  PRIMARY KEY (`PG_TMPLT_FLD_GRP_ID`),
  KEY `FKoy5hlxlq3pii0gj8yalskxv88` (`FLD_GROUP_ID`),
  KEY `FKr3xcn67le94r6oxnaebm5ebnk` (`PAGE_TMPLT_ID`),
  CONSTRAINT `FKoy5hlxlq3pii0gj8yalskxv88` FOREIGN KEY (`FLD_GROUP_ID`) REFERENCES `BLC_FLD_GROUP` (`FLD_GROUP_ID`),
  CONSTRAINT `FKr3xcn67le94r6oxnaebm5ebnk` FOREIGN KEY (`PAGE_TMPLT_ID`) REFERENCES `BLC_PAGE_TMPLT` (`PAGE_TMPLT_ID`)
) ENGINE=InnoDB DEFAULT CHARSET=latin1;
/*!40101 SET character_set_client = @saved_cs_client */;

--
-- Dumping data for table `BLC_PGTMPLT_FLDGRP_XREF`
--

LOCK TABLES `BLC_PGTMPLT_FLDGRP_XREF` WRITE;
/*!40000 ALTER TABLE `BLC_PGTMPLT_FLDGRP_XREF` DISABLE KEYS */;
INSERT INTO `BLC_PGTMPLT_FLDGRP_XREF` VALUES (-200,0.000000,1,2),(-100,0.000000,1,1);
/*!40000 ALTER TABLE `BLC_PGTMPLT_FLDGRP_XREF` ENABLE KEYS */;
UNLOCK TABLES;

--
-- Table structure for table `BLC_PHONE`
--

DROP TABLE IF EXISTS `BLC_PHONE`;
/*!40101 SET @saved_cs_client     = @@character_set_client */;
/*!40101 SET character_set_client = utf8 */;
CREATE TABLE `BLC_PHONE` (
  `PHONE_ID` bigint(20) NOT NULL,
  `COUNTRY_CODE` varchar(255) DEFAULT NULL,
  `EXTENSION` varchar(255) DEFAULT NULL,
  `IS_ACTIVE` bit(1) DEFAULT NULL,
  `IS_DEFAULT` bit(1) DEFAULT NULL,
  `PHONE_NUMBER` varchar(255) NOT NULL,
  PRIMARY KEY (`PHONE_ID`)
) ENGINE=InnoDB DEFAULT CHARSET=latin1;
/*!40101 SET character_set_client = @saved_cs_client */;

--
-- Dumping data for table `BLC_PHONE`
--

LOCK TABLES `BLC_PHONE` WRITE;
/*!40000 ALTER TABLE `BLC_PHONE` DISABLE KEYS */;
/*!40000 ALTER TABLE `BLC_PHONE` ENABLE KEYS */;
UNLOCK TABLES;

--
-- Table structure for table `BLC_PRODUCT`
--

DROP TABLE IF EXISTS `BLC_PRODUCT`;
/*!40101 SET @saved_cs_client     = @@character_set_client */;
/*!40101 SET character_set_client = utf8 */;
CREATE TABLE `BLC_PRODUCT` (
  `PRODUCT_ID` bigint(20) NOT NULL,
  `ARCHIVED` char(1) DEFAULT NULL,
  `CAN_SELL_WITHOUT_OPTIONS` bit(1) DEFAULT NULL,
  `CANONICAL_URL` varchar(255) DEFAULT NULL,
  `DISPLAY_TEMPLATE` varchar(255) DEFAULT NULL,
  `IS_FEATURED_PRODUCT` bit(1) NOT NULL,
  `MANUFACTURE` varchar(255) DEFAULT NULL,
  `META_DESC` varchar(255) DEFAULT NULL,
  `META_TITLE` varchar(255) DEFAULT NULL,
  `MODEL` varchar(255) DEFAULT NULL,
  `OVERRIDE_GENERATED_URL` bit(1) DEFAULT NULL,
  `URL` varchar(255) DEFAULT NULL,
  `URL_KEY` varchar(255) DEFAULT NULL,
  `DEFAULT_CATEGORY_ID` bigint(20) DEFAULT NULL,
  `DEFAULT_SKU_ID` bigint(20) DEFAULT NULL,
  PRIMARY KEY (`PRODUCT_ID`),
  KEY `PRODUCT_CATEGORY_INDEX` (`DEFAULT_CATEGORY_ID`),
  KEY `PRODUCT_URL_INDEX` (`URL`,`URL_KEY`),
  KEY `PRODUCT_URL_KEY_INDEX` (`URL_KEY`),
  KEY `FK9dljxk44kotarjr9ngebtxntx` (`DEFAULT_SKU_ID`),
  CONSTRAINT `FK57aoxhpvwg389v7sx4m153mde` FOREIGN KEY (`DEFAULT_CATEGORY_ID`) REFERENCES `BLC_CATEGORY` (`CATEGORY_ID`),
  CONSTRAINT `FK9dljxk44kotarjr9ngebtxntx` FOREIGN KEY (`DEFAULT_SKU_ID`) REFERENCES `BLC_SKU` (`SKU_ID`)
) ENGINE=InnoDB DEFAULT CHARSET=latin1;
/*!40101 SET character_set_client = @saved_cs_client */;

--
-- Dumping data for table `BLC_PRODUCT`
--

LOCK TABLES `BLC_PRODUCT` WRITE;
/*!40000 ALTER TABLE `BLC_PRODUCT` DISABLE KEYS */;
INSERT INTO `BLC_PRODUCT` VALUES (1,NULL,NULL,NULL,NULL,_binary '','Blair\'s',NULL,NULL,NULL,_binary '\0','/hot-sauces/sudden_death_sauce',NULL,NULL,1),(2,NULL,NULL,NULL,NULL,_binary '\0','Blair\'s',NULL,NULL,NULL,_binary '\0','/hot-sauces/sweet_death_sauce',NULL,NULL,2),(3,NULL,NULL,NULL,NULL,_binary '\0','Salsa Express',NULL,NULL,NULL,_binary '\0','/hot-sauces/hoppin_hot_sauce',NULL,NULL,3),(4,NULL,NULL,NULL,NULL,_binary '\0','Spice Exchange',NULL,NULL,NULL,_binary '\0','/hot-sauces/day_of_the_dead_chipotle_hot_sauce',NULL,NULL,4),(5,NULL,NULL,NULL,NULL,_binary '\0','Spice Exchange',NULL,NULL,NULL,_binary '\0','/hot-sauces/day_of_the_dead_habanero_hot_sauce',NULL,NULL,5),(6,NULL,NULL,NULL,NULL,_binary '\0','Spice Exchange',NULL,NULL,NULL,_binary '\0','/hot-sauces/day_of_the_dead_scotch_bonnet_sauce',NULL,NULL,6),(7,NULL,NULL,NULL,NULL,_binary '\0','Garden Row',NULL,NULL,NULL,_binary '\0','/hot-sauces/green_ghost',NULL,NULL,7),(8,NULL,NULL,NULL,NULL,_binary '\0','D. L. Jardine\'s',NULL,NULL,NULL,_binary '\0','/hot-sauces/blazin_saddle_hot_habanero_pepper_sauce',NULL,NULL,8),(9,NULL,NULL,NULL,NULL,_binary '','Figueroa Brothers',NULL,NULL,NULL,_binary '\0','/hot-sauces/armageddon_hot_sauce_to_end_all',NULL,NULL,9),(10,NULL,NULL,NULL,NULL,_binary '\0','Figueroa Brothers',NULL,NULL,NULL,_binary '\0','/hot-sauces/dr_chilemeisters_insane_hot_sauce',NULL,NULL,10),(11,NULL,NULL,NULL,NULL,_binary '\0','Brazos Legends',NULL,NULL,NULL,_binary '\0','/hot-sauces/bull_snort_cowboy_cayenne_pepper_hot_sauce',NULL,NULL,11),(12,NULL,NULL,NULL,NULL,_binary '\0','Garden Row',NULL,NULL,NULL,_binary '\0','/hot-sauces/cafe_louisiane_sweet_cajun_blackening_sauce',NULL,NULL,12),(13,NULL,NULL,NULL,NULL,_binary '','Brazos Legends',NULL,NULL,NULL,_binary '\0','/hot-sauces/bull_snort_smokin_toncils_hot_sauce',NULL,NULL,13),(14,NULL,NULL,NULL,NULL,_binary '\0','Dave\'s Gourmet',NULL,NULL,NULL,_binary '\0','/hot-sauces/cool_cayenne_pepper_hot_sauce',NULL,NULL,14),(15,NULL,NULL,NULL,NULL,_binary '\0','Dave\'s Gourmet',NULL,NULL,NULL,_binary '\0','/hot-sauces/roasted_garlic_hot_sauce',NULL,NULL,15),(16,NULL,NULL,NULL,NULL,_binary '\0','Dave\'s Gourmet',NULL,NULL,NULL,_binary '\0','/hot-sauces/scotch_bonnet_hot_sauce',NULL,NULL,16),(17,NULL,NULL,NULL,NULL,_binary '\0','Dave\'s Gourmet',NULL,NULL,NULL,_binary '\0','/hot-sauces/insanity_sauce',NULL,NULL,17),(18,NULL,NULL,NULL,NULL,_binary '\0','Dave\'s Gourmet',NULL,NULL,NULL,_binary '\0','/hot-sauces/hurtin_jalepeno_hot_sauce',NULL,NULL,18),(19,NULL,NULL,NULL,NULL,_binary '\0','Dave\'s Gourmet',NULL,NULL,NULL,_binary '\0','/hot-sauces/roasted_red_pepper_chipotle_hot_sauce',NULL,NULL,19),(100,NULL,NULL,NULL,NULL,_binary '\0','The Heat Clinic',NULL,NULL,NULL,NULL,'/merchandise/hawt_like_a_habanero_mens',NULL,NULL,100),(200,NULL,NULL,NULL,NULL,_binary '\0','The Heat Clinic',NULL,NULL,NULL,NULL,'/merchandise/hawt_like_a_habanero_womens',NULL,NULL,200),(300,NULL,NULL,NULL,NULL,_binary '\0','The Heat Clinic',NULL,NULL,NULL,NULL,'/merchandise/heat_clinic_hand-drawn_mens',NULL,NULL,300),(400,NULL,NULL,NULL,NULL,_binary '\0','The Heat Clinic',NULL,NULL,NULL,NULL,'/merchandise/heat_clinic_hand-drawn_womens',NULL,NULL,400),(500,NULL,NULL,NULL,NULL,_binary '\0','The Heat Clinic',NULL,NULL,NULL,NULL,'/merchandise/heat_clinic_mascot_mens',NULL,NULL,500),(600,NULL,NULL,NULL,NULL,_binary '\0','The Heat Clinic',NULL,NULL,NULL,NULL,'/merchandise/heat_clinic_mascot_womens',NULL,NULL,600),(610,'N',_binary '\0',NULL,NULL,_binary '\0',NULL,NULL,NULL,NULL,_binary '\0','/product1',NULL,NULL,644),(611,'N',_binary '\0',NULL,NULL,_binary '\0',NULL,NULL,NULL,NULL,_binary '\0','/product2',NULL,NULL,645),(612,'N',_binary '\0',NULL,NULL,_binary '\0',NULL,NULL,NULL,NULL,_binary '\0','/product3',NULL,NULL,646),(613,'N',_binary '\0',NULL,NULL,_binary '\0',NULL,NULL,NULL,NULL,_binary '\0','/product4',NULL,NULL,647),(614,'N',_binary '\0',NULL,NULL,_binary '\0',NULL,NULL,NULL,NULL,_binary '\0','/product5',NULL,NULL,648),(615,'N',_binary '\0',NULL,NULL,_binary '\0',NULL,NULL,NULL,NULL,_binary '\0','/product6',NULL,NULL,649),(616,'N',_binary '\0',NULL,NULL,_binary '\0',NULL,NULL,NULL,NULL,_binary '\0','/product7',NULL,NULL,650),(617,'N',_binary '\0',NULL,NULL,_binary '\0',NULL,NULL,NULL,NULL,_binary '\0','/product8',NULL,NULL,651),(618,'N',_binary '\0',NULL,NULL,_binary '\0',NULL,NULL,NULL,NULL,_binary '\0','/product9',NULL,NULL,652),(619,'N',_binary '\0',NULL,NULL,_binary '\0',NULL,NULL,NULL,NULL,_binary '\0','/product10',NULL,NULL,653),(620,'N',_binary '\0',NULL,NULL,_binary '\0',NULL,NULL,NULL,NULL,_binary '\0','/product11',NULL,NULL,654),(621,'N',_binary '\0',NULL,NULL,_binary '\0',NULL,NULL,NULL,NULL,_binary '\0','/product12',NULL,NULL,655),(622,'N',_binary '\0',NULL,NULL,_binary '\0',NULL,NULL,NULL,NULL,_binary '\0','/product13',NULL,NULL,656),(623,'N',_binary '\0',NULL,NULL,_binary '\0',NULL,NULL,NULL,NULL,_binary '\0','/product14',NULL,NULL,657),(624,'N',_binary '\0',NULL,NULL,_binary '\0',NULL,NULL,NULL,NULL,_binary '\0','/product15',NULL,NULL,658),(625,'N',_binary '\0',NULL,NULL,_binary '\0',NULL,NULL,NULL,NULL,_binary '\0','/product16',NULL,NULL,659),(626,'N',_binary '\0',NULL,NULL,_binary '\0',NULL,NULL,NULL,NULL,_binary '\0','/product17',NULL,NULL,660),(627,'N',_binary '\0',NULL,NULL,_binary '\0',NULL,NULL,NULL,NULL,_binary '\0','/product18',NULL,NULL,661),(628,'N',_binary '\0',NULL,NULL,_binary '\0',NULL,NULL,NULL,NULL,_binary '\0','/product19',NULL,NULL,662),(629,'N',_binary '\0',NULL,NULL,_binary '\0',NULL,NULL,NULL,NULL,_binary '\0','/product20',NULL,NULL,663),(630,'N',_binary '\0',NULL,NULL,_binary '\0',NULL,NULL,NULL,NULL,_binary '\0','/product21',NULL,NULL,664),(631,'N',_binary '\0',NULL,NULL,_binary '\0',NULL,NULL,NULL,NULL,_binary '\0','/product22',NULL,NULL,665),(632,'N',_binary '\0',NULL,NULL,_binary '\0',NULL,NULL,NULL,NULL,_binary '\0','/product23',NULL,NULL,666),(633,'N',_binary '\0',NULL,NULL,_binary '\0',NULL,NULL,NULL,NULL,_binary '\0','/product24',NULL,NULL,667),(634,'N',_binary '\0',NULL,NULL,_binary '\0',NULL,NULL,NULL,NULL,_binary '\0','/product25',NULL,NULL,668),(635,'N',_binary '\0',NULL,NULL,_binary '\0',NULL,NULL,NULL,NULL,_binary '\0','/product26',NULL,NULL,669),(636,'N',_binary '\0',NULL,NULL,_binary '\0',NULL,NULL,NULL,NULL,_binary '\0','/product27',NULL,NULL,670),(637,'N',_binary '\0',NULL,NULL,_binary '\0',NULL,NULL,NULL,NULL,_binary '\0','/product28',NULL,NULL,671),(638,'N',_binary '\0',NULL,NULL,_binary '\0',NULL,NULL,NULL,NULL,_binary '\0','/product29',NULL,NULL,672),(639,'N',_binary '\0',NULL,NULL,_binary '\0',NULL,NULL,NULL,NULL,_binary '\0','/product30',NULL,NULL,673),(640,'N',_binary '\0',NULL,NULL,_binary '\0',NULL,NULL,NULL,NULL,_binary '\0','/product31',NULL,NULL,674),(641,'N',_binary '\0',NULL,NULL,_binary '\0',NULL,NULL,NULL,NULL,_binary '\0','/product32',NULL,NULL,675),(642,'N',_binary '\0',NULL,NULL,_binary '\0',NULL,NULL,NULL,NULL,_binary '\0','/product33',NULL,NULL,676),(643,'N',_binary '\0',NULL,NULL,_binary '\0',NULL,NULL,NULL,NULL,_binary '\0','/product34',NULL,NULL,677),(644,'N',_binary '\0',NULL,NULL,_binary '\0',NULL,NULL,NULL,NULL,_binary '\0','/product35',NULL,NULL,678),(645,'N',_binary '\0',NULL,NULL,_binary '\0',NULL,NULL,NULL,NULL,_binary '\0','/product36',NULL,NULL,679),(646,'N',_binary '\0',NULL,NULL,_binary '\0',NULL,NULL,NULL,NULL,_binary '\0','/product37',NULL,NULL,680),(647,'N',_binary '\0',NULL,NULL,_binary '\0',NULL,NULL,NULL,NULL,_binary '\0','/product38',NULL,NULL,681),(648,'N',_binary '\0',NULL,NULL,_binary '\0',NULL,NULL,NULL,NULL,_binary '\0','/product39',NULL,NULL,682),(649,'N',_binary '\0',NULL,NULL,_binary '\0',NULL,NULL,NULL,NULL,_binary '\0','/product40',NULL,NULL,683),(650,'N',_binary '\0',NULL,NULL,_binary '\0',NULL,NULL,NULL,NULL,_binary '\0','/product41',NULL,NULL,684),(651,'N',_binary '\0',NULL,NULL,_binary '\0',NULL,NULL,NULL,NULL,_binary '\0','/product42',NULL,NULL,685),(652,'N',_binary '\0',NULL,NULL,_binary '\0',NULL,NULL,NULL,NULL,_binary '\0','/product43',NULL,NULL,686),(653,'N',_binary '\0',NULL,NULL,_binary '\0',NULL,NULL,NULL,NULL,_binary '\0','/product44',NULL,NULL,687),(654,'N',_binary '\0',NULL,NULL,_binary '\0',NULL,NULL,NULL,NULL,_binary '\0','/product45',NULL,NULL,688),(655,'N',_binary '\0',NULL,NULL,_binary '\0',NULL,NULL,NULL,NULL,_binary '\0','/product46',NULL,NULL,689),(656,'N',_binary '\0',NULL,NULL,_binary '\0',NULL,NULL,NULL,NULL,_binary '\0','/product47',NULL,NULL,690),(657,'N',_binary '\0',NULL,NULL,_binary '\0',NULL,NULL,NULL,NULL,_binary '\0','/product48',NULL,NULL,691),(658,'N',_binary '\0',NULL,NULL,_binary '\0',NULL,NULL,NULL,NULL,_binary '\0','/product49',NULL,NULL,692),(659,'N',_binary '\0',NULL,NULL,_binary '\0',NULL,NULL,NULL,NULL,_binary '\0','/product50',NULL,NULL,693),(660,'N',_binary '\0',NULL,NULL,_binary '\0',NULL,NULL,NULL,NULL,_binary '\0','/product51',NULL,NULL,694),(661,'N',_binary '\0',NULL,NULL,_binary '\0',NULL,NULL,NULL,NULL,_binary '\0','/product52',NULL,NULL,695),(662,'N',_binary '\0',NULL,NULL,_binary '\0',NULL,NULL,NULL,NULL,_binary '\0','/product53',NULL,NULL,696),(663,'N',_binary '\0',NULL,NULL,_binary '\0',NULL,NULL,NULL,NULL,_binary '\0','/product54',NULL,NULL,697),(664,'N',_binary '\0',NULL,NULL,_binary '\0',NULL,NULL,NULL,NULL,_binary '\0','/product55',NULL,NULL,698),(665,'N',_binary '\0',NULL,NULL,_binary '\0',NULL,NULL,NULL,NULL,_binary '\0','/product56',NULL,NULL,699),(666,'N',_binary '\0',NULL,NULL,_binary '\0',NULL,NULL,NULL,NULL,_binary '\0','/product57',NULL,NULL,700),(667,'N',_binary '\0',NULL,NULL,_binary '\0',NULL,NULL,NULL,NULL,_binary '\0','/product58',NULL,NULL,701),(668,'N',_binary '\0',NULL,NULL,_binary '\0',NULL,NULL,NULL,NULL,_binary '\0','/product59',NULL,NULL,702),(669,'N',_binary '\0',NULL,NULL,_binary '\0',NULL,NULL,NULL,NULL,_binary '\0','/product60',NULL,NULL,703),(670,'N',_binary '\0',NULL,NULL,_binary '\0',NULL,NULL,NULL,NULL,_binary '\0','/product61',NULL,NULL,704),(671,'N',_binary '\0',NULL,NULL,_binary '\0',NULL,NULL,NULL,NULL,_binary '\0','/product62',NULL,NULL,705),(672,'N',_binary '\0',NULL,NULL,_binary '\0',NULL,NULL,NULL,NULL,_binary '\0','/product63',NULL,NULL,706),(673,'N',_binary '\0',NULL,NULL,_binary '\0',NULL,NULL,NULL,NULL,_binary '\0','/product64',NULL,NULL,707),(674,'N',_binary '\0',NULL,NULL,_binary '\0',NULL,NULL,NULL,NULL,_binary '\0','/product65',NULL,NULL,708),(675,'N',_binary '\0',NULL,NULL,_binary '\0',NULL,NULL,NULL,NULL,_binary '\0','/product66',NULL,NULL,709),(676,'N',_binary '\0',NULL,NULL,_binary '\0',NULL,NULL,NULL,NULL,_binary '\0','/product67',NULL,NULL,710),(677,'N',_binary '\0',NULL,NULL,_binary '\0',NULL,NULL,NULL,NULL,_binary '\0','/product68',NULL,NULL,711),(678,'N',_binary '\0',NULL,NULL,_binary '\0',NULL,NULL,NULL,NULL,_binary '\0','/product69',NULL,NULL,712),(679,'N',_binary '\0',NULL,NULL,_binary '\0',NULL,NULL,NULL,NULL,_binary '\0','/product70',NULL,NULL,713),(680,'N',_binary '\0',NULL,NULL,_binary '\0',NULL,NULL,NULL,NULL,_binary '\0','/product71',NULL,NULL,714),(681,'N',_binary '\0',NULL,NULL,_binary '\0',NULL,NULL,NULL,NULL,_binary '\0','/product72',NULL,NULL,715),(682,'N',_binary '\0',NULL,NULL,_binary '\0',NULL,NULL,NULL,NULL,_binary '\0','/product73',NULL,NULL,716),(683,'N',_binary '\0',NULL,NULL,_binary '\0',NULL,NULL,NULL,NULL,_binary '\0','/product74',NULL,NULL,717),(684,'N',_binary '\0',NULL,NULL,_binary '\0',NULL,NULL,NULL,NULL,_binary '\0','/product75',NULL,NULL,718),(685,'N',_binary '\0',NULL,NULL,_binary '\0',NULL,NULL,NULL,NULL,_binary '\0','/product76',NULL,NULL,719),(686,'N',_binary '\0',NULL,NULL,_binary '\0',NULL,NULL,NULL,NULL,_binary '\0','/product77',NULL,NULL,720),(687,'N',_binary '\0',NULL,NULL,_binary '\0',NULL,NULL,NULL,NULL,_binary '\0','/product78',NULL,NULL,721),(688,'N',_binary '\0',NULL,NULL,_binary '\0',NULL,NULL,NULL,NULL,_binary '\0','/product79',NULL,NULL,722),(689,'N',_binary '\0',NULL,NULL,_binary '\0',NULL,NULL,NULL,NULL,_binary '\0','/product80',NULL,NULL,723),(690,'N',_binary '\0',NULL,NULL,_binary '\0',NULL,NULL,NULL,NULL,_binary '\0','/product81',NULL,NULL,724),(691,'N',_binary '\0',NULL,NULL,_binary '\0',NULL,NULL,NULL,NULL,_binary '\0','/product82',NULL,NULL,725),(692,'N',_binary '\0',NULL,NULL,_binary '\0',NULL,NULL,NULL,NULL,_binary '\0','/product83',NULL,NULL,726),(693,'N',_binary '\0',NULL,NULL,_binary '\0',NULL,NULL,NULL,NULL,_binary '\0','/product84',NULL,NULL,727),(694,'N',_binary '\0',NULL,NULL,_binary '\0',NULL,NULL,NULL,NULL,_binary '\0','/product85',NULL,NULL,728),(695,'N',_binary '\0',NULL,NULL,_binary '\0',NULL,NULL,NULL,NULL,_binary '\0','/product86',NULL,NULL,729),(696,'N',_binary '\0',NULL,NULL,_binary '\0',NULL,NULL,NULL,NULL,_binary '\0','/product87',NULL,NULL,730),(697,'N',_binary '\0',NULL,NULL,_binary '\0',NULL,NULL,NULL,NULL,_binary '\0','/product88',NULL,NULL,731),(698,'N',_binary '\0',NULL,NULL,_binary '\0',NULL,NULL,NULL,NULL,_binary '\0','/product89',NULL,NULL,732),(699,'N',_binary '\0',NULL,NULL,_binary '\0',NULL,NULL,NULL,NULL,_binary '\0','/product90',NULL,NULL,733),(700,'N',_binary '\0',NULL,NULL,_binary '\0',NULL,NULL,NULL,NULL,_binary '\0','/product91',NULL,NULL,734),(701,'N',_binary '\0',NULL,NULL,_binary '\0',NULL,NULL,NULL,NULL,_binary '\0','/product92',NULL,NULL,735),(702,'N',_binary '\0',NULL,NULL,_binary '\0',NULL,NULL,NULL,NULL,_binary '\0','/product93',NULL,NULL,736),(703,'N',_binary '\0',NULL,NULL,_binary '\0',NULL,NULL,NULL,NULL,_binary '\0','/product94',NULL,NULL,737),(704,'N',_binary '\0',NULL,NULL,_binary '\0',NULL,NULL,NULL,NULL,_binary '\0','/product95',NULL,NULL,738),(705,'N',_binary '\0',NULL,NULL,_binary '\0',NULL,NULL,NULL,NULL,_binary '\0','/product96',NULL,NULL,739),(706,'N',_binary '\0',NULL,NULL,_binary '\0',NULL,NULL,NULL,NULL,_binary '\0','/product97',NULL,NULL,740),(707,'N',_binary '\0',NULL,NULL,_binary '\0',NULL,NULL,NULL,NULL,_binary '\0','/product98',NULL,NULL,741),(708,'N',_binary '\0',NULL,NULL,_binary '\0',NULL,NULL,NULL,NULL,_binary '\0','/product99',NULL,NULL,742),(709,'N',_binary '\0',NULL,NULL,_binary '\0',NULL,NULL,NULL,NULL,_binary '\0','/product100',NULL,NULL,743),(710,'N',_binary '\0',NULL,NULL,_binary '\0',NULL,NULL,NULL,NULL,_binary '\0','/product101',NULL,NULL,744),(711,'N',_binary '\0',NULL,NULL,_binary '\0',NULL,NULL,NULL,NULL,_binary '\0','/product102',NULL,NULL,745),(712,'N',_binary '\0',NULL,NULL,_binary '\0',NULL,NULL,NULL,NULL,_binary '\0','/product103',NULL,NULL,746),(713,'N',_binary '\0',NULL,NULL,_binary '\0',NULL,NULL,NULL,NULL,_binary '\0','/product104',NULL,NULL,747),(714,'N',_binary '\0',NULL,NULL,_binary '\0',NULL,NULL,NULL,NULL,_binary '\0','/product105',NULL,NULL,748),(715,'N',_binary '\0',NULL,NULL,_binary '\0',NULL,NULL,NULL,NULL,_binary '\0','/product106',NULL,NULL,749),(716,'N',_binary '\0',NULL,NULL,_binary '\0',NULL,NULL,NULL,NULL,_binary '\0','/product107',NULL,NULL,750),(717,'N',_binary '\0',NULL,NULL,_binary '\0',NULL,NULL,NULL,NULL,_binary '\0','/product108',NULL,NULL,751),(718,'N',_binary '\0',NULL,NULL,_binary '\0',NULL,NULL,NULL,NULL,_binary '\0','/product109',NULL,NULL,752),(719,'N',_binary '\0',NULL,NULL,_binary '\0',NULL,NULL,NULL,NULL,_binary '\0','/product110',NULL,NULL,753),(720,'N',_binary '\0',NULL,NULL,_binary '\0',NULL,NULL,NULL,NULL,_binary '\0','/product111',NULL,NULL,754),(721,'N',_binary '\0',NULL,NULL,_binary '\0',NULL,NULL,NULL,NULL,_binary '\0','/product112',NULL,NULL,755),(722,'N',_binary '\0',NULL,NULL,_binary '\0',NULL,NULL,NULL,NULL,_binary '\0','/product113',NULL,NULL,756),(723,'N',_binary '\0',NULL,NULL,_binary '\0',NULL,NULL,NULL,NULL,_binary '\0','/product114',NULL,NULL,757),(724,'N',_binary '\0',NULL,NULL,_binary '\0',NULL,NULL,NULL,NULL,_binary '\0','/product115',NULL,NULL,758),(725,'N',_binary '\0',NULL,NULL,_binary '\0',NULL,NULL,NULL,NULL,_binary '\0','/product116',NULL,NULL,759),(726,'N',_binary '\0',NULL,NULL,_binary '\0',NULL,NULL,NULL,NULL,_binary '\0','/product117',NULL,NULL,760),(727,'N',_binary '\0',NULL,NULL,_binary '\0',NULL,NULL,NULL,NULL,_binary '\0','/product118',NULL,NULL,761),(728,'N',_binary '\0',NULL,NULL,_binary '\0',NULL,NULL,NULL,NULL,_binary '\0','/product119',NULL,NULL,762),(729,'N',_binary '\0',NULL,NULL,_binary '\0',NULL,NULL,NULL,NULL,_binary '\0','/product120',NULL,NULL,763),(730,'N',_binary '\0',NULL,NULL,_binary '\0',NULL,NULL,NULL,NULL,_binary '\0','/product121',NULL,NULL,764),(731,'N',_binary '\0',NULL,NULL,_binary '\0',NULL,NULL,NULL,NULL,_binary '\0','/product122',NULL,NULL,765),(732,'N',_binary '\0',NULL,NULL,_binary '\0',NULL,NULL,NULL,NULL,_binary '\0','/product123',NULL,NULL,766),(733,'N',_binary '\0',NULL,NULL,_binary '\0',NULL,NULL,NULL,NULL,_binary '\0','/product124',NULL,NULL,767),(734,'N',_binary '\0',NULL,NULL,_binary '\0',NULL,NULL,NULL,NULL,_binary '\0','/product125',NULL,NULL,768),(735,'N',_binary '\0',NULL,NULL,_binary '\0',NULL,NULL,NULL,NULL,_binary '\0','/product126',NULL,NULL,769),(736,'N',_binary '\0',NULL,NULL,_binary '\0',NULL,NULL,NULL,NULL,_binary '\0','/product127',NULL,NULL,770),(737,'N',_binary '\0',NULL,NULL,_binary '\0',NULL,NULL,NULL,NULL,_binary '\0','/product128',NULL,NULL,771),(738,'N',_binary '\0',NULL,NULL,_binary '\0',NULL,NULL,NULL,NULL,_binary '\0','/product129',NULL,NULL,772),(739,'N',_binary '\0',NULL,NULL,_binary '\0',NULL,NULL,NULL,NULL,_binary '\0','/product130',NULL,NULL,773),(740,'N',_binary '\0',NULL,NULL,_binary '\0',NULL,NULL,NULL,NULL,_binary '\0','/product131',NULL,NULL,774),(741,'N',_binary '\0',NULL,NULL,_binary '\0',NULL,NULL,NULL,NULL,_binary '\0','/product132',NULL,NULL,775),(742,'N',_binary '\0',NULL,NULL,_binary '\0',NULL,NULL,NULL,NULL,_binary '\0','/product133',NULL,NULL,776),(743,'N',_binary '\0',NULL,NULL,_binary '\0',NULL,NULL,NULL,NULL,_binary '\0','/product134',NULL,NULL,777),(744,'N',_binary '\0',NULL,NULL,_binary '\0',NULL,NULL,NULL,NULL,_binary '\0','/product135',NULL,NULL,778),(745,'N',_binary '\0',NULL,NULL,_binary '\0',NULL,NULL,NULL,NULL,_binary '\0','/product136',NULL,NULL,779),(746,'N',_binary '\0',NULL,NULL,_binary '\0',NULL,NULL,NULL,NULL,_binary '\0','/product137',NULL,NULL,780),(747,'N',_binary '\0',NULL,NULL,_binary '\0',NULL,NULL,NULL,NULL,_binary '\0','/product138',NULL,NULL,781),(748,'N',_binary '\0',NULL,NULL,_binary '\0',NULL,NULL,NULL,NULL,_binary '\0','/product139',NULL,NULL,782),(749,'N',_binary '\0',NULL,NULL,_binary '\0',NULL,NULL,NULL,NULL,_binary '\0','/product140',NULL,NULL,783),(750,'N',_binary '\0',NULL,NULL,_binary '\0',NULL,NULL,NULL,NULL,_binary '\0','/product141',NULL,NULL,784),(751,'N',_binary '\0',NULL,NULL,_binary '\0',NULL,NULL,NULL,NULL,_binary '\0','/product142',NULL,NULL,785),(752,'N',_binary '\0',NULL,NULL,_binary '\0',NULL,NULL,NULL,NULL,_binary '\0','/product143',NULL,NULL,786),(753,'N',_binary '\0',NULL,NULL,_binary '\0',NULL,NULL,NULL,NULL,_binary '\0','/product144',NULL,NULL,787),(754,'N',_binary '\0',NULL,NULL,_binary '\0',NULL,NULL,NULL,NULL,_binary '\0','/product145',NULL,NULL,788),(755,'N',_binary '\0',NULL,NULL,_binary '\0',NULL,NULL,NULL,NULL,_binary '\0','/product146',NULL,NULL,789),(756,'N',_binary '\0',NULL,NULL,_binary '\0',NULL,NULL,NULL,NULL,_binary '\0','/product147',NULL,NULL,790),(757,'N',_binary '\0',NULL,NULL,_binary '\0',NULL,NULL,NULL,NULL,_binary '\0','/product148',NULL,NULL,791),(758,'N',_binary '\0',NULL,NULL,_binary '\0',NULL,NULL,NULL,NULL,_binary '\0','/product149',NULL,NULL,792),(759,'N',_binary '\0',NULL,NULL,_binary '\0',NULL,NULL,NULL,NULL,_binary '\0','/product150',NULL,NULL,793),(760,'N',_binary '\0',NULL,NULL,_binary '\0',NULL,NULL,NULL,NULL,_binary '\0','/product151',NULL,NULL,794),(761,'N',_binary '\0',NULL,NULL,_binary '\0',NULL,NULL,NULL,NULL,_binary '\0','/product152',NULL,NULL,795),(762,'N',_binary '\0',NULL,NULL,_binary '\0',NULL,NULL,NULL,NULL,_binary '\0','/product153',NULL,NULL,796),(763,'N',_binary '\0',NULL,NULL,_binary '\0',NULL,NULL,NULL,NULL,_binary '\0','/product154',NULL,NULL,797),(764,'N',_binary '\0',NULL,NULL,_binary '\0',NULL,NULL,NULL,NULL,_binary '\0','/product155',NULL,NULL,798),(765,'N',_binary '\0',NULL,NULL,_binary '\0',NULL,NULL,NULL,NULL,_binary '\0','/product156',NULL,NULL,799),(766,'N',_binary '\0',NULL,NULL,_binary '\0',NULL,NULL,NULL,NULL,_binary '\0','/product157',NULL,NULL,800),(767,'N',_binary '\0',NULL,NULL,_binary '\0',NULL,NULL,NULL,NULL,_binary '\0','/product158',NULL,NULL,801),(768,'N',_binary '\0',NULL,NULL,_binary '\0',NULL,NULL,NULL,NULL,_binary '\0','/product159',NULL,NULL,802),(769,'N',_binary '\0',NULL,NULL,_binary '\0',NULL,NULL,NULL,NULL,_binary '\0','/product160',NULL,NULL,803),(770,'N',_binary '\0',NULL,NULL,_binary '\0',NULL,NULL,NULL,NULL,_binary '\0','/product161',NULL,NULL,804),(771,'N',_binary '\0',NULL,NULL,_binary '\0',NULL,NULL,NULL,NULL,_binary '\0','/product162',NULL,NULL,805),(772,'N',_binary '\0',NULL,NULL,_binary '\0',NULL,NULL,NULL,NULL,_binary '\0','/product163',NULL,NULL,806),(773,'N',_binary '\0',NULL,NULL,_binary '\0',NULL,NULL,NULL,NULL,_binary '\0','/product164',NULL,NULL,807),(774,'N',_binary '\0',NULL,NULL,_binary '\0',NULL,NULL,NULL,NULL,_binary '\0','/product165',NULL,NULL,808),(775,'N',_binary '\0',NULL,NULL,_binary '\0',NULL,NULL,NULL,NULL,_binary '\0','/product166',NULL,NULL,809),(776,'N',_binary '\0',NULL,NULL,_binary '\0',NULL,NULL,NULL,NULL,_binary '\0','/product167',NULL,NULL,810),(777,'N',_binary '\0',NULL,NULL,_binary '\0',NULL,NULL,NULL,NULL,_binary '\0','/product168',NULL,NULL,811),(778,'N',_binary '\0',NULL,NULL,_binary '\0',NULL,NULL,NULL,NULL,_binary '\0','/product169',NULL,NULL,812),(779,'N',_binary '\0',NULL,NULL,_binary '\0',NULL,NULL,NULL,NULL,_binary '\0','/product170',NULL,NULL,813),(780,'N',_binary '\0',NULL,NULL,_binary '\0',NULL,NULL,NULL,NULL,_binary '\0','/product171',NULL,NULL,814),(781,'N',_binary '\0',NULL,NULL,_binary '\0',NULL,NULL,NULL,NULL,_binary '\0','/product172',NULL,NULL,815),(782,'N',_binary '\0',NULL,NULL,_binary '\0',NULL,NULL,NULL,NULL,_binary '\0','/product173',NULL,NULL,816),(783,'N',_binary '\0',NULL,NULL,_binary '\0',NULL,NULL,NULL,NULL,_binary '\0','/product174',NULL,NULL,817),(784,'N',_binary '\0',NULL,NULL,_binary '\0',NULL,NULL,NULL,NULL,_binary '\0','/product175',NULL,NULL,818),(785,'N',_binary '\0',NULL,NULL,_binary '\0',NULL,NULL,NULL,NULL,_binary '\0','/product176',NULL,NULL,819),(786,'N',_binary '\0',NULL,NULL,_binary '\0',NULL,NULL,NULL,NULL,_binary '\0','/product177',NULL,NULL,820),(787,'N',_binary '\0',NULL,NULL,_binary '\0',NULL,NULL,NULL,NULL,_binary '\0','/product178',NULL,NULL,821),(788,'N',_binary '\0',NULL,NULL,_binary '\0',NULL,NULL,NULL,NULL,_binary '\0','/product179',NULL,NULL,822),(789,'N',_binary '\0',NULL,NULL,_binary '\0',NULL,NULL,NULL,NULL,_binary '\0','/product180',NULL,NULL,823),(790,'N',_binary '\0',NULL,NULL,_binary '\0',NULL,NULL,NULL,NULL,_binary '\0','/product181',NULL,NULL,824),(791,'N',_binary '\0',NULL,NULL,_binary '\0',NULL,NULL,NULL,NULL,_binary '\0','/product182',NULL,NULL,825),(792,'N',_binary '\0',NULL,NULL,_binary '\0',NULL,NULL,NULL,NULL,_binary '\0','/product183',NULL,NULL,826),(793,'N',_binary '\0',NULL,NULL,_binary '\0',NULL,NULL,NULL,NULL,_binary '\0','/product184',NULL,NULL,827),(794,'N',_binary '\0',NULL,NULL,_binary '\0',NULL,NULL,NULL,NULL,_binary '\0','/product185',NULL,NULL,828),(795,'N',_binary '\0',NULL,NULL,_binary '\0',NULL,NULL,NULL,NULL,_binary '\0','/product186',NULL,NULL,829),(796,'N',_binary '\0',NULL,NULL,_binary '\0',NULL,NULL,NULL,NULL,_binary '\0','/product187',NULL,NULL,830),(797,'N',_binary '\0',NULL,NULL,_binary '\0',NULL,NULL,NULL,NULL,_binary '\0','/product188',NULL,NULL,831),(798,'N',_binary '\0',NULL,NULL,_binary '\0',NULL,NULL,NULL,NULL,_binary '\0','/product189',NULL,NULL,832),(799,'N',_binary '\0',NULL,NULL,_binary '\0',NULL,NULL,NULL,NULL,_binary '\0','/product190',NULL,NULL,833),(800,'N',_binary '\0',NULL,NULL,_binary '\0',NULL,NULL,NULL,NULL,_binary '\0','/product191',NULL,NULL,834),(801,'N',_binary '\0',NULL,NULL,_binary '\0',NULL,NULL,NULL,NULL,_binary '\0','/product192',NULL,NULL,835),(802,'N',_binary '\0',NULL,NULL,_binary '\0',NULL,NULL,NULL,NULL,_binary '\0','/product193',NULL,NULL,836),(803,'N',_binary '\0',NULL,NULL,_binary '\0',NULL,NULL,NULL,NULL,_binary '\0','/product194',NULL,NULL,837),(804,'N',_binary '\0',NULL,NULL,_binary '\0',NULL,NULL,NULL,NULL,_binary '\0','/product195',NULL,NULL,838),(805,'N',_binary '\0',NULL,NULL,_binary '\0',NULL,NULL,NULL,NULL,_binary '\0','/product196',NULL,NULL,839),(806,'N',_binary '\0',NULL,NULL,_binary '\0',NULL,NULL,NULL,NULL,_binary '\0','/product197',NULL,NULL,840),(807,'N',_binary '\0',NULL,NULL,_binary '\0',NULL,NULL,NULL,NULL,_binary '\0','/product198',NULL,NULL,841),(808,'N',_binary '\0',NULL,NULL,_binary '\0',NULL,NULL,NULL,NULL,_binary '\0','/product199',NULL,NULL,842),(809,'N',_binary '\0',NULL,NULL,_binary '\0',NULL,NULL,NULL,NULL,_binary '\0','/product200',NULL,NULL,843),(810,'N',_binary '\0',NULL,NULL,_binary '\0',NULL,NULL,NULL,NULL,_binary '\0','/product201',NULL,NULL,844),(811,'N',_binary '\0',NULL,NULL,_binary '\0',NULL,NULL,NULL,NULL,_binary '\0','/product202',NULL,NULL,845),(812,'N',_binary '\0',NULL,NULL,_binary '\0',NULL,NULL,NULL,NULL,_binary '\0','/product203',NULL,NULL,846),(813,'N',_binary '\0',NULL,NULL,_binary '\0',NULL,NULL,NULL,NULL,_binary '\0','/product204',NULL,NULL,847),(814,'N',_binary '\0',NULL,NULL,_binary '\0',NULL,NULL,NULL,NULL,_binary '\0','/product205',NULL,NULL,848),(815,'N',_binary '\0',NULL,NULL,_binary '\0',NULL,NULL,NULL,NULL,_binary '\0','/product206',NULL,NULL,849),(816,'N',_binary '\0',NULL,NULL,_binary '\0',NULL,NULL,NULL,NULL,_binary '\0','/product207',NULL,NULL,850),(817,'N',_binary '\0',NULL,NULL,_binary '\0',NULL,NULL,NULL,NULL,_binary '\0','/product208',NULL,NULL,851),(818,'N',_binary '\0',NULL,NULL,_binary '\0',NULL,NULL,NULL,NULL,_binary '\0','/product209',NULL,NULL,852),(819,'N',_binary '\0',NULL,NULL,_binary '\0',NULL,NULL,NULL,NULL,_binary '\0','/product210',NULL,NULL,853),(820,'N',_binary '\0',NULL,NULL,_binary '\0',NULL,NULL,NULL,NULL,_binary '\0','/product211',NULL,NULL,854),(821,'N',_binary '\0',NULL,NULL,_binary '\0',NULL,NULL,NULL,NULL,_binary '\0','/product212',NULL,NULL,855),(822,'N',_binary '\0',NULL,NULL,_binary '\0',NULL,NULL,NULL,NULL,_binary '\0','/product213',NULL,NULL,856),(823,'N',_binary '\0',NULL,NULL,_binary '\0',NULL,NULL,NULL,NULL,_binary '\0','/product214',NULL,NULL,857),(824,'N',_binary '\0',NULL,NULL,_binary '\0',NULL,NULL,NULL,NULL,_binary '\0','/product215',NULL,NULL,858),(825,'N',_binary '\0',NULL,NULL,_binary '\0',NULL,NULL,NULL,NULL,_binary '\0','/product216',NULL,NULL,859),(826,'N',_binary '\0',NULL,NULL,_binary '\0',NULL,NULL,NULL,NULL,_binary '\0','/product217',NULL,NULL,860),(827,'N',_binary '\0',NULL,NULL,_binary '\0',NULL,NULL,NULL,NULL,_binary '\0','/product218',NULL,NULL,861),(828,'N',_binary '\0',NULL,NULL,_binary '\0',NULL,NULL,NULL,NULL,_binary '\0','/product219',NULL,NULL,862),(829,'N',_binary '\0',NULL,NULL,_binary '\0',NULL,NULL,NULL,NULL,_binary '\0','/product220',NULL,NULL,863),(830,'N',_binary '\0',NULL,NULL,_binary '\0',NULL,NULL,NULL,NULL,_binary '\0','/product221',NULL,NULL,864),(831,'N',_binary '\0',NULL,NULL,_binary '\0',NULL,NULL,NULL,NULL,_binary '\0','/product222',NULL,NULL,865),(832,'N',_binary '\0',NULL,NULL,_binary '\0',NULL,NULL,NULL,NULL,_binary '\0','/product223',NULL,NULL,866),(833,'N',_binary '\0',NULL,NULL,_binary '\0',NULL,NULL,NULL,NULL,_binary '\0','/product224',NULL,NULL,867),(834,'N',_binary '\0',NULL,NULL,_binary '\0',NULL,NULL,NULL,NULL,_binary '\0','/product225',NULL,NULL,868),(835,'N',_binary '\0',NULL,NULL,_binary '\0',NULL,NULL,NULL,NULL,_binary '\0','/product226',NULL,NULL,869),(836,'N',_binary '\0',NULL,NULL,_binary '\0',NULL,NULL,NULL,NULL,_binary '\0','/product227',NULL,NULL,870),(837,'N',_binary '\0',NULL,NULL,_binary '\0',NULL,NULL,NULL,NULL,_binary '\0','/product228',NULL,NULL,871),(838,'N',_binary '\0',NULL,NULL,_binary '\0',NULL,NULL,NULL,NULL,_binary '\0','/product229',NULL,NULL,872),(839,'N',_binary '\0',NULL,NULL,_binary '\0',NULL,NULL,NULL,NULL,_binary '\0','/product230',NULL,NULL,873),(840,'N',_binary '\0',NULL,NULL,_binary '\0',NULL,NULL,NULL,NULL,_binary '\0','/product231',NULL,NULL,874),(841,'N',_binary '\0',NULL,NULL,_binary '\0',NULL,NULL,NULL,NULL,_binary '\0','/product232',NULL,NULL,875),(842,'N',_binary '\0',NULL,NULL,_binary '\0',NULL,NULL,NULL,NULL,_binary '\0','/product233',NULL,NULL,876),(843,'N',_binary '\0',NULL,NULL,_binary '\0',NULL,NULL,NULL,NULL,_binary '\0','/product234',NULL,NULL,877),(844,'N',_binary '\0',NULL,NULL,_binary '\0',NULL,NULL,NULL,NULL,_binary '\0','/product235',NULL,NULL,878),(845,'N',_binary '\0',NULL,NULL,_binary '\0',NULL,NULL,NULL,NULL,_binary '\0','/product236',NULL,NULL,879),(846,'N',_binary '\0',NULL,NULL,_binary '\0',NULL,NULL,NULL,NULL,_binary '\0','/product237',NULL,NULL,880),(847,'N',_binary '\0',NULL,NULL,_binary '\0',NULL,NULL,NULL,NULL,_binary '\0','/product238',NULL,NULL,881),(848,'N',_binary '\0',NULL,NULL,_binary '\0',NULL,NULL,NULL,NULL,_binary '\0','/product239',NULL,NULL,882),(849,'N',_binary '\0',NULL,NULL,_binary '\0',NULL,NULL,NULL,NULL,_binary '\0','/product240',NULL,NULL,883),(850,'N',_binary '\0',NULL,NULL,_binary '\0',NULL,NULL,NULL,NULL,_binary '\0','/product241',NULL,NULL,884),(851,'N',_binary '\0',NULL,NULL,_binary '\0',NULL,NULL,NULL,NULL,_binary '\0','/product242',NULL,NULL,885),(852,'N',_binary '\0',NULL,NULL,_binary '\0',NULL,NULL,NULL,NULL,_binary '\0','/product243',NULL,NULL,886),(853,'N',_binary '\0',NULL,NULL,_binary '\0',NULL,NULL,NULL,NULL,_binary '\0','/product244',NULL,NULL,887),(854,'N',_binary '\0',NULL,NULL,_binary '\0',NULL,NULL,NULL,NULL,_binary '\0','/product245',NULL,NULL,888),(855,'N',_binary '\0',NULL,NULL,_binary '\0',NULL,NULL,NULL,NULL,_binary '\0','/product246',NULL,NULL,889),(856,'N',_binary '\0',NULL,NULL,_binary '\0',NULL,NULL,NULL,NULL,_binary '\0','/product247',NULL,NULL,890),(857,'N',_binary '\0',NULL,NULL,_binary '\0',NULL,NULL,NULL,NULL,_binary '\0','/product248',NULL,NULL,891),(858,'N',_binary '\0',NULL,NULL,_binary '\0',NULL,NULL,NULL,NULL,_binary '\0','/product249',NULL,NULL,892),(859,'N',_binary '\0',NULL,NULL,_binary '\0',NULL,NULL,NULL,NULL,_binary '\0','/product250',NULL,NULL,893),(860,'N',_binary '\0',NULL,NULL,_binary '\0',NULL,NULL,NULL,NULL,_binary '\0','/product251',NULL,NULL,894),(861,'N',_binary '\0',NULL,NULL,_binary '\0',NULL,NULL,NULL,NULL,_binary '\0','/product252',NULL,NULL,895),(862,'N',_binary '\0',NULL,NULL,_binary '\0',NULL,NULL,NULL,NULL,_binary '\0','/product253',NULL,NULL,896),(863,'N',_binary '\0',NULL,NULL,_binary '\0',NULL,NULL,NULL,NULL,_binary '\0','/product254',NULL,NULL,897),(864,'N',_binary '\0',NULL,NULL,_binary '\0',NULL,NULL,NULL,NULL,_binary '\0','/product255',NULL,NULL,898),(865,'N',_binary '\0',NULL,NULL,_binary '\0',NULL,NULL,NULL,NULL,_binary '\0','/product256',NULL,NULL,899),(866,'N',_binary '\0',NULL,NULL,_binary '\0',NULL,NULL,NULL,NULL,_binary '\0','/product257',NULL,NULL,900),(867,'N',_binary '\0',NULL,NULL,_binary '\0',NULL,NULL,NULL,NULL,_binary '\0','/product258',NULL,NULL,901),(868,'N',_binary '\0',NULL,NULL,_binary '\0',NULL,NULL,NULL,NULL,_binary '\0','/product259',NULL,NULL,902),(869,'N',_binary '\0',NULL,NULL,_binary '\0',NULL,NULL,NULL,NULL,_binary '\0','/product260',NULL,NULL,903),(870,'N',_binary '\0',NULL,NULL,_binary '\0',NULL,NULL,NULL,NULL,_binary '\0','/product261',NULL,NULL,904),(871,'N',_binary '\0',NULL,NULL,_binary '\0',NULL,NULL,NULL,NULL,_binary '\0','/product262',NULL,NULL,905),(872,'N',_binary '\0',NULL,NULL,_binary '\0',NULL,NULL,NULL,NULL,_binary '\0','/product263',NULL,NULL,906),(873,'N',_binary '\0',NULL,NULL,_binary '\0',NULL,NULL,NULL,NULL,_binary '\0','/product264',NULL,NULL,907),(874,'N',_binary '\0',NULL,NULL,_binary '\0',NULL,NULL,NULL,NULL,_binary '\0','/product265',NULL,NULL,908),(875,'N',_binary '\0',NULL,NULL,_binary '\0',NULL,NULL,NULL,NULL,_binary '\0','/product266',NULL,NULL,909),(876,'N',_binary '\0',NULL,NULL,_binary '\0',NULL,NULL,NULL,NULL,_binary '\0','/product267',NULL,NULL,910),(877,'N',_binary '\0',NULL,NULL,_binary '\0',NULL,NULL,NULL,NULL,_binary '\0','/product268',NULL,NULL,911),(878,'N',_binary '\0',NULL,NULL,_binary '\0',NULL,NULL,NULL,NULL,_binary '\0','/product269',NULL,NULL,912),(879,'N',_binary '\0',NULL,NULL,_binary '\0',NULL,NULL,NULL,NULL,_binary '\0','/product270',NULL,NULL,913),(880,'N',_binary '\0',NULL,NULL,_binary '\0',NULL,NULL,NULL,NULL,_binary '\0','/product271',NULL,NULL,914),(881,'N',_binary '\0',NULL,NULL,_binary '\0',NULL,NULL,NULL,NULL,_binary '\0','/product272',NULL,NULL,915),(882,'N',_binary '\0',NULL,NULL,_binary '\0',NULL,NULL,NULL,NULL,_binary '\0','/product273',NULL,NULL,916),(883,'N',_binary '\0',NULL,NULL,_binary '\0',NULL,NULL,NULL,NULL,_binary '\0','/product274',NULL,NULL,917),(884,'N',_binary '\0',NULL,NULL,_binary '\0',NULL,NULL,NULL,NULL,_binary '\0','/product275',NULL,NULL,918),(885,'N',_binary '\0',NULL,NULL,_binary '\0',NULL,NULL,NULL,NULL,_binary '\0','/product276',NULL,NULL,919),(886,'N',_binary '\0',NULL,NULL,_binary '\0',NULL,NULL,NULL,NULL,_binary '\0','/product277',NULL,NULL,920),(887,'N',_binary '\0',NULL,NULL,_binary '\0',NULL,NULL,NULL,NULL,_binary '\0','/product278',NULL,NULL,921),(888,'N',_binary '\0',NULL,NULL,_binary '\0',NULL,NULL,NULL,NULL,_binary '\0','/product279',NULL,NULL,922),(889,'N',_binary '\0',NULL,NULL,_binary '\0',NULL,NULL,NULL,NULL,_binary '\0','/product280',NULL,NULL,923),(890,'N',_binary '\0',NULL,NULL,_binary '\0',NULL,NULL,NULL,NULL,_binary '\0','/product281',NULL,NULL,924),(891,'N',_binary '\0',NULL,NULL,_binary '\0',NULL,NULL,NULL,NULL,_binary '\0','/product282',NULL,NULL,925),(892,'N',_binary '\0',NULL,NULL,_binary '\0',NULL,NULL,NULL,NULL,_binary '\0','/product283',NULL,NULL,926),(893,'N',_binary '\0',NULL,NULL,_binary '\0',NULL,NULL,NULL,NULL,_binary '\0','/product284',NULL,NULL,927),(894,'N',_binary '\0',NULL,NULL,_binary '\0',NULL,NULL,NULL,NULL,_binary '\0','/product285',NULL,NULL,928),(895,'N',_binary '\0',NULL,NULL,_binary '\0',NULL,NULL,NULL,NULL,_binary '\0','/product286',NULL,NULL,929),(896,'N',_binary '\0',NULL,NULL,_binary '\0',NULL,NULL,NULL,NULL,_binary '\0','/product287',NULL,NULL,930),(897,'N',_binary '\0',NULL,NULL,_binary '\0',NULL,NULL,NULL,NULL,_binary '\0','/product288',NULL,NULL,931),(898,'N',_binary '\0',NULL,NULL,_binary '\0',NULL,NULL,NULL,NULL,_binary '\0','/product289',NULL,NULL,932),(899,'N',_binary '\0',NULL,NULL,_binary '\0',NULL,NULL,NULL,NULL,_binary '\0','/product290',NULL,NULL,933),(900,'N',_binary '\0',NULL,NULL,_binary '\0',NULL,NULL,NULL,NULL,_binary '\0','/product291',NULL,NULL,934),(901,'N',_binary '\0',NULL,NULL,_binary '\0',NULL,NULL,NULL,NULL,_binary '\0','/product292',NULL,NULL,935),(902,'N',_binary '\0',NULL,NULL,_binary '\0',NULL,NULL,NULL,NULL,_binary '\0','/product293',NULL,NULL,936),(903,'N',_binary '\0',NULL,NULL,_binary '\0',NULL,NULL,NULL,NULL,_binary '\0','/product294',NULL,NULL,937),(904,'N',_binary '\0',NULL,NULL,_binary '\0',NULL,NULL,NULL,NULL,_binary '\0','/product295',NULL,NULL,938),(905,'N',_binary '\0',NULL,NULL,_binary '\0',NULL,NULL,NULL,NULL,_binary '\0','/product296',NULL,NULL,939),(906,'N',_binary '\0',NULL,NULL,_binary '\0',NULL,NULL,NULL,NULL,_binary '\0','/product297',NULL,NULL,940),(907,'N',_binary '\0',NULL,NULL,_binary '\0',NULL,NULL,NULL,NULL,_binary '\0','/product298',NULL,NULL,941),(908,'N',_binary '\0',NULL,NULL,_binary '\0',NULL,NULL,NULL,NULL,_binary '\0','/product299',NULL,NULL,942),(909,'N',_binary '\0',NULL,NULL,_binary '\0',NULL,NULL,NULL,NULL,_binary '\0','/product300',NULL,NULL,943),(910,'N',_binary '\0',NULL,NULL,_binary '\0',NULL,NULL,NULL,NULL,_binary '\0','/product301',NULL,NULL,944),(911,'N',_binary '\0',NULL,NULL,_binary '\0',NULL,NULL,NULL,NULL,_binary '\0','/product302',NULL,NULL,945),(912,'N',_binary '\0',NULL,NULL,_binary '\0',NULL,NULL,NULL,NULL,_binary '\0','/product303',NULL,NULL,946),(913,'N',_binary '\0',NULL,NULL,_binary '\0',NULL,NULL,NULL,NULL,_binary '\0','/product304',NULL,NULL,947),(914,'N',_binary '\0',NULL,NULL,_binary '\0',NULL,NULL,NULL,NULL,_binary '\0','/product305',NULL,NULL,948),(915,'N',_binary '\0',NULL,NULL,_binary '\0',NULL,NULL,NULL,NULL,_binary '\0','/product306',NULL,NULL,949),(916,'N',_binary '\0',NULL,NULL,_binary '\0',NULL,NULL,NULL,NULL,_binary '\0','/product307',NULL,NULL,950),(917,'N',_binary '\0',NULL,NULL,_binary '\0',NULL,NULL,NULL,NULL,_binary '\0','/product308',NULL,NULL,951),(918,'N',_binary '\0',NULL,NULL,_binary '\0',NULL,NULL,NULL,NULL,_binary '\0','/product309',NULL,NULL,952),(919,'N',_binary '\0',NULL,NULL,_binary '\0',NULL,NULL,NULL,NULL,_binary '\0','/product310',NULL,NULL,953),(920,'N',_binary '\0',NULL,NULL,_binary '\0',NULL,NULL,NULL,NULL,_binary '\0','/product311',NULL,NULL,954),(921,'N',_binary '\0',NULL,NULL,_binary '\0',NULL,NULL,NULL,NULL,_binary '\0','/product312',NULL,NULL,955),(922,'N',_binary '\0',NULL,NULL,_binary '\0',NULL,NULL,NULL,NULL,_binary '\0','/product313',NULL,NULL,956),(923,'N',_binary '\0',NULL,NULL,_binary '\0',NULL,NULL,NULL,NULL,_binary '\0','/product314',NULL,NULL,957),(924,'N',_binary '\0',NULL,NULL,_binary '\0',NULL,NULL,NULL,NULL,_binary '\0','/product315',NULL,NULL,958),(925,'N',_binary '\0',NULL,NULL,_binary '\0',NULL,NULL,NULL,NULL,_binary '\0','/product316',NULL,NULL,959),(926,'N',_binary '\0',NULL,NULL,_binary '\0',NULL,NULL,NULL,NULL,_binary '\0','/product317',NULL,NULL,960),(927,'N',_binary '\0',NULL,NULL,_binary '\0',NULL,NULL,NULL,NULL,_binary '\0','/product318',NULL,NULL,961),(928,'N',_binary '\0',NULL,NULL,_binary '\0',NULL,NULL,NULL,NULL,_binary '\0','/product319',NULL,NULL,962),(929,'N',_binary '\0',NULL,NULL,_binary '\0',NULL,NULL,NULL,NULL,_binary '\0','/product320',NULL,NULL,963),(930,'N',_binary '\0',NULL,NULL,_binary '\0',NULL,NULL,NULL,NULL,_binary '\0','/product321',NULL,NULL,964),(931,'N',_binary '\0',NULL,NULL,_binary '\0',NULL,NULL,NULL,NULL,_binary '\0','/product322',NULL,NULL,965),(932,'N',_binary '\0',NULL,NULL,_binary '\0',NULL,NULL,NULL,NULL,_binary '\0','/product323',NULL,NULL,966),(933,'N',_binary '\0',NULL,NULL,_binary '\0',NULL,NULL,NULL,NULL,_binary '\0','/product324',NULL,NULL,967),(934,'N',_binary '\0',NULL,NULL,_binary '\0',NULL,NULL,NULL,NULL,_binary '\0','/product325',NULL,NULL,968),(935,'N',_binary '\0',NULL,NULL,_binary '\0',NULL,NULL,NULL,NULL,_binary '\0','/product326',NULL,NULL,969),(936,'N',_binary '\0',NULL,NULL,_binary '\0',NULL,NULL,NULL,NULL,_binary '\0','/product327',NULL,NULL,970),(937,'N',_binary '\0',NULL,NULL,_binary '\0',NULL,NULL,NULL,NULL,_binary '\0','/product328',NULL,NULL,971),(938,'N',_binary '\0',NULL,NULL,_binary '\0',NULL,NULL,NULL,NULL,_binary '\0','/product329',NULL,NULL,972),(939,'N',_binary '\0',NULL,NULL,_binary '\0',NULL,NULL,NULL,NULL,_binary '\0','/product330',NULL,NULL,973),(940,'N',_binary '\0',NULL,NULL,_binary '\0',NULL,NULL,NULL,NULL,_binary '\0','/product331',NULL,NULL,974),(941,'N',_binary '\0',NULL,NULL,_binary '\0',NULL,NULL,NULL,NULL,_binary '\0','/product332',NULL,NULL,975),(942,'N',_binary '\0',NULL,NULL,_binary '\0',NULL,NULL,NULL,NULL,_binary '\0','/product333',NULL,NULL,976),(943,'N',_binary '\0',NULL,NULL,_binary '\0',NULL,NULL,NULL,NULL,_binary '\0','/product334',NULL,NULL,977),(944,'N',_binary '\0',NULL,NULL,_binary '\0',NULL,NULL,NULL,NULL,_binary '\0','/product335',NULL,NULL,978),(945,'N',_binary '\0',NULL,NULL,_binary '\0',NULL,NULL,NULL,NULL,_binary '\0','/product336',NULL,NULL,979),(946,'N',_binary '\0',NULL,NULL,_binary '\0',NULL,NULL,NULL,NULL,_binary '\0','/product337',NULL,NULL,980),(947,'N',_binary '\0',NULL,NULL,_binary '\0',NULL,NULL,NULL,NULL,_binary '\0','/product338',NULL,NULL,981),(948,'N',_binary '\0',NULL,NULL,_binary '\0',NULL,NULL,NULL,NULL,_binary '\0','/product339',NULL,NULL,982),(949,'N',_binary '\0',NULL,NULL,_binary '\0',NULL,NULL,NULL,NULL,_binary '\0','/product340',NULL,NULL,983),(950,'N',_binary '\0',NULL,NULL,_binary '\0',NULL,NULL,NULL,NULL,_binary '\0','/product341',NULL,NULL,984),(951,'N',_binary '\0',NULL,NULL,_binary '\0',NULL,NULL,NULL,NULL,_binary '\0','/product342',NULL,NULL,985),(952,'N',_binary '\0',NULL,NULL,_binary '\0',NULL,NULL,NULL,NULL,_binary '\0','/product343',NULL,NULL,986),(953,'N',_binary '\0',NULL,NULL,_binary '\0',NULL,NULL,NULL,NULL,_binary '\0','/product344',NULL,NULL,987),(954,'N',_binary '\0',NULL,NULL,_binary '\0',NULL,NULL,NULL,NULL,_binary '\0','/product345',NULL,NULL,988),(955,'N',_binary '\0',NULL,NULL,_binary '\0',NULL,NULL,NULL,NULL,_binary '\0','/product346',NULL,NULL,989),(956,'N',_binary '\0',NULL,NULL,_binary '\0',NULL,NULL,NULL,NULL,_binary '\0','/product347',NULL,NULL,990),(957,'N',_binary '\0',NULL,NULL,_binary '\0',NULL,NULL,NULL,NULL,_binary '\0','/product348',NULL,NULL,991),(958,'N',_binary '\0',NULL,NULL,_binary '\0',NULL,NULL,NULL,NULL,_binary '\0','/product349',NULL,NULL,992),(959,'N',_binary '\0',NULL,NULL,_binary '\0',NULL,NULL,NULL,NULL,_binary '\0','/product350',NULL,NULL,993),(960,'N',_binary '\0',NULL,NULL,_binary '\0',NULL,NULL,NULL,NULL,_binary '\0','/product351',NULL,NULL,994),(961,'N',_binary '\0',NULL,NULL,_binary '\0',NULL,NULL,NULL,NULL,_binary '\0','/product352',NULL,NULL,995),(962,'N',_binary '\0',NULL,NULL,_binary '\0',NULL,NULL,NULL,NULL,_binary '\0','/product353',NULL,NULL,996),(963,'N',_binary '\0',NULL,NULL,_binary '\0',NULL,NULL,NULL,NULL,_binary '\0','/product354',NULL,NULL,997),(964,'N',_binary '\0',NULL,NULL,_binary '\0',NULL,NULL,NULL,NULL,_binary '\0','/product355',NULL,NULL,998),(965,'N',_binary '\0',NULL,NULL,_binary '\0',NULL,NULL,NULL,NULL,_binary '\0','/product356',NULL,NULL,999),(966,'N',_binary '\0',NULL,NULL,_binary '\0',NULL,NULL,NULL,NULL,_binary '\0','/product357',NULL,NULL,1000),(967,'N',_binary '\0',NULL,NULL,_binary '\0',NULL,NULL,NULL,NULL,_binary '\0','/product358',NULL,NULL,1001),(968,'N',_binary '\0',NULL,NULL,_binary '\0',NULL,NULL,NULL,NULL,_binary '\0','/product359',NULL,NULL,1002),(969,'N',_binary '\0',NULL,NULL,_binary '\0',NULL,NULL,NULL,NULL,_binary '\0','/product360',NULL,NULL,1003),(970,'N',_binary '\0',NULL,NULL,_binary '\0',NULL,NULL,NULL,NULL,_binary '\0','/product361',NULL,NULL,1004),(971,'N',_binary '\0',NULL,NULL,_binary '\0',NULL,NULL,NULL,NULL,_binary '\0','/product362',NULL,NULL,1005),(972,'N',_binary '\0',NULL,NULL,_binary '\0',NULL,NULL,NULL,NULL,_binary '\0','/product363',NULL,NULL,1006),(973,'N',_binary '\0',NULL,NULL,_binary '\0',NULL,NULL,NULL,NULL,_binary '\0','/product364',NULL,NULL,1007),(974,'N',_binary '\0',NULL,NULL,_binary '\0',NULL,NULL,NULL,NULL,_binary '\0','/product365',NULL,NULL,1008),(975,'N',_binary '\0',NULL,NULL,_binary '\0',NULL,NULL,NULL,NULL,_binary '\0','/product366',NULL,NULL,1009),(976,'N',_binary '\0',NULL,NULL,_binary '\0',NULL,NULL,NULL,NULL,_binary '\0','/product367',NULL,NULL,1010),(977,'N',_binary '\0',NULL,NULL,_binary '\0',NULL,NULL,NULL,NULL,_binary '\0','/product368',NULL,NULL,1011),(978,'N',_binary '\0',NULL,NULL,_binary '\0',NULL,NULL,NULL,NULL,_binary '\0','/product369',NULL,NULL,1012),(979,'N',_binary '\0',NULL,NULL,_binary '\0',NULL,NULL,NULL,NULL,_binary '\0','/product370',NULL,NULL,1013),(980,'N',_binary '\0',NULL,NULL,_binary '\0',NULL,NULL,NULL,NULL,_binary '\0','/product371',NULL,NULL,1014),(981,'N',_binary '\0',NULL,NULL,_binary '\0',NULL,NULL,NULL,NULL,_binary '\0','/product372',NULL,NULL,1015),(982,'N',_binary '\0',NULL,NULL,_binary '\0',NULL,NULL,NULL,NULL,_binary '\0','/product373',NULL,NULL,1016),(983,'N',_binary '\0',NULL,NULL,_binary '\0',NULL,NULL,NULL,NULL,_binary '\0','/product374',NULL,NULL,1017),(984,'N',_binary '\0',NULL,NULL,_binary '\0',NULL,NULL,NULL,NULL,_binary '\0','/product375',NULL,NULL,1018),(985,'N',_binary '\0',NULL,NULL,_binary '\0',NULL,NULL,NULL,NULL,_binary '\0','/product376',NULL,NULL,1019),(986,'N',_binary '\0',NULL,NULL,_binary '\0',NULL,NULL,NULL,NULL,_binary '\0','/product377',NULL,NULL,1020),(987,'N',_binary '\0',NULL,NULL,_binary '\0',NULL,NULL,NULL,NULL,_binary '\0','/product378',NULL,NULL,1021),(988,'N',_binary '\0',NULL,NULL,_binary '\0',NULL,NULL,NULL,NULL,_binary '\0','/product379',NULL,NULL,1022),(989,'N',_binary '\0',NULL,NULL,_binary '\0',NULL,NULL,NULL,NULL,_binary '\0','/product380',NULL,NULL,1023),(990,'N',_binary '\0',NULL,NULL,_binary '\0',NULL,NULL,NULL,NULL,_binary '\0','/product381',NULL,NULL,1024),(991,'N',_binary '\0',NULL,NULL,_binary '\0',NULL,NULL,NULL,NULL,_binary '\0','/product382',NULL,NULL,1025),(992,'N',_binary '\0',NULL,NULL,_binary '\0',NULL,NULL,NULL,NULL,_binary '\0','/product383',NULL,NULL,1026),(993,'N',_binary '\0',NULL,NULL,_binary '\0',NULL,NULL,NULL,NULL,_binary '\0','/product384',NULL,NULL,1027),(994,'N',_binary '\0',NULL,NULL,_binary '\0',NULL,NULL,NULL,NULL,_binary '\0','/product385',NULL,NULL,1028),(995,'N',_binary '\0',NULL,NULL,_binary '\0',NULL,NULL,NULL,NULL,_binary '\0','/product386',NULL,NULL,1029),(996,'N',_binary '\0',NULL,NULL,_binary '\0',NULL,NULL,NULL,NULL,_binary '\0','/product387',NULL,NULL,1030),(997,'N',_binary '\0',NULL,NULL,_binary '\0',NULL,NULL,NULL,NULL,_binary '\0','/product388',NULL,NULL,1031),(998,'N',_binary '\0',NULL,NULL,_binary '\0',NULL,NULL,NULL,NULL,_binary '\0','/product389',NULL,NULL,1032),(999,'N',_binary '\0',NULL,NULL,_binary '\0',NULL,NULL,NULL,NULL,_binary '\0','/product390',NULL,NULL,1033),(1000,'N',_binary '\0',NULL,NULL,_binary '\0',NULL,NULL,NULL,NULL,_binary '\0','/product391',NULL,NULL,1034),(1001,'N',_binary '\0',NULL,NULL,_binary '\0',NULL,NULL,NULL,NULL,_binary '\0','/product392',NULL,NULL,1035),(1002,'N',_binary '\0',NULL,NULL,_binary '\0',NULL,NULL,NULL,NULL,_binary '\0','/product393',NULL,NULL,1036),(1003,'N',_binary '\0',NULL,NULL,_binary '\0',NULL,NULL,NULL,NULL,_binary '\0','/product394',NULL,NULL,1037),(1004,'N',_binary '\0',NULL,NULL,_binary '\0',NULL,NULL,NULL,NULL,_binary '\0','/product395',NULL,NULL,1038),(1005,'N',_binary '\0',NULL,NULL,_binary '\0',NULL,NULL,NULL,NULL,_binary '\0','/product396',NULL,NULL,1039),(1006,'N',_binary '\0',NULL,NULL,_binary '\0',NULL,NULL,NULL,NULL,_binary '\0','/product397',NULL,NULL,1040),(1007,'N',_binary '\0',NULL,NULL,_binary '\0',NULL,NULL,NULL,NULL,_binary '\0','/product398',NULL,NULL,1041),(1008,'N',_binary '\0',NULL,NULL,_binary '\0',NULL,NULL,NULL,NULL,_binary '\0','/product399',NULL,NULL,1042),(1009,'N',_binary '\0',NULL,NULL,_binary '\0',NULL,NULL,NULL,NULL,_binary '\0','/product400',NULL,NULL,1043),(1010,'N',_binary '\0',NULL,NULL,_binary '\0',NULL,NULL,NULL,NULL,_binary '\0','/product401',NULL,NULL,1044),(1011,'N',_binary '\0',NULL,NULL,_binary '\0',NULL,NULL,NULL,NULL,_binary '\0','/product402',NULL,NULL,1045),(1012,'N',_binary '\0',NULL,NULL,_binary '\0',NULL,NULL,NULL,NULL,_binary '\0','/product403',NULL,NULL,1046),(1013,'N',_binary '\0',NULL,NULL,_binary '\0',NULL,NULL,NULL,NULL,_binary '\0','/product404',NULL,NULL,1047),(1014,'N',_binary '\0',NULL,NULL,_binary '\0',NULL,NULL,NULL,NULL,_binary '\0','/product405',NULL,NULL,1048),(1015,'N',_binary '\0',NULL,NULL,_binary '\0',NULL,NULL,NULL,NULL,_binary '\0','/product406',NULL,NULL,1049),(1016,'N',_binary '\0',NULL,NULL,_binary '\0',NULL,NULL,NULL,NULL,_binary '\0','/product407',NULL,NULL,1050),(1017,'N',_binary '\0',NULL,NULL,_binary '\0',NULL,NULL,NULL,NULL,_binary '\0','/product408',NULL,NULL,1051),(1018,'N',_binary '\0',NULL,NULL,_binary '\0',NULL,NULL,NULL,NULL,_binary '\0','/product409',NULL,NULL,1052),(1019,'N',_binary '\0',NULL,NULL,_binary '\0',NULL,NULL,NULL,NULL,_binary '\0','/product410',NULL,NULL,1053),(1020,'N',_binary '\0',NULL,NULL,_binary '\0',NULL,NULL,NULL,NULL,_binary '\0','/product411',NULL,NULL,1054),(1021,'N',_binary '\0',NULL,NULL,_binary '\0',NULL,NULL,NULL,NULL,_binary '\0','/product412',NULL,NULL,1055),(1022,'N',_binary '\0',NULL,NULL,_binary '\0',NULL,NULL,NULL,NULL,_binary '\0','/product413',NULL,NULL,1056),(1023,'N',_binary '\0',NULL,NULL,_binary '\0',NULL,NULL,NULL,NULL,_binary '\0','/product414',NULL,NULL,1057),(1024,'N',_binary '\0',NULL,NULL,_binary '\0',NULL,NULL,NULL,NULL,_binary '\0','/product415',NULL,NULL,1058),(1025,'N',_binary '\0',NULL,NULL,_binary '\0',NULL,NULL,NULL,NULL,_binary '\0','/product416',NULL,NULL,1059),(1026,'N',_binary '\0',NULL,NULL,_binary '\0',NULL,NULL,NULL,NULL,_binary '\0','/product417',NULL,NULL,1060),(1027,'N',_binary '\0',NULL,NULL,_binary '\0',NULL,NULL,NULL,NULL,_binary '\0','/product418',NULL,NULL,1061),(1028,'N',_binary '\0',NULL,NULL,_binary '\0',NULL,NULL,NULL,NULL,_binary '\0','/product419',NULL,NULL,1062),(1029,'N',_binary '\0',NULL,NULL,_binary '\0',NULL,NULL,NULL,NULL,_binary '\0','/product420',NULL,NULL,1063),(1030,'N',_binary '\0',NULL,NULL,_binary '\0',NULL,NULL,NULL,NULL,_binary '\0','/product421',NULL,NULL,1064),(1031,'N',_binary '\0',NULL,NULL,_binary '\0',NULL,NULL,NULL,NULL,_binary '\0','/product422',NULL,NULL,1065),(1032,'N',_binary '\0',NULL,NULL,_binary '\0',NULL,NULL,NULL,NULL,_binary '\0','/product423',NULL,NULL,1066),(1033,'N',_binary '\0',NULL,NULL,_binary '\0',NULL,NULL,NULL,NULL,_binary '\0','/product424',NULL,NULL,1067),(1034,'N',_binary '\0',NULL,NULL,_binary '\0',NULL,NULL,NULL,NULL,_binary '\0','/product425',NULL,NULL,1068),(1035,'N',_binary '\0',NULL,NULL,_binary '\0',NULL,NULL,NULL,NULL,_binary '\0','/product426',NULL,NULL,1069),(1036,'N',_binary '\0',NULL,NULL,_binary '\0',NULL,NULL,NULL,NULL,_binary '\0','/product427',NULL,NULL,1070),(1037,'N',_binary '\0',NULL,NULL,_binary '\0',NULL,NULL,NULL,NULL,_binary '\0','/product428',NULL,NULL,1071),(1038,'N',_binary '\0',NULL,NULL,_binary '\0',NULL,NULL,NULL,NULL,_binary '\0','/product429',NULL,NULL,1072),(1039,'N',_binary '\0',NULL,NULL,_binary '\0',NULL,NULL,NULL,NULL,_binary '\0','/product430',NULL,NULL,1073),(1040,'N',_binary '\0',NULL,NULL,_binary '\0',NULL,NULL,NULL,NULL,_binary '\0','/product431',NULL,NULL,1074),(1041,'N',_binary '\0',NULL,NULL,_binary '\0',NULL,NULL,NULL,NULL,_binary '\0','/product432',NULL,NULL,1075),(1042,'N',_binary '\0',NULL,NULL,_binary '\0',NULL,NULL,NULL,NULL,_binary '\0','/product433',NULL,NULL,1076),(1043,'N',_binary '\0',NULL,NULL,_binary '\0',NULL,NULL,NULL,NULL,_binary '\0','/product434',NULL,NULL,1077),(1044,'N',_binary '\0',NULL,NULL,_binary '\0',NULL,NULL,NULL,NULL,_binary '\0','/product435',NULL,NULL,1078),(1045,'N',_binary '\0',NULL,NULL,_binary '\0',NULL,NULL,NULL,NULL,_binary '\0','/product436',NULL,NULL,1079),(1046,'N',_binary '\0',NULL,NULL,_binary '\0',NULL,NULL,NULL,NULL,_binary '\0','/product437',NULL,NULL,1080),(1047,'N',_binary '\0',NULL,NULL,_binary '\0',NULL,NULL,NULL,NULL,_binary '\0','/product438',NULL,NULL,1081),(1048,'N',_binary '\0',NULL,NULL,_binary '\0',NULL,NULL,NULL,NULL,_binary '\0','/product439',NULL,NULL,1082),(1049,'N',_binary '\0',NULL,NULL,_binary '\0',NULL,NULL,NULL,NULL,_binary '\0','/product440',NULL,NULL,1083),(1050,'N',_binary '\0',NULL,NULL,_binary '\0',NULL,NULL,NULL,NULL,_binary '\0','/product441',NULL,NULL,1084),(1051,'N',_binary '\0',NULL,NULL,_binary '\0',NULL,NULL,NULL,NULL,_binary '\0','/product442',NULL,NULL,1085),(1052,'N',_binary '\0',NULL,NULL,_binary '\0',NULL,NULL,NULL,NULL,_binary '\0','/product443',NULL,NULL,1086),(1053,'N',_binary '\0',NULL,NULL,_binary '\0',NULL,NULL,NULL,NULL,_binary '\0','/product444',NULL,NULL,1087),(1054,'N',_binary '\0',NULL,NULL,_binary '\0',NULL,NULL,NULL,NULL,_binary '\0','/product445',NULL,NULL,1088),(1055,'N',_binary '\0',NULL,NULL,_binary '\0',NULL,NULL,NULL,NULL,_binary '\0','/product446',NULL,NULL,1089),(1056,'N',_binary '\0',NULL,NULL,_binary '\0',NULL,NULL,NULL,NULL,_binary '\0','/product447',NULL,NULL,1090),(1057,'N',_binary '\0',NULL,NULL,_binary '\0',NULL,NULL,NULL,NULL,_binary '\0','/product448',NULL,NULL,1091),(1058,'N',_binary '\0',NULL,NULL,_binary '\0',NULL,NULL,NULL,NULL,_binary '\0','/product449',NULL,NULL,1092),(1059,'N',_binary '\0',NULL,NULL,_binary '\0',NULL,NULL,NULL,NULL,_binary '\0','/product450',NULL,NULL,1093),(1060,'N',_binary '\0',NULL,NULL,_binary '\0',NULL,NULL,NULL,NULL,_binary '\0','/product451',NULL,NULL,1094),(1061,'N',_binary '\0',NULL,NULL,_binary '\0',NULL,NULL,NULL,NULL,_binary '\0','/product452',NULL,NULL,1095),(1062,'N',_binary '\0',NULL,NULL,_binary '\0',NULL,NULL,NULL,NULL,_binary '\0','/product453',NULL,NULL,1096),(1063,'N',_binary '\0',NULL,NULL,_binary '\0',NULL,NULL,NULL,NULL,_binary '\0','/product454',NULL,NULL,1097),(1064,'N',_binary '\0',NULL,NULL,_binary '\0',NULL,NULL,NULL,NULL,_binary '\0','/product455',NULL,NULL,1098),(1065,'N',_binary '\0',NULL,NULL,_binary '\0',NULL,NULL,NULL,NULL,_binary '\0','/product456',NULL,NULL,1099),(1066,'N',_binary '\0',NULL,NULL,_binary '\0',NULL,NULL,NULL,NULL,_binary '\0','/product457',NULL,NULL,1100),(1067,'N',_binary '\0',NULL,NULL,_binary '\0',NULL,NULL,NULL,NULL,_binary '\0','/product458',NULL,NULL,1101),(1068,'N',_binary '\0',NULL,NULL,_binary '\0',NULL,NULL,NULL,NULL,_binary '\0','/product459',NULL,NULL,1102),(1069,'N',_binary '\0',NULL,NULL,_binary '\0',NULL,NULL,NULL,NULL,_binary '\0','/product460',NULL,NULL,1103),(1070,'N',_binary '\0',NULL,NULL,_binary '\0',NULL,NULL,NULL,NULL,_binary '\0','/product461',NULL,NULL,1104),(1071,'N',_binary '\0',NULL,NULL,_binary '\0',NULL,NULL,NULL,NULL,_binary '\0','/product462',NULL,NULL,1105),(1072,'N',_binary '\0',NULL,NULL,_binary '\0',NULL,NULL,NULL,NULL,_binary '\0','/product463',NULL,NULL,1106),(1073,'N',_binary '\0',NULL,NULL,_binary '\0',NULL,NULL,NULL,NULL,_binary '\0','/product464',NULL,NULL,1107),(1074,'N',_binary '\0',NULL,NULL,_binary '\0',NULL,NULL,NULL,NULL,_binary '\0','/product465',NULL,NULL,1108),(1075,'N',_binary '\0',NULL,NULL,_binary '\0',NULL,NULL,NULL,NULL,_binary '\0','/product466',NULL,NULL,1109),(1076,'N',_binary '\0',NULL,NULL,_binary '\0',NULL,NULL,NULL,NULL,_binary '\0','/product467',NULL,NULL,1110),(1077,'N',_binary '\0',NULL,NULL,_binary '\0',NULL,NULL,NULL,NULL,_binary '\0','/product468',NULL,NULL,1111),(1078,'N',_binary '\0',NULL,NULL,_binary '\0',NULL,NULL,NULL,NULL,_binary '\0','/product469',NULL,NULL,1112),(1079,'N',_binary '\0',NULL,NULL,_binary '\0',NULL,NULL,NULL,NULL,_binary '\0','/product470',NULL,NULL,1113),(1080,'N',_binary '\0',NULL,NULL,_binary '\0',NULL,NULL,NULL,NULL,_binary '\0','/product471',NULL,NULL,1114),(1081,'N',_binary '\0',NULL,NULL,_binary '\0',NULL,NULL,NULL,NULL,_binary '\0','/product472',NULL,NULL,1115),(1082,'N',_binary '\0',NULL,NULL,_binary '\0',NULL,NULL,NULL,NULL,_binary '\0','/product473',NULL,NULL,1116),(1083,'N',_binary '\0',NULL,NULL,_binary '\0',NULL,NULL,NULL,NULL,_binary '\0','/product474',NULL,NULL,1117),(1084,'N',_binary '\0',NULL,NULL,_binary '\0',NULL,NULL,NULL,NULL,_binary '\0','/product475',NULL,NULL,1118),(1085,'N',_binary '\0',NULL,NULL,_binary '\0',NULL,NULL,NULL,NULL,_binary '\0','/product476',NULL,NULL,1119),(1086,'N',_binary '\0',NULL,NULL,_binary '\0',NULL,NULL,NULL,NULL,_binary '\0','/product477',NULL,NULL,1120),(1087,'N',_binary '\0',NULL,NULL,_binary '\0',NULL,NULL,NULL,NULL,_binary '\0','/product478',NULL,NULL,1121),(1088,'N',_binary '\0',NULL,NULL,_binary '\0',NULL,NULL,NULL,NULL,_binary '\0','/product479',NULL,NULL,1122),(1089,'N',_binary '\0',NULL,NULL,_binary '\0',NULL,NULL,NULL,NULL,_binary '\0','/product480',NULL,NULL,1123),(1090,'N',_binary '\0',NULL,NULL,_binary '\0',NULL,NULL,NULL,NULL,_binary '\0','/product481',NULL,NULL,1124),(1091,'N',_binary '\0',NULL,NULL,_binary '\0',NULL,NULL,NULL,NULL,_binary '\0','/product482',NULL,NULL,1125),(1092,'N',_binary '\0',NULL,NULL,_binary '\0',NULL,NULL,NULL,NULL,_binary '\0','/product483',NULL,NULL,1126),(1093,'N',_binary '\0',NULL,NULL,_binary '\0',NULL,NULL,NULL,NULL,_binary '\0','/product484',NULL,NULL,1127),(1094,'N',_binary '\0',NULL,NULL,_binary '\0',NULL,NULL,NULL,NULL,_binary '\0','/product485',NULL,NULL,1128),(1095,'N',_binary '\0',NULL,NULL,_binary '\0',NULL,NULL,NULL,NULL,_binary '\0','/product486',NULL,NULL,1129),(1096,'N',_binary '\0',NULL,NULL,_binary '\0',NULL,NULL,NULL,NULL,_binary '\0','/product487',NULL,NULL,1130),(1097,'N',_binary '\0',NULL,NULL,_binary '\0',NULL,NULL,NULL,NULL,_binary '\0','/product488',NULL,NULL,1131),(1098,'N',_binary '\0',NULL,NULL,_binary '\0',NULL,NULL,NULL,NULL,_binary '\0','/product489',NULL,NULL,1132),(1099,'N',_binary '\0',NULL,NULL,_binary '\0',NULL,NULL,NULL,NULL,_binary '\0','/product490',NULL,NULL,1133),(1100,'N',_binary '\0',NULL,NULL,_binary '\0',NULL,NULL,NULL,NULL,_binary '\0','/product491',NULL,NULL,1134),(1101,'N',_binary '\0',NULL,NULL,_binary '\0',NULL,NULL,NULL,NULL,_binary '\0','/product492',NULL,NULL,1135),(1102,'N',_binary '\0',NULL,NULL,_binary '\0',NULL,NULL,NULL,NULL,_binary '\0','/product493',NULL,NULL,1136),(1103,'N',_binary '\0',NULL,NULL,_binary '\0',NULL,NULL,NULL,NULL,_binary '\0','/product494',NULL,NULL,1137),(1104,'N',_binary '\0',NULL,NULL,_binary '\0',NULL,NULL,NULL,NULL,_binary '\0','/product495',NULL,NULL,1138),(1105,'N',_binary '\0',NULL,NULL,_binary '\0',NULL,NULL,NULL,NULL,_binary '\0','/product496',NULL,NULL,1139),(1106,'N',_binary '\0',NULL,NULL,_binary '\0',NULL,NULL,NULL,NULL,_binary '\0','/product497',NULL,NULL,1140),(1107,'N',_binary '\0',NULL,NULL,_binary '\0',NULL,NULL,NULL,NULL,_binary '\0','/product498',NULL,NULL,1141),(1108,'N',_binary '\0',NULL,NULL,_binary '\0',NULL,NULL,NULL,NULL,_binary '\0','/product499',NULL,NULL,1142),(1109,'N',_binary '\0',NULL,NULL,_binary '\0',NULL,NULL,NULL,NULL,_binary '\0','/product500',NULL,NULL,1143),(1110,'N',_binary '\0',NULL,NULL,_binary '\0',NULL,NULL,NULL,NULL,_binary '\0','/product501',NULL,NULL,1144),(1111,'N',_binary '\0',NULL,NULL,_binary '\0',NULL,NULL,NULL,NULL,_binary '\0','/product502',NULL,NULL,1145),(1112,'N',_binary '\0',NULL,NULL,_binary '\0',NULL,NULL,NULL,NULL,_binary '\0','/product503',NULL,NULL,1146),(1113,'N',_binary '\0',NULL,NULL,_binary '\0',NULL,NULL,NULL,NULL,_binary '\0','/product504',NULL,NULL,1147),(1114,'N',_binary '\0',NULL,NULL,_binary '\0',NULL,NULL,NULL,NULL,_binary '\0','/product505',NULL,NULL,1148),(1115,'N',_binary '\0',NULL,NULL,_binary '\0',NULL,NULL,NULL,NULL,_binary '\0','/product506',NULL,NULL,1149),(1116,'N',_binary '\0',NULL,NULL,_binary '\0',NULL,NULL,NULL,NULL,_binary '\0','/product507',NULL,NULL,1150),(1117,'N',_binary '\0',NULL,NULL,_binary '\0',NULL,NULL,NULL,NULL,_binary '\0','/product508',NULL,NULL,1151),(1118,'N',_binary '\0',NULL,NULL,_binary '\0',NULL,NULL,NULL,NULL,_binary '\0','/product509',NULL,NULL,1152),(1119,'N',_binary '\0',NULL,NULL,_binary '\0',NULL,NULL,NULL,NULL,_binary '\0','/product510',NULL,NULL,1153),(1120,'N',_binary '\0',NULL,NULL,_binary '\0',NULL,NULL,NULL,NULL,_binary '\0','/product511',NULL,NULL,1154),(1121,'N',_binary '\0',NULL,NULL,_binary '\0',NULL,NULL,NULL,NULL,_binary '\0','/product512',NULL,NULL,1155),(1122,'N',_binary '\0',NULL,NULL,_binary '\0',NULL,NULL,NULL,NULL,_binary '\0','/product513',NULL,NULL,1156),(1123,'N',_binary '\0',NULL,NULL,_binary '\0',NULL,NULL,NULL,NULL,_binary '\0','/product514',NULL,NULL,1157),(1124,'N',_binary '\0',NULL,NULL,_binary '\0',NULL,NULL,NULL,NULL,_binary '\0','/product515',NULL,NULL,1158),(1125,'N',_binary '\0',NULL,NULL,_binary '\0',NULL,NULL,NULL,NULL,_binary '\0','/product516',NULL,NULL,1159),(1126,'N',_binary '\0',NULL,NULL,_binary '\0',NULL,NULL,NULL,NULL,_binary '\0','/product517',NULL,NULL,1160),(1127,'N',_binary '\0',NULL,NULL,_binary '\0',NULL,NULL,NULL,NULL,_binary '\0','/product518',NULL,NULL,1161),(1128,'N',_binary '\0',NULL,NULL,_binary '\0',NULL,NULL,NULL,NULL,_binary '\0','/product519',NULL,NULL,1162),(1129,'N',_binary '\0',NULL,NULL,_binary '\0',NULL,NULL,NULL,NULL,_binary '\0','/product520',NULL,NULL,1163),(1130,'N',_binary '\0',NULL,NULL,_binary '\0',NULL,NULL,NULL,NULL,_binary '\0','/product521',NULL,NULL,1164),(1131,'N',_binary '\0',NULL,NULL,_binary '\0',NULL,NULL,NULL,NULL,_binary '\0','/product522',NULL,NULL,1165),(1132,'N',_binary '\0',NULL,NULL,_binary '\0',NULL,NULL,NULL,NULL,_binary '\0','/product523',NULL,NULL,1166),(1133,'N',_binary '\0',NULL,NULL,_binary '\0',NULL,NULL,NULL,NULL,_binary '\0','/product524',NULL,NULL,1167),(1134,'N',_binary '\0',NULL,NULL,_binary '\0',NULL,NULL,NULL,NULL,_binary '\0','/product525',NULL,NULL,1168),(1135,'N',_binary '\0',NULL,NULL,_binary '\0',NULL,NULL,NULL,NULL,_binary '\0','/product526',NULL,NULL,1169),(1136,'N',_binary '\0',NULL,NULL,_binary '\0',NULL,NULL,NULL,NULL,_binary '\0','/product527',NULL,NULL,1170),(1137,'N',_binary '\0',NULL,NULL,_binary '\0',NULL,NULL,NULL,NULL,_binary '\0','/product528',NULL,NULL,1171),(1138,'N',_binary '\0',NULL,NULL,_binary '\0',NULL,NULL,NULL,NULL,_binary '\0','/product529',NULL,NULL,1172),(1139,'N',_binary '\0',NULL,NULL,_binary '\0',NULL,NULL,NULL,NULL,_binary '\0','/product530',NULL,NULL,1173),(1140,'N',_binary '\0',NULL,NULL,_binary '\0',NULL,NULL,NULL,NULL,_binary '\0','/product531',NULL,NULL,1174),(1141,'N',_binary '\0',NULL,NULL,_binary '\0',NULL,NULL,NULL,NULL,_binary '\0','/product532',NULL,NULL,1175),(1142,'N',_binary '\0',NULL,NULL,_binary '\0',NULL,NULL,NULL,NULL,_binary '\0','/product533',NULL,NULL,1176),(1143,'N',_binary '\0',NULL,NULL,_binary '\0',NULL,NULL,NULL,NULL,_binary '\0','/product534',NULL,NULL,1177),(1144,'N',_binary '\0',NULL,NULL,_binary '\0',NULL,NULL,NULL,NULL,_binary '\0','/product535',NULL,NULL,1178),(1145,'N',_binary '\0',NULL,NULL,_binary '\0',NULL,NULL,NULL,NULL,_binary '\0','/product536',NULL,NULL,1179),(1146,'N',_binary '\0',NULL,NULL,_binary '\0',NULL,NULL,NULL,NULL,_binary '\0','/product537',NULL,NULL,1180),(1147,'N',_binary '\0',NULL,NULL,_binary '\0',NULL,NULL,NULL,NULL,_binary '\0','/product538',NULL,NULL,1181),(1148,'N',_binary '\0',NULL,NULL,_binary '\0',NULL,NULL,NULL,NULL,_binary '\0','/product539',NULL,NULL,1182),(1149,'N',_binary '\0',NULL,NULL,_binary '\0',NULL,NULL,NULL,NULL,_binary '\0','/product540',NULL,NULL,1183),(1150,'N',_binary '\0',NULL,NULL,_binary '\0',NULL,NULL,NULL,NULL,_binary '\0','/product541',NULL,NULL,1184),(1151,'N',_binary '\0',NULL,NULL,_binary '\0',NULL,NULL,NULL,NULL,_binary '\0','/product542',NULL,NULL,1185),(1152,'N',_binary '\0',NULL,NULL,_binary '\0',NULL,NULL,NULL,NULL,_binary '\0','/product543',NULL,NULL,1186),(1153,'N',_binary '\0',NULL,NULL,_binary '\0',NULL,NULL,NULL,NULL,_binary '\0','/product544',NULL,NULL,1187),(1154,'N',_binary '\0',NULL,NULL,_binary '\0',NULL,NULL,NULL,NULL,_binary '\0','/product545',NULL,NULL,1188),(1155,'N',_binary '\0',NULL,NULL,_binary '\0',NULL,NULL,NULL,NULL,_binary '\0','/product546',NULL,NULL,1189),(1156,'N',_binary '\0',NULL,NULL,_binary '\0',NULL,NULL,NULL,NULL,_binary '\0','/product547',NULL,NULL,1190),(1157,'N',_binary '\0',NULL,NULL,_binary '\0',NULL,NULL,NULL,NULL,_binary '\0','/product548',NULL,NULL,1191),(1158,'N',_binary '\0',NULL,NULL,_binary '\0',NULL,NULL,NULL,NULL,_binary '\0','/product549',NULL,NULL,1192),(1159,'N',_binary '\0',NULL,NULL,_binary '\0',NULL,NULL,NULL,NULL,_binary '\0','/product550',NULL,NULL,1193),(1160,'N',_binary '\0',NULL,NULL,_binary '\0',NULL,NULL,NULL,NULL,_binary '\0','/product551',NULL,NULL,1194),(1161,'N',_binary '\0',NULL,NULL,_binary '\0',NULL,NULL,NULL,NULL,_binary '\0','/product552',NULL,NULL,1195),(1162,'N',_binary '\0',NULL,NULL,_binary '\0',NULL,NULL,NULL,NULL,_binary '\0','/product553',NULL,NULL,1196),(1163,'N',_binary '\0',NULL,NULL,_binary '\0',NULL,NULL,NULL,NULL,_binary '\0','/product554',NULL,NULL,1197),(1164,'N',_binary '\0',NULL,NULL,_binary '\0',NULL,NULL,NULL,NULL,_binary '\0','/product555',NULL,NULL,1198),(1165,'N',_binary '\0',NULL,NULL,_binary '\0',NULL,NULL,NULL,NULL,_binary '\0','/product556',NULL,NULL,1199),(1166,'N',_binary '\0',NULL,NULL,_binary '\0',NULL,NULL,NULL,NULL,_binary '\0','/product557',NULL,NULL,1200),(1167,'N',_binary '\0',NULL,NULL,_binary '\0',NULL,NULL,NULL,NULL,_binary '\0','/product558',NULL,NULL,1201),(1168,'N',_binary '\0',NULL,NULL,_binary '\0',NULL,NULL,NULL,NULL,_binary '\0','/product559',NULL,NULL,1202),(1169,'N',_binary '\0',NULL,NULL,_binary '\0',NULL,NULL,NULL,NULL,_binary '\0','/product560',NULL,NULL,1203),(1170,'N',_binary '\0',NULL,NULL,_binary '\0',NULL,NULL,NULL,NULL,_binary '\0','/product561',NULL,NULL,1204),(1171,'N',_binary '\0',NULL,NULL,_binary '\0',NULL,NULL,NULL,NULL,_binary '\0','/product562',NULL,NULL,1205),(1172,'N',_binary '\0',NULL,NULL,_binary '\0',NULL,NULL,NULL,NULL,_binary '\0','/product563',NULL,NULL,1206),(1173,'N',_binary '\0',NULL,NULL,_binary '\0',NULL,NULL,NULL,NULL,_binary '\0','/product564',NULL,NULL,1207),(1174,'N',_binary '\0',NULL,NULL,_binary '\0',NULL,NULL,NULL,NULL,_binary '\0','/product565',NULL,NULL,1208),(1175,'N',_binary '\0',NULL,NULL,_binary '\0',NULL,NULL,NULL,NULL,_binary '\0','/product566',NULL,NULL,1209),(1176,'N',_binary '\0',NULL,NULL,_binary '\0',NULL,NULL,NULL,NULL,_binary '\0','/product567',NULL,NULL,1210),(1177,'N',_binary '\0',NULL,NULL,_binary '\0',NULL,NULL,NULL,NULL,_binary '\0','/product568',NULL,NULL,1211),(1178,'N',_binary '\0',NULL,NULL,_binary '\0',NULL,NULL,NULL,NULL,_binary '\0','/product569',NULL,NULL,1212),(1179,'N',_binary '\0',NULL,NULL,_binary '\0',NULL,NULL,NULL,NULL,_binary '\0','/product570',NULL,NULL,1213),(1180,'N',_binary '\0',NULL,NULL,_binary '\0',NULL,NULL,NULL,NULL,_binary '\0','/product571',NULL,NULL,1214),(1181,'N',_binary '\0',NULL,NULL,_binary '\0',NULL,NULL,NULL,NULL,_binary '\0','/product572',NULL,NULL,1215),(1182,'N',_binary '\0',NULL,NULL,_binary '\0',NULL,NULL,NULL,NULL,_binary '\0','/product573',NULL,NULL,1216),(1183,'N',_binary '\0',NULL,NULL,_binary '\0',NULL,NULL,NULL,NULL,_binary '\0','/product574',NULL,NULL,1217),(1184,'N',_binary '\0',NULL,NULL,_binary '\0',NULL,NULL,NULL,NULL,_binary '\0','/product575',NULL,NULL,1218),(1185,'N',_binary '\0',NULL,NULL,_binary '\0',NULL,NULL,NULL,NULL,_binary '\0','/product576',NULL,NULL,1219),(1186,'N',_binary '\0',NULL,NULL,_binary '\0',NULL,NULL,NULL,NULL,_binary '\0','/product577',NULL,NULL,1220),(1187,'N',_binary '\0',NULL,NULL,_binary '\0',NULL,NULL,NULL,NULL,_binary '\0','/product578',NULL,NULL,1221),(1188,'N',_binary '\0',NULL,NULL,_binary '\0',NULL,NULL,NULL,NULL,_binary '\0','/product579',NULL,NULL,1222),(1189,'N',_binary '\0',NULL,NULL,_binary '\0',NULL,NULL,NULL,NULL,_binary '\0','/product580',NULL,NULL,1223),(1190,'N',_binary '\0',NULL,NULL,_binary '\0',NULL,NULL,NULL,NULL,_binary '\0','/product581',NULL,NULL,1224),(1191,'N',_binary '\0',NULL,NULL,_binary '\0',NULL,NULL,NULL,NULL,_binary '\0','/product582',NULL,NULL,1225),(1192,'N',_binary '\0',NULL,NULL,_binary '\0',NULL,NULL,NULL,NULL,_binary '\0','/product583',NULL,NULL,1226),(1193,'N',_binary '\0',NULL,NULL,_binary '\0',NULL,NULL,NULL,NULL,_binary '\0','/product584',NULL,NULL,1227),(1194,'N',_binary '\0',NULL,NULL,_binary '\0',NULL,NULL,NULL,NULL,_binary '\0','/product585',NULL,NULL,1228),(1195,'N',_binary '\0',NULL,NULL,_binary '\0',NULL,NULL,NULL,NULL,_binary '\0','/product586',NULL,NULL,1229),(1196,'N',_binary '\0',NULL,NULL,_binary '\0',NULL,NULL,NULL,NULL,_binary '\0','/product587',NULL,NULL,1230),(1197,'N',_binary '\0',NULL,NULL,_binary '\0',NULL,NULL,NULL,NULL,_binary '\0','/product588',NULL,NULL,1231),(1198,'N',_binary '\0',NULL,NULL,_binary '\0',NULL,NULL,NULL,NULL,_binary '\0','/product589',NULL,NULL,1232),(1199,'N',_binary '\0',NULL,NULL,_binary '\0',NULL,NULL,NULL,NULL,_binary '\0','/product590',NULL,NULL,1233),(1200,'N',_binary '\0',NULL,NULL,_binary '\0',NULL,NULL,NULL,NULL,_binary '\0','/product591',NULL,NULL,1234),(1201,'N',_binary '\0',NULL,NULL,_binary '\0',NULL,NULL,NULL,NULL,_binary '\0','/product592',NULL,NULL,1235),(1202,'N',_binary '\0',NULL,NULL,_binary '\0',NULL,NULL,NULL,NULL,_binary '\0','/product593',NULL,NULL,1236),(1203,'N',_binary '\0',NULL,NULL,_binary '\0',NULL,NULL,NULL,NULL,_binary '\0','/product594',NULL,NULL,1237),(1204,'N',_binary '\0',NULL,NULL,_binary '\0',NULL,NULL,NULL,NULL,_binary '\0','/product595',NULL,NULL,1238),(1205,'N',_binary '\0',NULL,NULL,_binary '\0',NULL,NULL,NULL,NULL,_binary '\0','/product596',NULL,NULL,1239),(1206,'N',_binary '\0',NULL,NULL,_binary '\0',NULL,NULL,NULL,NULL,_binary '\0','/product597',NULL,NULL,1240),(1207,'N',_binary '\0',NULL,NULL,_binary '\0',NULL,NULL,NULL,NULL,_binary '\0','/product598',NULL,NULL,1241),(1208,'N',_binary '\0',NULL,NULL,_binary '\0',NULL,NULL,NULL,NULL,_binary '\0','/product599',NULL,NULL,1242),(1209,'N',_binary '\0',NULL,NULL,_binary '\0',NULL,NULL,NULL,NULL,_binary '\0','/product600',NULL,NULL,1243),(1210,'N',_binary '\0',NULL,NULL,_binary '\0',NULL,NULL,NULL,NULL,_binary '\0','/product601',NULL,NULL,1244),(1211,'N',_binary '\0',NULL,NULL,_binary '\0',NULL,NULL,NULL,NULL,_binary '\0','/product602',NULL,NULL,1245),(1212,'N',_binary '\0',NULL,NULL,_binary '\0',NULL,NULL,NULL,NULL,_binary '\0','/product603',NULL,NULL,1246),(1213,'N',_binary '\0',NULL,NULL,_binary '\0',NULL,NULL,NULL,NULL,_binary '\0','/product604',NULL,NULL,1247),(1214,'N',_binary '\0',NULL,NULL,_binary '\0',NULL,NULL,NULL,NULL,_binary '\0','/product605',NULL,NULL,1248),(1215,'N',_binary '\0',NULL,NULL,_binary '\0',NULL,NULL,NULL,NULL,_binary '\0','/product606',NULL,NULL,1249),(1216,'N',_binary '\0',NULL,NULL,_binary '\0',NULL,NULL,NULL,NULL,_binary '\0','/product607',NULL,NULL,1250),(1217,'N',_binary '\0',NULL,NULL,_binary '\0',NULL,NULL,NULL,NULL,_binary '\0','/product608',NULL,NULL,1251),(1218,'N',_binary '\0',NULL,NULL,_binary '\0',NULL,NULL,NULL,NULL,_binary '\0','/product609',NULL,NULL,1252),(1219,'N',_binary '\0',NULL,NULL,_binary '\0',NULL,NULL,NULL,NULL,_binary '\0','/product610',NULL,NULL,1253),(1220,'N',_binary '\0',NULL,NULL,_binary '\0',NULL,NULL,NULL,NULL,_binary '\0','/product611',NULL,NULL,1254),(1221,'N',_binary '\0',NULL,NULL,_binary '\0',NULL,NULL,NULL,NULL,_binary '\0','/product612',NULL,NULL,1255),(1222,'N',_binary '\0',NULL,NULL,_binary '\0',NULL,NULL,NULL,NULL,_binary '\0','/product613',NULL,NULL,1256),(1223,'N',_binary '\0',NULL,NULL,_binary '\0',NULL,NULL,NULL,NULL,_binary '\0','/product614',NULL,NULL,1257),(1224,'N',_binary '\0',NULL,NULL,_binary '\0',NULL,NULL,NULL,NULL,_binary '\0','/product615',NULL,NULL,1258),(1225,'N',_binary '\0',NULL,NULL,_binary '\0',NULL,NULL,NULL,NULL,_binary '\0','/product616',NULL,NULL,1259),(1226,'N',_binary '\0',NULL,NULL,_binary '\0',NULL,NULL,NULL,NULL,_binary '\0','/product617',NULL,NULL,1260),(1227,'N',_binary '\0',NULL,NULL,_binary '\0',NULL,NULL,NULL,NULL,_binary '\0','/product618',NULL,NULL,1261),(1228,'N',_binary '\0',NULL,NULL,_binary '\0',NULL,NULL,NULL,NULL,_binary '\0','/product619',NULL,NULL,1262),(1229,'N',_binary '\0',NULL,NULL,_binary '\0',NULL,NULL,NULL,NULL,_binary '\0','/product620',NULL,NULL,1263),(1230,'N',_binary '\0',NULL,NULL,_binary '\0',NULL,NULL,NULL,NULL,_binary '\0','/product621',NULL,NULL,1264),(1231,'N',_binary '\0',NULL,NULL,_binary '\0',NULL,NULL,NULL,NULL,_binary '\0','/product622',NULL,NULL,1265),(1232,'N',_binary '\0',NULL,NULL,_binary '\0',NULL,NULL,NULL,NULL,_binary '\0','/product623',NULL,NULL,1266),(1233,'N',_binary '\0',NULL,NULL,_binary '\0',NULL,NULL,NULL,NULL,_binary '\0','/product624',NULL,NULL,1267),(1234,'N',_binary '\0',NULL,NULL,_binary '\0',NULL,NULL,NULL,NULL,_binary '\0','/product625',NULL,NULL,1268),(1235,'N',_binary '\0',NULL,NULL,_binary '\0',NULL,NULL,NULL,NULL,_binary '\0','/product626',NULL,NULL,1269),(1236,'N',_binary '\0',NULL,NULL,_binary '\0',NULL,NULL,NULL,NULL,_binary '\0','/product627',NULL,NULL,1270),(1237,'N',_binary '\0',NULL,NULL,_binary '\0',NULL,NULL,NULL,NULL,_binary '\0','/product628',NULL,NULL,1271),(1238,'N',_binary '\0',NULL,NULL,_binary '\0',NULL,NULL,NULL,NULL,_binary '\0','/product629',NULL,NULL,1272),(1239,'N',_binary '\0',NULL,NULL,_binary '\0',NULL,NULL,NULL,NULL,_binary '\0','/product630',NULL,NULL,1273),(1240,'N',_binary '\0',NULL,NULL,_binary '\0',NULL,NULL,NULL,NULL,_binary '\0','/product631',NULL,NULL,1274),(1241,'N',_binary '\0',NULL,NULL,_binary '\0',NULL,NULL,NULL,NULL,_binary '\0','/product632',NULL,NULL,1275),(1242,'N',_binary '\0',NULL,NULL,_binary '\0',NULL,NULL,NULL,NULL,_binary '\0','/product633',NULL,NULL,1276),(1243,'N',_binary '\0',NULL,NULL,_binary '\0',NULL,NULL,NULL,NULL,_binary '\0','/product634',NULL,NULL,1277),(1244,'N',_binary '\0',NULL,NULL,_binary '\0',NULL,NULL,NULL,NULL,_binary '\0','/product635',NULL,NULL,1278),(1245,'N',_binary '\0',NULL,NULL,_binary '\0',NULL,NULL,NULL,NULL,_binary '\0','/product636',NULL,NULL,1279),(1246,'N',_binary '\0',NULL,NULL,_binary '\0',NULL,NULL,NULL,NULL,_binary '\0','/product637',NULL,NULL,1280),(1247,'N',_binary '\0',NULL,NULL,_binary '\0',NULL,NULL,NULL,NULL,_binary '\0','/product638',NULL,NULL,1281),(1248,'N',_binary '\0',NULL,NULL,_binary '\0',NULL,NULL,NULL,NULL,_binary '\0','/product639',NULL,NULL,1282),(1249,'N',_binary '\0',NULL,NULL,_binary '\0',NULL,NULL,NULL,NULL,_binary '\0','/product640',NULL,NULL,1283),(1250,'N',_binary '\0',NULL,NULL,_binary '\0',NULL,NULL,NULL,NULL,_binary '\0','/product641',NULL,NULL,1284),(1251,'N',_binary '\0',NULL,NULL,_binary '\0',NULL,NULL,NULL,NULL,_binary '\0','/product642',NULL,NULL,1285),(1252,'N',_binary '\0',NULL,NULL,_binary '\0',NULL,NULL,NULL,NULL,_binary '\0','/product643',NULL,NULL,1286),(1253,'N',_binary '\0',NULL,NULL,_binary '\0',NULL,NULL,NULL,NULL,_binary '\0','/product644',NULL,NULL,1287),(1254,'N',_binary '\0',NULL,NULL,_binary '\0',NULL,NULL,NULL,NULL,_binary '\0','/product645',NULL,NULL,1288),(1255,'N',_binary '\0',NULL,NULL,_binary '\0',NULL,NULL,NULL,NULL,_binary '\0','/product646',NULL,NULL,1289),(1256,'N',_binary '\0',NULL,NULL,_binary '\0',NULL,NULL,NULL,NULL,_binary '\0','/product647',NULL,NULL,1290),(1257,'N',_binary '\0',NULL,NULL,_binary '\0',NULL,NULL,NULL,NULL,_binary '\0','/product648',NULL,NULL,1291),(1258,'N',_binary '\0',NULL,NULL,_binary '\0',NULL,NULL,NULL,NULL,_binary '\0','/product649',NULL,NULL,1292),(1259,'N',_binary '\0',NULL,NULL,_binary '\0',NULL,NULL,NULL,NULL,_binary '\0','/product650',NULL,NULL,1293),(1260,'N',_binary '\0',NULL,NULL,_binary '\0',NULL,NULL,NULL,NULL,_binary '\0','/product651',NULL,NULL,1294),(1261,'N',_binary '\0',NULL,NULL,_binary '\0',NULL,NULL,NULL,NULL,_binary '\0','/product652',NULL,NULL,1295),(1262,'N',_binary '\0',NULL,NULL,_binary '\0',NULL,NULL,NULL,NULL,_binary '\0','/product653',NULL,NULL,1296),(1263,'N',_binary '\0',NULL,NULL,_binary '\0',NULL,NULL,NULL,NULL,_binary '\0','/product654',NULL,NULL,1297),(1264,'N',_binary '\0',NULL,NULL,_binary '\0',NULL,NULL,NULL,NULL,_binary '\0','/product655',NULL,NULL,1298),(1265,'N',_binary '\0',NULL,NULL,_binary '\0',NULL,NULL,NULL,NULL,_binary '\0','/product656',NULL,NULL,1299),(1266,'N',_binary '\0',NULL,NULL,_binary '\0',NULL,NULL,NULL,NULL,_binary '\0','/product657',NULL,NULL,1300),(1267,'N',_binary '\0',NULL,NULL,_binary '\0',NULL,NULL,NULL,NULL,_binary '\0','/product658',NULL,NULL,1301),(1268,'N',_binary '\0',NULL,NULL,_binary '\0',NULL,NULL,NULL,NULL,_binary '\0','/product659',NULL,NULL,1302),(1269,'N',_binary '\0',NULL,NULL,_binary '\0',NULL,NULL,NULL,NULL,_binary '\0','/product660',NULL,NULL,1303),(1270,'N',_binary '\0',NULL,NULL,_binary '\0',NULL,NULL,NULL,NULL,_binary '\0','/product661',NULL,NULL,1304),(1271,'N',_binary '\0',NULL,NULL,_binary '\0',NULL,NULL,NULL,NULL,_binary '\0','/product662',NULL,NULL,1305),(1272,'N',_binary '\0',NULL,NULL,_binary '\0',NULL,NULL,NULL,NULL,_binary '\0','/product663',NULL,NULL,1306),(1273,'N',_binary '\0',NULL,NULL,_binary '\0',NULL,NULL,NULL,NULL,_binary '\0','/product664',NULL,NULL,1307),(1274,'N',_binary '\0',NULL,NULL,_binary '\0',NULL,NULL,NULL,NULL,_binary '\0','/product665',NULL,NULL,1308),(1275,'N',_binary '\0',NULL,NULL,_binary '\0',NULL,NULL,NULL,NULL,_binary '\0','/product666',NULL,NULL,1309),(1276,'N',_binary '\0',NULL,NULL,_binary '\0',NULL,NULL,NULL,NULL,_binary '\0','/product667',NULL,NULL,1310),(1277,'N',_binary '\0',NULL,NULL,_binary '\0',NULL,NULL,NULL,NULL,_binary '\0','/product668',NULL,NULL,1311),(1278,'N',_binary '\0',NULL,NULL,_binary '\0',NULL,NULL,NULL,NULL,_binary '\0','/product669',NULL,NULL,1312),(1279,'N',_binary '\0',NULL,NULL,_binary '\0',NULL,NULL,NULL,NULL,_binary '\0','/product670',NULL,NULL,1313),(1280,'N',_binary '\0',NULL,NULL,_binary '\0',NULL,NULL,NULL,NULL,_binary '\0','/product671',NULL,NULL,1314),(1281,'N',_binary '\0',NULL,NULL,_binary '\0',NULL,NULL,NULL,NULL,_binary '\0','/product672',NULL,NULL,1315),(1282,'N',_binary '\0',NULL,NULL,_binary '\0',NULL,NULL,NULL,NULL,_binary '\0','/product673',NULL,NULL,1316),(1283,'N',_binary '\0',NULL,NULL,_binary '\0',NULL,NULL,NULL,NULL,_binary '\0','/product674',NULL,NULL,1317),(1284,'N',_binary '\0',NULL,NULL,_binary '\0',NULL,NULL,NULL,NULL,_binary '\0','/product675',NULL,NULL,1318),(1285,'N',_binary '\0',NULL,NULL,_binary '\0',NULL,NULL,NULL,NULL,_binary '\0','/product676',NULL,NULL,1319),(1286,'N',_binary '\0',NULL,NULL,_binary '\0',NULL,NULL,NULL,NULL,_binary '\0','/product677',NULL,NULL,1320),(1287,'N',_binary '\0',NULL,NULL,_binary '\0',NULL,NULL,NULL,NULL,_binary '\0','/product678',NULL,NULL,1321),(1288,'N',_binary '\0',NULL,NULL,_binary '\0',NULL,NULL,NULL,NULL,_binary '\0','/product679',NULL,NULL,1322),(1289,'N',_binary '\0',NULL,NULL,_binary '\0',NULL,NULL,NULL,NULL,_binary '\0','/product680',NULL,NULL,1323),(1290,'N',_binary '\0',NULL,NULL,_binary '\0',NULL,NULL,NULL,NULL,_binary '\0','/product681',NULL,NULL,1324),(1291,'N',_binary '\0',NULL,NULL,_binary '\0',NULL,NULL,NULL,NULL,_binary '\0','/product682',NULL,NULL,1325),(1292,'N',_binary '\0',NULL,NULL,_binary '\0',NULL,NULL,NULL,NULL,_binary '\0','/product683',NULL,NULL,1326),(1293,'N',_binary '\0',NULL,NULL,_binary '\0',NULL,NULL,NULL,NULL,_binary '\0','/product684',NULL,NULL,1327),(1294,'N',_binary '\0',NULL,NULL,_binary '\0',NULL,NULL,NULL,NULL,_binary '\0','/product685',NULL,NULL,1328),(1295,'N',_binary '\0',NULL,NULL,_binary '\0',NULL,NULL,NULL,NULL,_binary '\0','/product686',NULL,NULL,1329),(1296,'N',_binary '\0',NULL,NULL,_binary '\0',NULL,NULL,NULL,NULL,_binary '\0','/product687',NULL,NULL,1330),(1297,'N',_binary '\0',NULL,NULL,_binary '\0',NULL,NULL,NULL,NULL,_binary '\0','/product688',NULL,NULL,1331),(1298,'N',_binary '\0',NULL,NULL,_binary '\0',NULL,NULL,NULL,NULL,_binary '\0','/product689',NULL,NULL,1332),(1299,'N',_binary '\0',NULL,NULL,_binary '\0',NULL,NULL,NULL,NULL,_binary '\0','/product690',NULL,NULL,1333),(1300,'N',_binary '\0',NULL,NULL,_binary '\0',NULL,NULL,NULL,NULL,_binary '\0','/product691',NULL,NULL,1334),(1301,'N',_binary '\0',NULL,NULL,_binary '\0',NULL,NULL,NULL,NULL,_binary '\0','/product692',NULL,NULL,1335),(1302,'N',_binary '\0',NULL,NULL,_binary '\0',NULL,NULL,NULL,NULL,_binary '\0','/product693',NULL,NULL,1336),(1303,'N',_binary '\0',NULL,NULL,_binary '\0',NULL,NULL,NULL,NULL,_binary '\0','/product694',NULL,NULL,1337),(1304,'N',_binary '\0',NULL,NULL,_binary '\0',NULL,NULL,NULL,NULL,_binary '\0','/product695',NULL,NULL,1338),(1305,'N',_binary '\0',NULL,NULL,_binary '\0',NULL,NULL,NULL,NULL,_binary '\0','/product696',NULL,NULL,1339),(1306,'N',_binary '\0',NULL,NULL,_binary '\0',NULL,NULL,NULL,NULL,_binary '\0','/product697',NULL,NULL,1340),(1307,'N',_binary '\0',NULL,NULL,_binary '\0',NULL,NULL,NULL,NULL,_binary '\0','/product698',NULL,NULL,1341),(1308,'N',_binary '\0',NULL,NULL,_binary '\0',NULL,NULL,NULL,NULL,_binary '\0','/product699',NULL,NULL,1342),(1309,'N',_binary '\0',NULL,NULL,_binary '\0',NULL,NULL,NULL,NULL,_binary '\0','/product700',NULL,NULL,1343),(1310,'N',_binary '\0',NULL,NULL,_binary '\0',NULL,NULL,NULL,NULL,_binary '\0','/product701',NULL,NULL,1344),(1311,'N',_binary '\0',NULL,NULL,_binary '\0',NULL,NULL,NULL,NULL,_binary '\0','/product702',NULL,NULL,1345),(1312,'N',_binary '\0',NULL,NULL,_binary '\0',NULL,NULL,NULL,NULL,_binary '\0','/product703',NULL,NULL,1346),(1313,'N',_binary '\0',NULL,NULL,_binary '\0',NULL,NULL,NULL,NULL,_binary '\0','/product704',NULL,NULL,1347),(1314,'N',_binary '\0',NULL,NULL,_binary '\0',NULL,NULL,NULL,NULL,_binary '\0','/product705',NULL,NULL,1348),(1315,'N',_binary '\0',NULL,NULL,_binary '\0',NULL,NULL,NULL,NULL,_binary '\0','/product706',NULL,NULL,1349),(1316,'N',_binary '\0',NULL,NULL,_binary '\0',NULL,NULL,NULL,NULL,_binary '\0','/product707',NULL,NULL,1350),(1317,'N',_binary '\0',NULL,NULL,_binary '\0',NULL,NULL,NULL,NULL,_binary '\0','/product708',NULL,NULL,1351),(1318,'N',_binary '\0',NULL,NULL,_binary '\0',NULL,NULL,NULL,NULL,_binary '\0','/product709',NULL,NULL,1352),(1319,'N',_binary '\0',NULL,NULL,_binary '\0',NULL,NULL,NULL,NULL,_binary '\0','/product710',NULL,NULL,1353),(1320,'N',_binary '\0',NULL,NULL,_binary '\0',NULL,NULL,NULL,NULL,_binary '\0','/product711',NULL,NULL,1354),(1321,'N',_binary '\0',NULL,NULL,_binary '\0',NULL,NULL,NULL,NULL,_binary '\0','/product712',NULL,NULL,1355),(1322,'N',_binary '\0',NULL,NULL,_binary '\0',NULL,NULL,NULL,NULL,_binary '\0','/product713',NULL,NULL,1356),(1323,'N',_binary '\0',NULL,NULL,_binary '\0',NULL,NULL,NULL,NULL,_binary '\0','/product714',NULL,NULL,1357),(1324,'N',_binary '\0',NULL,NULL,_binary '\0',NULL,NULL,NULL,NULL,_binary '\0','/product715',NULL,NULL,1358),(1325,'N',_binary '\0',NULL,NULL,_binary '\0',NULL,NULL,NULL,NULL,_binary '\0','/product716',NULL,NULL,1359),(1326,'N',_binary '\0',NULL,NULL,_binary '\0',NULL,NULL,NULL,NULL,_binary '\0','/product717',NULL,NULL,1360),(1327,'N',_binary '\0',NULL,NULL,_binary '\0',NULL,NULL,NULL,NULL,_binary '\0','/product718',NULL,NULL,1361),(1328,'N',_binary '\0',NULL,NULL,_binary '\0',NULL,NULL,NULL,NULL,_binary '\0','/product719',NULL,NULL,1362),(1329,'N',_binary '\0',NULL,NULL,_binary '\0',NULL,NULL,NULL,NULL,_binary '\0','/product720',NULL,NULL,1363),(1330,'N',_binary '\0',NULL,NULL,_binary '\0',NULL,NULL,NULL,NULL,_binary '\0','/product721',NULL,NULL,1364),(1331,'N',_binary '\0',NULL,NULL,_binary '\0',NULL,NULL,NULL,NULL,_binary '\0','/product722',NULL,NULL,1365),(1332,'N',_binary '\0',NULL,NULL,_binary '\0',NULL,NULL,NULL,NULL,_binary '\0','/product723',NULL,NULL,1366),(1333,'N',_binary '\0',NULL,NULL,_binary '\0',NULL,NULL,NULL,NULL,_binary '\0','/product724',NULL,NULL,1367),(1334,'N',_binary '\0',NULL,NULL,_binary '\0',NULL,NULL,NULL,NULL,_binary '\0','/product725',NULL,NULL,1368),(1335,'N',_binary '\0',NULL,NULL,_binary '\0',NULL,NULL,NULL,NULL,_binary '\0','/product726',NULL,NULL,1369),(1336,'N',_binary '\0',NULL,NULL,_binary '\0',NULL,NULL,NULL,NULL,_binary '\0','/product727',NULL,NULL,1370),(1337,'N',_binary '\0',NULL,NULL,_binary '\0',NULL,NULL,NULL,NULL,_binary '\0','/product728',NULL,NULL,1371),(1338,'N',_binary '\0',NULL,NULL,_binary '\0',NULL,NULL,NULL,NULL,_binary '\0','/product729',NULL,NULL,1372),(1339,'N',_binary '\0',NULL,NULL,_binary '\0',NULL,NULL,NULL,NULL,_binary '\0','/product730',NULL,NULL,1373),(1340,'N',_binary '\0',NULL,NULL,_binary '\0',NULL,NULL,NULL,NULL,_binary '\0','/product731',NULL,NULL,1374),(1341,'N',_binary '\0',NULL,NULL,_binary '\0',NULL,NULL,NULL,NULL,_binary '\0','/product732',NULL,NULL,1375),(1342,'N',_binary '\0',NULL,NULL,_binary '\0',NULL,NULL,NULL,NULL,_binary '\0','/product733',NULL,NULL,1376),(1343,'N',_binary '\0',NULL,NULL,_binary '\0',NULL,NULL,NULL,NULL,_binary '\0','/product734',NULL,NULL,1377),(1344,'N',_binary '\0',NULL,NULL,_binary '\0',NULL,NULL,NULL,NULL,_binary '\0','/product735',NULL,NULL,1378),(1345,'N',_binary '\0',NULL,NULL,_binary '\0',NULL,NULL,NULL,NULL,_binary '\0','/product736',NULL,NULL,1379),(1346,'N',_binary '\0',NULL,NULL,_binary '\0',NULL,NULL,NULL,NULL,_binary '\0','/product737',NULL,NULL,1380),(1347,'N',_binary '\0',NULL,NULL,_binary '\0',NULL,NULL,NULL,NULL,_binary '\0','/product738',NULL,NULL,1381),(1348,'N',_binary '\0',NULL,NULL,_binary '\0',NULL,NULL,NULL,NULL,_binary '\0','/product739',NULL,NULL,1382),(1349,'N',_binary '\0',NULL,NULL,_binary '\0',NULL,NULL,NULL,NULL,_binary '\0','/product740',NULL,NULL,1383),(1350,'N',_binary '\0',NULL,NULL,_binary '\0',NULL,NULL,NULL,NULL,_binary '\0','/product741',NULL,NULL,1384),(1351,'N',_binary '\0',NULL,NULL,_binary '\0',NULL,NULL,NULL,NULL,_binary '\0','/product742',NULL,NULL,1385),(1352,'N',_binary '\0',NULL,NULL,_binary '\0',NULL,NULL,NULL,NULL,_binary '\0','/product743',NULL,NULL,1386),(1353,'N',_binary '\0',NULL,NULL,_binary '\0',NULL,NULL,NULL,NULL,_binary '\0','/product744',NULL,NULL,1387),(1354,'N',_binary '\0',NULL,NULL,_binary '\0',NULL,NULL,NULL,NULL,_binary '\0','/product745',NULL,NULL,1388),(1355,'N',_binary '\0',NULL,NULL,_binary '\0',NULL,NULL,NULL,NULL,_binary '\0','/product746',NULL,NULL,1389),(1356,'N',_binary '\0',NULL,NULL,_binary '\0',NULL,NULL,NULL,NULL,_binary '\0','/product747',NULL,NULL,1390),(1357,'N',_binary '\0',NULL,NULL,_binary '\0',NULL,NULL,NULL,NULL,_binary '\0','/product748',NULL,NULL,1391),(1358,'N',_binary '\0',NULL,NULL,_binary '\0',NULL,NULL,NULL,NULL,_binary '\0','/product749',NULL,NULL,1392),(1359,'N',_binary '\0',NULL,NULL,_binary '\0',NULL,NULL,NULL,NULL,_binary '\0','/product750',NULL,NULL,1393),(1360,'N',_binary '\0',NULL,NULL,_binary '\0',NULL,NULL,NULL,NULL,_binary '\0','/product751',NULL,NULL,1394),(1361,'N',_binary '\0',NULL,NULL,_binary '\0',NULL,NULL,NULL,NULL,_binary '\0','/product752',NULL,NULL,1395),(1362,'N',_binary '\0',NULL,NULL,_binary '\0',NULL,NULL,NULL,NULL,_binary '\0','/product753',NULL,NULL,1396),(1363,'N',_binary '\0',NULL,NULL,_binary '\0',NULL,NULL,NULL,NULL,_binary '\0','/product754',NULL,NULL,1397),(1364,'N',_binary '\0',NULL,NULL,_binary '\0',NULL,NULL,NULL,NULL,_binary '\0','/product755',NULL,NULL,1398),(1365,'N',_binary '\0',NULL,NULL,_binary '\0',NULL,NULL,NULL,NULL,_binary '\0','/product756',NULL,NULL,1399),(1366,'N',_binary '\0',NULL,NULL,_binary '\0',NULL,NULL,NULL,NULL,_binary '\0','/product757',NULL,NULL,1400),(1367,'N',_binary '\0',NULL,NULL,_binary '\0',NULL,NULL,NULL,NULL,_binary '\0','/product758',NULL,NULL,1401),(1368,'N',_binary '\0',NULL,NULL,_binary '\0',NULL,NULL,NULL,NULL,_binary '\0','/product759',NULL,NULL,1402),(1369,'N',_binary '\0',NULL,NULL,_binary '\0',NULL,NULL,NULL,NULL,_binary '\0','/product760',NULL,NULL,1403),(1370,'N',_binary '\0',NULL,NULL,_binary '\0',NULL,NULL,NULL,NULL,_binary '\0','/product761',NULL,NULL,1404),(1371,'N',_binary '\0',NULL,NULL,_binary '\0',NULL,NULL,NULL,NULL,_binary '\0','/product762',NULL,NULL,1405),(1372,'N',_binary '\0',NULL,NULL,_binary '\0',NULL,NULL,NULL,NULL,_binary '\0','/product763',NULL,NULL,1406),(1373,'N',_binary '\0',NULL,NULL,_binary '\0',NULL,NULL,NULL,NULL,_binary '\0','/product764',NULL,NULL,1407),(1374,'N',_binary '\0',NULL,NULL,_binary '\0',NULL,NULL,NULL,NULL,_binary '\0','/product765',NULL,NULL,1408),(1375,'N',_binary '\0',NULL,NULL,_binary '\0',NULL,NULL,NULL,NULL,_binary '\0','/product766',NULL,NULL,1409),(1376,'N',_binary '\0',NULL,NULL,_binary '\0',NULL,NULL,NULL,NULL,_binary '\0','/product767',NULL,NULL,1410),(1377,'N',_binary '\0',NULL,NULL,_binary '\0',NULL,NULL,NULL,NULL,_binary '\0','/product768',NULL,NULL,1411),(1378,'N',_binary '\0',NULL,NULL,_binary '\0',NULL,NULL,NULL,NULL,_binary '\0','/product769',NULL,NULL,1412),(1379,'N',_binary '\0',NULL,NULL,_binary '\0',NULL,NULL,NULL,NULL,_binary '\0','/product770',NULL,NULL,1413),(1380,'N',_binary '\0',NULL,NULL,_binary '\0',NULL,NULL,NULL,NULL,_binary '\0','/product771',NULL,NULL,1414),(1381,'N',_binary '\0',NULL,NULL,_binary '\0',NULL,NULL,NULL,NULL,_binary '\0','/product772',NULL,NULL,1415),(1382,'N',_binary '\0',NULL,NULL,_binary '\0',NULL,NULL,NULL,NULL,_binary '\0','/product773',NULL,NULL,1416),(1383,'N',_binary '\0',NULL,NULL,_binary '\0',NULL,NULL,NULL,NULL,_binary '\0','/product774',NULL,NULL,1417),(1384,'N',_binary '\0',NULL,NULL,_binary '\0',NULL,NULL,NULL,NULL,_binary '\0','/product775',NULL,NULL,1418),(1385,'N',_binary '\0',NULL,NULL,_binary '\0',NULL,NULL,NULL,NULL,_binary '\0','/product776',NULL,NULL,1419),(1386,'N',_binary '\0',NULL,NULL,_binary '\0',NULL,NULL,NULL,NULL,_binary '\0','/product777',NULL,NULL,1420),(1387,'N',_binary '\0',NULL,NULL,_binary '\0',NULL,NULL,NULL,NULL,_binary '\0','/product778',NULL,NULL,1421),(1388,'N',_binary '\0',NULL,NULL,_binary '\0',NULL,NULL,NULL,NULL,_binary '\0','/product779',NULL,NULL,1422),(1389,'N',_binary '\0',NULL,NULL,_binary '\0',NULL,NULL,NULL,NULL,_binary '\0','/product780',NULL,NULL,1423),(1390,'N',_binary '\0',NULL,NULL,_binary '\0',NULL,NULL,NULL,NULL,_binary '\0','/product781',NULL,NULL,1424),(1391,'N',_binary '\0',NULL,NULL,_binary '\0',NULL,NULL,NULL,NULL,_binary '\0','/product782',NULL,NULL,1425),(1392,'N',_binary '\0',NULL,NULL,_binary '\0',NULL,NULL,NULL,NULL,_binary '\0','/product783',NULL,NULL,1426),(1393,'N',_binary '\0',NULL,NULL,_binary '\0',NULL,NULL,NULL,NULL,_binary '\0','/product784',NULL,NULL,1427),(1394,'N',_binary '\0',NULL,NULL,_binary '\0',NULL,NULL,NULL,NULL,_binary '\0','/product785',NULL,NULL,1428),(1395,'N',_binary '\0',NULL,NULL,_binary '\0',NULL,NULL,NULL,NULL,_binary '\0','/product786',NULL,NULL,1429),(1396,'N',_binary '\0',NULL,NULL,_binary '\0',NULL,NULL,NULL,NULL,_binary '\0','/product787',NULL,NULL,1430),(1397,'N',_binary '\0',NULL,NULL,_binary '\0',NULL,NULL,NULL,NULL,_binary '\0','/product788',NULL,NULL,1431),(1398,'N',_binary '\0',NULL,NULL,_binary '\0',NULL,NULL,NULL,NULL,_binary '\0','/product789',NULL,NULL,1432),(1399,'N',_binary '\0',NULL,NULL,_binary '\0',NULL,NULL,NULL,NULL,_binary '\0','/product790',NULL,NULL,1433),(1400,'N',_binary '\0',NULL,NULL,_binary '\0',NULL,NULL,NULL,NULL,_binary '\0','/product791',NULL,NULL,1434),(1401,'N',_binary '\0',NULL,NULL,_binary '\0',NULL,NULL,NULL,NULL,_binary '\0','/product792',NULL,NULL,1435),(1402,'N',_binary '\0',NULL,NULL,_binary '\0',NULL,NULL,NULL,NULL,_binary '\0','/product793',NULL,NULL,1436),(1403,'N',_binary '\0',NULL,NULL,_binary '\0',NULL,NULL,NULL,NULL,_binary '\0','/product794',NULL,NULL,1437),(1404,'N',_binary '\0',NULL,NULL,_binary '\0',NULL,NULL,NULL,NULL,_binary '\0','/product795',NULL,NULL,1438),(1405,'N',_binary '\0',NULL,NULL,_binary '\0',NULL,NULL,NULL,NULL,_binary '\0','/product796',NULL,NULL,1439),(1406,'N',_binary '\0',NULL,NULL,_binary '\0',NULL,NULL,NULL,NULL,_binary '\0','/product797',NULL,NULL,1440),(1407,'N',_binary '\0',NULL,NULL,_binary '\0',NULL,NULL,NULL,NULL,_binary '\0','/product798',NULL,NULL,1441),(1408,'N',_binary '\0',NULL,NULL,_binary '\0',NULL,NULL,NULL,NULL,_binary '\0','/product799',NULL,NULL,1442),(1409,'N',_binary '\0',NULL,NULL,_binary '\0',NULL,NULL,NULL,NULL,_binary '\0','/product800',NULL,NULL,1443),(1410,'N',_binary '\0',NULL,NULL,_binary '\0',NULL,NULL,NULL,NULL,_binary '\0','/product801',NULL,NULL,1444),(1411,'N',_binary '\0',NULL,NULL,_binary '\0',NULL,NULL,NULL,NULL,_binary '\0','/product802',NULL,NULL,1445),(1412,'N',_binary '\0',NULL,NULL,_binary '\0',NULL,NULL,NULL,NULL,_binary '\0','/product803',NULL,NULL,1446),(1413,'N',_binary '\0',NULL,NULL,_binary '\0',NULL,NULL,NULL,NULL,_binary '\0','/product804',NULL,NULL,1447),(1414,'N',_binary '\0',NULL,NULL,_binary '\0',NULL,NULL,NULL,NULL,_binary '\0','/product805',NULL,NULL,1448),(1415,'N',_binary '\0',NULL,NULL,_binary '\0',NULL,NULL,NULL,NULL,_binary '\0','/product806',NULL,NULL,1449),(1416,'N',_binary '\0',NULL,NULL,_binary '\0',NULL,NULL,NULL,NULL,_binary '\0','/product807',NULL,NULL,1450),(1417,'N',_binary '\0',NULL,NULL,_binary '\0',NULL,NULL,NULL,NULL,_binary '\0','/product808',NULL,NULL,1451),(1418,'N',_binary '\0',NULL,NULL,_binary '\0',NULL,NULL,NULL,NULL,_binary '\0','/product809',NULL,NULL,1452),(1419,'N',_binary '\0',NULL,NULL,_binary '\0',NULL,NULL,NULL,NULL,_binary '\0','/product810',NULL,NULL,1453),(1420,'N',_binary '\0',NULL,NULL,_binary '\0',NULL,NULL,NULL,NULL,_binary '\0','/product811',NULL,NULL,1454),(1421,'N',_binary '\0',NULL,NULL,_binary '\0',NULL,NULL,NULL,NULL,_binary '\0','/product812',NULL,NULL,1455),(1422,'N',_binary '\0',NULL,NULL,_binary '\0',NULL,NULL,NULL,NULL,_binary '\0','/product813',NULL,NULL,1456),(1423,'N',_binary '\0',NULL,NULL,_binary '\0',NULL,NULL,NULL,NULL,_binary '\0','/product814',NULL,NULL,1457),(1424,'N',_binary '\0',NULL,NULL,_binary '\0',NULL,NULL,NULL,NULL,_binary '\0','/product815',NULL,NULL,1458),(1425,'N',_binary '\0',NULL,NULL,_binary '\0',NULL,NULL,NULL,NULL,_binary '\0','/product816',NULL,NULL,1459),(1426,'N',_binary '\0',NULL,NULL,_binary '\0',NULL,NULL,NULL,NULL,_binary '\0','/product817',NULL,NULL,1460),(1427,'N',_binary '\0',NULL,NULL,_binary '\0',NULL,NULL,NULL,NULL,_binary '\0','/product818',NULL,NULL,1461),(1428,'N',_binary '\0',NULL,NULL,_binary '\0',NULL,NULL,NULL,NULL,_binary '\0','/product819',NULL,NULL,1462),(1429,'N',_binary '\0',NULL,NULL,_binary '\0',NULL,NULL,NULL,NULL,_binary '\0','/product820',NULL,NULL,1463),(1430,'N',_binary '\0',NULL,NULL,_binary '\0',NULL,NULL,NULL,NULL,_binary '\0','/product821',NULL,NULL,1464),(1431,'N',_binary '\0',NULL,NULL,_binary '\0',NULL,NULL,NULL,NULL,_binary '\0','/product822',NULL,NULL,1465),(1432,'N',_binary '\0',NULL,NULL,_binary '\0',NULL,NULL,NULL,NULL,_binary '\0','/product823',NULL,NULL,1466),(1433,'N',_binary '\0',NULL,NULL,_binary '\0',NULL,NULL,NULL,NULL,_binary '\0','/product824',NULL,NULL,1467),(1434,'N',_binary '\0',NULL,NULL,_binary '\0',NULL,NULL,NULL,NULL,_binary '\0','/product825',NULL,NULL,1468),(1435,'N',_binary '\0',NULL,NULL,_binary '\0',NULL,NULL,NULL,NULL,_binary '\0','/product826',NULL,NULL,1469),(1436,'N',_binary '\0',NULL,NULL,_binary '\0',NULL,NULL,NULL,NULL,_binary '\0','/product827',NULL,NULL,1470),(1437,'N',_binary '\0',NULL,NULL,_binary '\0',NULL,NULL,NULL,NULL,_binary '\0','/product828',NULL,NULL,1471),(1438,'N',_binary '\0',NULL,NULL,_binary '\0',NULL,NULL,NULL,NULL,_binary '\0','/product829',NULL,NULL,1472),(1439,'N',_binary '\0',NULL,NULL,_binary '\0',NULL,NULL,NULL,NULL,_binary '\0','/product830',NULL,NULL,1473),(1440,'N',_binary '\0',NULL,NULL,_binary '\0',NULL,NULL,NULL,NULL,_binary '\0','/product831',NULL,NULL,1474),(1441,'N',_binary '\0',NULL,NULL,_binary '\0',NULL,NULL,NULL,NULL,_binary '\0','/product832',NULL,NULL,1475),(1442,'N',_binary '\0',NULL,NULL,_binary '\0',NULL,NULL,NULL,NULL,_binary '\0','/product833',NULL,NULL,1476),(1443,'N',_binary '\0',NULL,NULL,_binary '\0',NULL,NULL,NULL,NULL,_binary '\0','/product834',NULL,NULL,1477),(1444,'N',_binary '\0',NULL,NULL,_binary '\0',NULL,NULL,NULL,NULL,_binary '\0','/product835',NULL,NULL,1478),(1445,'N',_binary '\0',NULL,NULL,_binary '\0',NULL,NULL,NULL,NULL,_binary '\0','/product836',NULL,NULL,1479),(1446,'N',_binary '\0',NULL,NULL,_binary '\0',NULL,NULL,NULL,NULL,_binary '\0','/product837',NULL,NULL,1480),(1447,'N',_binary '\0',NULL,NULL,_binary '\0',NULL,NULL,NULL,NULL,_binary '\0','/product838',NULL,NULL,1481),(1448,'N',_binary '\0',NULL,NULL,_binary '\0',NULL,NULL,NULL,NULL,_binary '\0','/product839',NULL,NULL,1482),(1449,'N',_binary '\0',NULL,NULL,_binary '\0',NULL,NULL,NULL,NULL,_binary '\0','/product840',NULL,NULL,1483),(1450,'N',_binary '\0',NULL,NULL,_binary '\0',NULL,NULL,NULL,NULL,_binary '\0','/product841',NULL,NULL,1484),(1451,'N',_binary '\0',NULL,NULL,_binary '\0',NULL,NULL,NULL,NULL,_binary '\0','/product842',NULL,NULL,1485),(1452,'N',_binary '\0',NULL,NULL,_binary '\0',NULL,NULL,NULL,NULL,_binary '\0','/product843',NULL,NULL,1486),(1453,'N',_binary '\0',NULL,NULL,_binary '\0',NULL,NULL,NULL,NULL,_binary '\0','/product844',NULL,NULL,1487),(1454,'N',_binary '\0',NULL,NULL,_binary '\0',NULL,NULL,NULL,NULL,_binary '\0','/product845',NULL,NULL,1488),(1455,'N',_binary '\0',NULL,NULL,_binary '\0',NULL,NULL,NULL,NULL,_binary '\0','/product846',NULL,NULL,1489),(1456,'N',_binary '\0',NULL,NULL,_binary '\0',NULL,NULL,NULL,NULL,_binary '\0','/product847',NULL,NULL,1490),(1457,'N',_binary '\0',NULL,NULL,_binary '\0',NULL,NULL,NULL,NULL,_binary '\0','/product848',NULL,NULL,1491),(1458,'N',_binary '\0',NULL,NULL,_binary '\0',NULL,NULL,NULL,NULL,_binary '\0','/product849',NULL,NULL,1492),(1459,'N',_binary '\0',NULL,NULL,_binary '\0',NULL,NULL,NULL,NULL,_binary '\0','/product850',NULL,NULL,1493),(1460,'N',_binary '\0',NULL,NULL,_binary '\0',NULL,NULL,NULL,NULL,_binary '\0','/product851',NULL,NULL,1494),(1461,'N',_binary '\0',NULL,NULL,_binary '\0',NULL,NULL,NULL,NULL,_binary '\0','/product852',NULL,NULL,1495),(1462,'N',_binary '\0',NULL,NULL,_binary '\0',NULL,NULL,NULL,NULL,_binary '\0','/product853',NULL,NULL,1496),(1463,'N',_binary '\0',NULL,NULL,_binary '\0',NULL,NULL,NULL,NULL,_binary '\0','/product854',NULL,NULL,1497),(1464,'N',_binary '\0',NULL,NULL,_binary '\0',NULL,NULL,NULL,NULL,_binary '\0','/product855',NULL,NULL,1498),(1465,'N',_binary '\0',NULL,NULL,_binary '\0',NULL,NULL,NULL,NULL,_binary '\0','/product856',NULL,NULL,1499),(1466,'N',_binary '\0',NULL,NULL,_binary '\0',NULL,NULL,NULL,NULL,_binary '\0','/product857',NULL,NULL,1500),(1467,'N',_binary '\0',NULL,NULL,_binary '\0',NULL,NULL,NULL,NULL,_binary '\0','/product858',NULL,NULL,1501),(1468,'N',_binary '\0',NULL,NULL,_binary '\0',NULL,NULL,NULL,NULL,_binary '\0','/product859',NULL,NULL,1502),(1469,'N',_binary '\0',NULL,NULL,_binary '\0',NULL,NULL,NULL,NULL,_binary '\0','/product860',NULL,NULL,1503),(1470,'N',_binary '\0',NULL,NULL,_binary '\0',NULL,NULL,NULL,NULL,_binary '\0','/product861',NULL,NULL,1504),(1471,'N',_binary '\0',NULL,NULL,_binary '\0',NULL,NULL,NULL,NULL,_binary '\0','/product862',NULL,NULL,1505),(1472,'N',_binary '\0',NULL,NULL,_binary '\0',NULL,NULL,NULL,NULL,_binary '\0','/product863',NULL,NULL,1506),(1473,'N',_binary '\0',NULL,NULL,_binary '\0',NULL,NULL,NULL,NULL,_binary '\0','/product864',NULL,NULL,1507),(1474,'N',_binary '\0',NULL,NULL,_binary '\0',NULL,NULL,NULL,NULL,_binary '\0','/product865',NULL,NULL,1508),(1475,'N',_binary '\0',NULL,NULL,_binary '\0',NULL,NULL,NULL,NULL,_binary '\0','/product866',NULL,NULL,1509),(1476,'N',_binary '\0',NULL,NULL,_binary '\0',NULL,NULL,NULL,NULL,_binary '\0','/product867',NULL,NULL,1510),(1477,'N',_binary '\0',NULL,NULL,_binary '\0',NULL,NULL,NULL,NULL,_binary '\0','/product868',NULL,NULL,1511),(1478,'N',_binary '\0',NULL,NULL,_binary '\0',NULL,NULL,NULL,NULL,_binary '\0','/product869',NULL,NULL,1512),(1479,'N',_binary '\0',NULL,NULL,_binary '\0',NULL,NULL,NULL,NULL,_binary '\0','/product870',NULL,NULL,1513),(1480,'N',_binary '\0',NULL,NULL,_binary '\0',NULL,NULL,NULL,NULL,_binary '\0','/product871',NULL,NULL,1514),(1481,'N',_binary '\0',NULL,NULL,_binary '\0',NULL,NULL,NULL,NULL,_binary '\0','/product872',NULL,NULL,1515),(1482,'N',_binary '\0',NULL,NULL,_binary '\0',NULL,NULL,NULL,NULL,_binary '\0','/product873',NULL,NULL,1516),(1483,'N',_binary '\0',NULL,NULL,_binary '\0',NULL,NULL,NULL,NULL,_binary '\0','/product874',NULL,NULL,1517),(1484,'N',_binary '\0',NULL,NULL,_binary '\0',NULL,NULL,NULL,NULL,_binary '\0','/product875',NULL,NULL,1518),(1485,'N',_binary '\0',NULL,NULL,_binary '\0',NULL,NULL,NULL,NULL,_binary '\0','/product876',NULL,NULL,1519),(1486,'N',_binary '\0',NULL,NULL,_binary '\0',NULL,NULL,NULL,NULL,_binary '\0','/product877',NULL,NULL,1520),(1487,'N',_binary '\0',NULL,NULL,_binary '\0',NULL,NULL,NULL,NULL,_binary '\0','/product878',NULL,NULL,1521),(1488,'N',_binary '\0',NULL,NULL,_binary '\0',NULL,NULL,NULL,NULL,_binary '\0','/product879',NULL,NULL,1522),(1489,'N',_binary '\0',NULL,NULL,_binary '\0',NULL,NULL,NULL,NULL,_binary '\0','/product880',NULL,NULL,1523),(1490,'N',_binary '\0',NULL,NULL,_binary '\0',NULL,NULL,NULL,NULL,_binary '\0','/product881',NULL,NULL,1524),(1491,'N',_binary '\0',NULL,NULL,_binary '\0',NULL,NULL,NULL,NULL,_binary '\0','/product882',NULL,NULL,1525),(1492,'N',_binary '\0',NULL,NULL,_binary '\0',NULL,NULL,NULL,NULL,_binary '\0','/product883',NULL,NULL,1526),(1493,'N',_binary '\0',NULL,NULL,_binary '\0',NULL,NULL,NULL,NULL,_binary '\0','/product884',NULL,NULL,1527),(1494,'N',_binary '\0',NULL,NULL,_binary '\0',NULL,NULL,NULL,NULL,_binary '\0','/product885',NULL,NULL,1528),(1495,'N',_binary '\0',NULL,NULL,_binary '\0',NULL,NULL,NULL,NULL,_binary '\0','/product886',NULL,NULL,1529),(1496,'N',_binary '\0',NULL,NULL,_binary '\0',NULL,NULL,NULL,NULL,_binary '\0','/product887',NULL,NULL,1530),(1497,'N',_binary '\0',NULL,NULL,_binary '\0',NULL,NULL,NULL,NULL,_binary '\0','/product888',NULL,NULL,1531),(1498,'N',_binary '\0',NULL,NULL,_binary '\0',NULL,NULL,NULL,NULL,_binary '\0','/product889',NULL,NULL,1532),(1499,'N',_binary '\0',NULL,NULL,_binary '\0',NULL,NULL,NULL,NULL,_binary '\0','/product890',NULL,NULL,1533),(1500,'N',_binary '\0',NULL,NULL,_binary '\0',NULL,NULL,NULL,NULL,_binary '\0','/product891',NULL,NULL,1534),(1501,'N',_binary '\0',NULL,NULL,_binary '\0',NULL,NULL,NULL,NULL,_binary '\0','/product892',NULL,NULL,1535),(1502,'N',_binary '\0',NULL,NULL,_binary '\0',NULL,NULL,NULL,NULL,_binary '\0','/product893',NULL,NULL,1536),(1503,'N',_binary '\0',NULL,NULL,_binary '\0',NULL,NULL,NULL,NULL,_binary '\0','/product894',NULL,NULL,1537),(1504,'N',_binary '\0',NULL,NULL,_binary '\0',NULL,NULL,NULL,NULL,_binary '\0','/product895',NULL,NULL,1538),(1505,'N',_binary '\0',NULL,NULL,_binary '\0',NULL,NULL,NULL,NULL,_binary '\0','/product896',NULL,NULL,1539),(1506,'N',_binary '\0',NULL,NULL,_binary '\0',NULL,NULL,NULL,NULL,_binary '\0','/product897',NULL,NULL,1540),(1507,'N',_binary '\0',NULL,NULL,_binary '\0',NULL,NULL,NULL,NULL,_binary '\0','/product898',NULL,NULL,1541),(1508,'N',_binary '\0',NULL,NULL,_binary '\0',NULL,NULL,NULL,NULL,_binary '\0','/product899',NULL,NULL,1542),(1509,'N',_binary '\0',NULL,NULL,_binary '\0',NULL,NULL,NULL,NULL,_binary '\0','/product900',NULL,NULL,1543),(1510,'N',_binary '\0',NULL,NULL,_binary '\0',NULL,NULL,NULL,NULL,_binary '\0','/product901',NULL,NULL,1544),(1511,'N',_binary '\0',NULL,NULL,_binary '\0',NULL,NULL,NULL,NULL,_binary '\0','/product902',NULL,NULL,1545),(1512,'N',_binary '\0',NULL,NULL,_binary '\0',NULL,NULL,NULL,NULL,_binary '\0','/product903',NULL,NULL,1546),(1513,'N',_binary '\0',NULL,NULL,_binary '\0',NULL,NULL,NULL,NULL,_binary '\0','/product904',NULL,NULL,1547),(1514,'N',_binary '\0',NULL,NULL,_binary '\0',NULL,NULL,NULL,NULL,_binary '\0','/product905',NULL,NULL,1548),(1515,'N',_binary '\0',NULL,NULL,_binary '\0',NULL,NULL,NULL,NULL,_binary '\0','/product906',NULL,NULL,1549),(1516,'N',_binary '\0',NULL,NULL,_binary '\0',NULL,NULL,NULL,NULL,_binary '\0','/product907',NULL,NULL,1550),(1517,'N',_binary '\0',NULL,NULL,_binary '\0',NULL,NULL,NULL,NULL,_binary '\0','/product908',NULL,NULL,1551),(1518,'N',_binary '\0',NULL,NULL,_binary '\0',NULL,NULL,NULL,NULL,_binary '\0','/product909',NULL,NULL,1552),(1519,'N',_binary '\0',NULL,NULL,_binary '\0',NULL,NULL,NULL,NULL,_binary '\0','/product910',NULL,NULL,1553),(1520,'N',_binary '\0',NULL,NULL,_binary '\0',NULL,NULL,NULL,NULL,_binary '\0','/product911',NULL,NULL,1554),(1521,'N',_binary '\0',NULL,NULL,_binary '\0',NULL,NULL,NULL,NULL,_binary '\0','/product912',NULL,NULL,1555),(1522,'N',_binary '\0',NULL,NULL,_binary '\0',NULL,NULL,NULL,NULL,_binary '\0','/product913',NULL,NULL,1556),(1523,'N',_binary '\0',NULL,NULL,_binary '\0',NULL,NULL,NULL,NULL,_binary '\0','/product914',NULL,NULL,1557),(1524,'N',_binary '\0',NULL,NULL,_binary '\0',NULL,NULL,NULL,NULL,_binary '\0','/product915',NULL,NULL,1558),(1525,'N',_binary '\0',NULL,NULL,_binary '\0',NULL,NULL,NULL,NULL,_binary '\0','/product916',NULL,NULL,1559),(1526,'N',_binary '\0',NULL,NULL,_binary '\0',NULL,NULL,NULL,NULL,_binary '\0','/product917',NULL,NULL,1560),(1527,'N',_binary '\0',NULL,NULL,_binary '\0',NULL,NULL,NULL,NULL,_binary '\0','/product918',NULL,NULL,1561),(1528,'N',_binary '\0',NULL,NULL,_binary '\0',NULL,NULL,NULL,NULL,_binary '\0','/product919',NULL,NULL,1562),(1529,'N',_binary '\0',NULL,NULL,_binary '\0',NULL,NULL,NULL,NULL,_binary '\0','/product920',NULL,NULL,1563),(1530,'N',_binary '\0',NULL,NULL,_binary '\0',NULL,NULL,NULL,NULL,_binary '\0','/product921',NULL,NULL,1564),(1531,'N',_binary '\0',NULL,NULL,_binary '\0',NULL,NULL,NULL,NULL,_binary '\0','/product922',NULL,NULL,1565),(1532,'N',_binary '\0',NULL,NULL,_binary '\0',NULL,NULL,NULL,NULL,_binary '\0','/product923',NULL,NULL,1566),(1533,'N',_binary '\0',NULL,NULL,_binary '\0',NULL,NULL,NULL,NULL,_binary '\0','/product924',NULL,NULL,1567),(1534,'N',_binary '\0',NULL,NULL,_binary '\0',NULL,NULL,NULL,NULL,_binary '\0','/product925',NULL,NULL,1568),(1535,'N',_binary '\0',NULL,NULL,_binary '\0',NULL,NULL,NULL,NULL,_binary '\0','/product926',NULL,NULL,1569),(1536,'N',_binary '\0',NULL,NULL,_binary '\0',NULL,NULL,NULL,NULL,_binary '\0','/product927',NULL,NULL,1570),(1537,'N',_binary '\0',NULL,NULL,_binary '\0',NULL,NULL,NULL,NULL,_binary '\0','/product928',NULL,NULL,1571),(1538,'N',_binary '\0',NULL,NULL,_binary '\0',NULL,NULL,NULL,NULL,_binary '\0','/product929',NULL,NULL,1572),(1539,'N',_binary '\0',NULL,NULL,_binary '\0',NULL,NULL,NULL,NULL,_binary '\0','/product930',NULL,NULL,1573),(1540,'N',_binary '\0',NULL,NULL,_binary '\0',NULL,NULL,NULL,NULL,_binary '\0','/product931',NULL,NULL,1574),(1541,'N',_binary '\0',NULL,NULL,_binary '\0',NULL,NULL,NULL,NULL,_binary '\0','/product932',NULL,NULL,1575),(1542,'N',_binary '\0',NULL,NULL,_binary '\0',NULL,NULL,NULL,NULL,_binary '\0','/product933',NULL,NULL,1576),(1543,'N',_binary '\0',NULL,NULL,_binary '\0',NULL,NULL,NULL,NULL,_binary '\0','/product934',NULL,NULL,1577),(1544,'N',_binary '\0',NULL,NULL,_binary '\0',NULL,NULL,NULL,NULL,_binary '\0','/product935',NULL,NULL,1578),(1545,'N',_binary '\0',NULL,NULL,_binary '\0',NULL,NULL,NULL,NULL,_binary '\0','/product936',NULL,NULL,1579),(1546,'N',_binary '\0',NULL,NULL,_binary '\0',NULL,NULL,NULL,NULL,_binary '\0','/product937',NULL,NULL,1580),(1547,'N',_binary '\0',NULL,NULL,_binary '\0',NULL,NULL,NULL,NULL,_binary '\0','/product938',NULL,NULL,1581),(1548,'N',_binary '\0',NULL,NULL,_binary '\0',NULL,NULL,NULL,NULL,_binary '\0','/product939',NULL,NULL,1582),(1549,'N',_binary '\0',NULL,NULL,_binary '\0',NULL,NULL,NULL,NULL,_binary '\0','/product940',NULL,NULL,1583),(1550,'N',_binary '\0',NULL,NULL,_binary '\0',NULL,NULL,NULL,NULL,_binary '\0','/product941',NULL,NULL,1584),(1551,'N',_binary '\0',NULL,NULL,_binary '\0',NULL,NULL,NULL,NULL,_binary '\0','/product942',NULL,NULL,1585),(1552,'N',_binary '\0',NULL,NULL,_binary '\0',NULL,NULL,NULL,NULL,_binary '\0','/product943',NULL,NULL,1586),(1553,'N',_binary '\0',NULL,NULL,_binary '\0',NULL,NULL,NULL,NULL,_binary '\0','/product944',NULL,NULL,1587),(1554,'N',_binary '\0',NULL,NULL,_binary '\0',NULL,NULL,NULL,NULL,_binary '\0','/product945',NULL,NULL,1588),(1555,'N',_binary '\0',NULL,NULL,_binary '\0',NULL,NULL,NULL,NULL,_binary '\0','/product946',NULL,NULL,1589),(1556,'N',_binary '\0',NULL,NULL,_binary '\0',NULL,NULL,NULL,NULL,_binary '\0','/product947',NULL,NULL,1590),(1557,'N',_binary '\0',NULL,NULL,_binary '\0',NULL,NULL,NULL,NULL,_binary '\0','/product948',NULL,NULL,1591),(1558,'N',_binary '\0',NULL,NULL,_binary '\0',NULL,NULL,NULL,NULL,_binary '\0','/product949',NULL,NULL,1592),(1559,'N',_binary '\0',NULL,NULL,_binary '\0',NULL,NULL,NULL,NULL,_binary '\0','/product950',NULL,NULL,1593),(1560,'N',_binary '\0',NULL,NULL,_binary '\0',NULL,NULL,NULL,NULL,_binary '\0','/product951',NULL,NULL,1594),(1561,'N',_binary '\0',NULL,NULL,_binary '\0',NULL,NULL,NULL,NULL,_binary '\0','/product952',NULL,NULL,1595),(1562,'N',_binary '\0',NULL,NULL,_binary '\0',NULL,NULL,NULL,NULL,_binary '\0','/product953',NULL,NULL,1596),(1563,'N',_binary '\0',NULL,NULL,_binary '\0',NULL,NULL,NULL,NULL,_binary '\0','/product954',NULL,NULL,1597),(1564,'N',_binary '\0',NULL,NULL,_binary '\0',NULL,NULL,NULL,NULL,_binary '\0','/product955',NULL,NULL,1598),(1565,'N',_binary '\0',NULL,NULL,_binary '\0',NULL,NULL,NULL,NULL,_binary '\0','/product956',NULL,NULL,1599),(1566,'N',_binary '\0',NULL,NULL,_binary '\0',NULL,NULL,NULL,NULL,_binary '\0','/product957',NULL,NULL,1600),(1567,'N',_binary '\0',NULL,NULL,_binary '\0',NULL,NULL,NULL,NULL,_binary '\0','/product958',NULL,NULL,1601),(1568,'N',_binary '\0',NULL,NULL,_binary '\0',NULL,NULL,NULL,NULL,_binary '\0','/product959',NULL,NULL,1602),(1569,'N',_binary '\0',NULL,NULL,_binary '\0',NULL,NULL,NULL,NULL,_binary '\0','/product960',NULL,NULL,1603),(1570,'N',_binary '\0',NULL,NULL,_binary '\0',NULL,NULL,NULL,NULL,_binary '\0','/product961',NULL,NULL,1604),(1571,'N',_binary '\0',NULL,NULL,_binary '\0',NULL,NULL,NULL,NULL,_binary '\0','/product962',NULL,NULL,1605),(1572,'N',_binary '\0',NULL,NULL,_binary '\0',NULL,NULL,NULL,NULL,_binary '\0','/product963',NULL,NULL,1606),(1573,'N',_binary '\0',NULL,NULL,_binary '\0',NULL,NULL,NULL,NULL,_binary '\0','/product964',NULL,NULL,1607),(1574,'N',_binary '\0',NULL,NULL,_binary '\0',NULL,NULL,NULL,NULL,_binary '\0','/product965',NULL,NULL,1608),(1575,'N',_binary '\0',NULL,NULL,_binary '\0',NULL,NULL,NULL,NULL,_binary '\0','/product966',NULL,NULL,1609),(1576,'N',_binary '\0',NULL,NULL,_binary '\0',NULL,NULL,NULL,NULL,_binary '\0','/product967',NULL,NULL,1610),(1577,'N',_binary '\0',NULL,NULL,_binary '\0',NULL,NULL,NULL,NULL,_binary '\0','/product968',NULL,NULL,1611),(1578,'N',_binary '\0',NULL,NULL,_binary '\0',NULL,NULL,NULL,NULL,_binary '\0','/product969',NULL,NULL,1612),(1579,'N',_binary '\0',NULL,NULL,_binary '\0',NULL,NULL,NULL,NULL,_binary '\0','/product970',NULL,NULL,1613),(1580,'N',_binary '\0',NULL,NULL,_binary '\0',NULL,NULL,NULL,NULL,_binary '\0','/product971',NULL,NULL,1614),(1581,'N',_binary '\0',NULL,NULL,_binary '\0',NULL,NULL,NULL,NULL,_binary '\0','/product972',NULL,NULL,1615),(1582,'N',_binary '\0',NULL,NULL,_binary '\0',NULL,NULL,NULL,NULL,_binary '\0','/product973',NULL,NULL,1616),(1583,'N',_binary '\0',NULL,NULL,_binary '\0',NULL,NULL,NULL,NULL,_binary '\0','/product974',NULL,NULL,1617),(1584,'N',_binary '\0',NULL,NULL,_binary '\0',NULL,NULL,NULL,NULL,_binary '\0','/product975',NULL,NULL,1618),(1585,'N',_binary '\0',NULL,NULL,_binary '\0',NULL,NULL,NULL,NULL,_binary '\0','/product976',NULL,NULL,1619),(1586,'N',_binary '\0',NULL,NULL,_binary '\0',NULL,NULL,NULL,NULL,_binary '\0','/product977',NULL,NULL,1620),(1587,'N',_binary '\0',NULL,NULL,_binary '\0',NULL,NULL,NULL,NULL,_binary '\0','/product978',NULL,NULL,1621),(1588,'N',_binary '\0',NULL,NULL,_binary '\0',NULL,NULL,NULL,NULL,_binary '\0','/product979',NULL,NULL,1622),(1589,'N',_binary '\0',NULL,NULL,_binary '\0',NULL,NULL,NULL,NULL,_binary '\0','/product980',NULL,NULL,1623),(1590,'N',_binary '\0',NULL,NULL,_binary '\0',NULL,NULL,NULL,NULL,_binary '\0','/product981',NULL,NULL,1624),(1591,'N',_binary '\0',NULL,NULL,_binary '\0',NULL,NULL,NULL,NULL,_binary '\0','/product982',NULL,NULL,1625),(1592,'N',_binary '\0',NULL,NULL,_binary '\0',NULL,NULL,NULL,NULL,_binary '\0','/product983',NULL,NULL,1626),(1593,'N',_binary '\0',NULL,NULL,_binary '\0',NULL,NULL,NULL,NULL,_binary '\0','/product984',NULL,NULL,1627),(1594,'N',_binary '\0',NULL,NULL,_binary '\0',NULL,NULL,NULL,NULL,_binary '\0','/product985',NULL,NULL,1628),(1595,'N',_binary '\0',NULL,NULL,_binary '\0',NULL,NULL,NULL,NULL,_binary '\0','/product986',NULL,NULL,1629),(1596,'N',_binary '\0',NULL,NULL,_binary '\0',NULL,NULL,NULL,NULL,_binary '\0','/product987',NULL,NULL,1630),(1597,'N',_binary '\0',NULL,NULL,_binary '\0',NULL,NULL,NULL,NULL,_binary '\0','/product988',NULL,NULL,1631),(1598,'N',_binary '\0',NULL,NULL,_binary '\0',NULL,NULL,NULL,NULL,_binary '\0','/product989',NULL,NULL,1632),(1599,'N',_binary '\0',NULL,NULL,_binary '\0',NULL,NULL,NULL,NULL,_binary '\0','/product990',NULL,NULL,1633),(1600,'N',_binary '\0',NULL,NULL,_binary '\0',NULL,NULL,NULL,NULL,_binary '\0','/product991',NULL,NULL,1634),(1601,'N',_binary '\0',NULL,NULL,_binary '\0',NULL,NULL,NULL,NULL,_binary '\0','/product992',NULL,NULL,1635),(1602,'N',_binary '\0',NULL,NULL,_binary '\0',NULL,NULL,NULL,NULL,_binary '\0','/product993',NULL,NULL,1636),(1603,'N',_binary '\0',NULL,NULL,_binary '\0',NULL,NULL,NULL,NULL,_binary '\0','/product994',NULL,NULL,1637),(1604,'N',_binary '\0',NULL,NULL,_binary '\0',NULL,NULL,NULL,NULL,_binary '\0','/product995',NULL,NULL,1638),(1605,'N',_binary '\0',NULL,NULL,_binary '\0',NULL,NULL,NULL,NULL,_binary '\0','/product996',NULL,NULL,1639),(1606,'N',_binary '\0',NULL,NULL,_binary '\0',NULL,NULL,NULL,NULL,_binary '\0','/product997',NULL,NULL,1640),(1607,'N',_binary '\0',NULL,NULL,_binary '\0',NULL,NULL,NULL,NULL,_binary '\0','/product998',NULL,NULL,1641),(1608,'N',_binary '\0',NULL,NULL,_binary '\0',NULL,NULL,NULL,NULL,_binary '\0','/product999',NULL,NULL,1642),(1609,'N',_binary '\0',NULL,NULL,_binary '\0',NULL,NULL,NULL,NULL,_binary '\0','/product1000',NULL,NULL,1643),(1610,'N',_binary '\0',NULL,NULL,_binary '\0',NULL,NULL,NULL,NULL,_binary '\0','/product1001',NULL,NULL,1644),(1611,'N',_binary '\0',NULL,NULL,_binary '\0',NULL,NULL,NULL,NULL,_binary '\0','/product1002',NULL,NULL,1645),(1612,'N',_binary '\0',NULL,NULL,_binary '\0',NULL,NULL,NULL,NULL,_binary '\0','/product1003',NULL,NULL,1646),(1613,'N',_binary '\0',NULL,NULL,_binary '\0',NULL,NULL,NULL,NULL,_binary '\0','/product1004',NULL,NULL,1647),(1614,'N',_binary '\0',NULL,NULL,_binary '\0',NULL,NULL,NULL,NULL,_binary '\0','/product1005',NULL,NULL,1648),(1615,'N',_binary '\0',NULL,NULL,_binary '\0',NULL,NULL,NULL,NULL,_binary '\0','/product1006',NULL,NULL,1649),(1616,'N',_binary '\0',NULL,NULL,_binary '\0',NULL,NULL,NULL,NULL,_binary '\0','/product1007',NULL,NULL,1650),(1617,'N',_binary '\0',NULL,NULL,_binary '\0',NULL,NULL,NULL,NULL,_binary '\0','/product1008',NULL,NULL,1651),(1618,'N',_binary '\0',NULL,NULL,_binary '\0',NULL,NULL,NULL,NULL,_binary '\0','/product1009',NULL,NULL,1652),(1619,'N',_binary '\0',NULL,NULL,_binary '\0',NULL,NULL,NULL,NULL,_binary '\0','/product1010',NULL,NULL,1653),(1620,'N',_binary '\0',NULL,NULL,_binary '\0',NULL,NULL,NULL,NULL,_binary '\0','/product1011',NULL,NULL,1654),(1621,'N',_binary '\0',NULL,NULL,_binary '\0',NULL,NULL,NULL,NULL,_binary '\0','/product1012',NULL,NULL,1655),(1622,'N',_binary '\0',NULL,NULL,_binary '\0',NULL,NULL,NULL,NULL,_binary '\0','/product1013',NULL,NULL,1656),(1623,'N',_binary '\0',NULL,NULL,_binary '\0',NULL,NULL,NULL,NULL,_binary '\0','/product1014',NULL,NULL,1657),(1624,'N',_binary '\0',NULL,NULL,_binary '\0',NULL,NULL,NULL,NULL,_binary '\0','/product1015',NULL,NULL,1658),(1625,'N',_binary '\0',NULL,NULL,_binary '\0',NULL,NULL,NULL,NULL,_binary '\0','/product1016',NULL,NULL,1659),(1626,'N',_binary '\0',NULL,NULL,_binary '\0',NULL,NULL,NULL,NULL,_binary '\0','/product1017',NULL,NULL,1660),(1627,'N',_binary '\0',NULL,NULL,_binary '\0',NULL,NULL,NULL,NULL,_binary '\0','/product1018',NULL,NULL,1661),(1628,'N',_binary '\0',NULL,NULL,_binary '\0',NULL,NULL,NULL,NULL,_binary '\0','/product1019',NULL,NULL,1662),(1629,'N',_binary '\0',NULL,NULL,_binary '\0',NULL,NULL,NULL,NULL,_binary '\0','/product1020',NULL,NULL,1663),(1630,'N',_binary '\0',NULL,NULL,_binary '\0',NULL,NULL,NULL,NULL,_binary '\0','/product1021',NULL,NULL,1664),(1631,'N',_binary '\0',NULL,NULL,_binary '\0',NULL,NULL,NULL,NULL,_binary '\0','/product1022',NULL,NULL,1665),(1632,'N',_binary '\0',NULL,NULL,_binary '\0',NULL,NULL,NULL,NULL,_binary '\0','/product1023',NULL,NULL,1666),(1633,'N',_binary '\0',NULL,NULL,_binary '\0',NULL,NULL,NULL,NULL,_binary '\0','/product1024',NULL,NULL,1667);
/*!40000 ALTER TABLE `BLC_PRODUCT` ENABLE KEYS */;
UNLOCK TABLES;

--
-- Table structure for table `BLC_PRODUCT_ATTRIBUTE`
--

DROP TABLE IF EXISTS `BLC_PRODUCT_ATTRIBUTE`;
/*!40101 SET @saved_cs_client     = @@character_set_client */;
/*!40101 SET character_set_client = utf8 */;
CREATE TABLE `BLC_PRODUCT_ATTRIBUTE` (
  `PRODUCT_ATTRIBUTE_ID` bigint(20) NOT NULL,
  `NAME` varchar(255) NOT NULL,
  `VALUE` varchar(255) DEFAULT NULL,
  `PRODUCT_ID` bigint(20) NOT NULL,
  PRIMARY KEY (`PRODUCT_ATTRIBUTE_ID`),
  KEY `PRODUCTATTRIBUTE_NAME_INDEX` (`NAME`),
  KEY `PRODUCTATTRIBUTE_INDEX` (`PRODUCT_ID`),
  CONSTRAINT `FK5rahmy0l6hsgbvgb37ojlkx09` FOREIGN KEY (`PRODUCT_ID`) REFERENCES `BLC_PRODUCT` (`PRODUCT_ID`)
) ENGINE=InnoDB DEFAULT CHARSET=latin1;
/*!40101 SET character_set_client = @saved_cs_client */;

--
-- Dumping data for table `BLC_PRODUCT_ATTRIBUTE`
--

LOCK TABLES `BLC_PRODUCT_ATTRIBUTE` WRITE;
/*!40000 ALTER TABLE `BLC_PRODUCT_ATTRIBUTE` DISABLE KEYS */;
INSERT INTO `BLC_PRODUCT_ATTRIBUTE` VALUES (1,'heatRange','4',1),(2,'heatRange','1',2),(3,'heatRange','2',3),(4,'heatRange','2',4),(5,'heatRange','4',5),(6,'heatRange','4',6),(7,'heatRange','3',7),(8,'heatRange','4',8),(9,'heatRange','5',9),(10,'heatRange','5',10),(11,'heatRange','2',11),(12,'heatRange','1',12),(13,'heatRange','2',13),(14,'heatRange','2',14),(15,'heatRange','1',15),(16,'heatRange','3',16),(17,'heatRange','5',17),(18,'heatRange','3',18),(19,'heatRange','1',19);
/*!40000 ALTER TABLE `BLC_PRODUCT_ATTRIBUTE` ENABLE KEYS */;
UNLOCK TABLES;

--
-- Table structure for table `BLC_PRODUCT_BUNDLE`
--

DROP TABLE IF EXISTS `BLC_PRODUCT_BUNDLE`;
/*!40101 SET @saved_cs_client     = @@character_set_client */;
/*!40101 SET character_set_client = utf8 */;
CREATE TABLE `BLC_PRODUCT_BUNDLE` (
  `AUTO_BUNDLE` bit(1) DEFAULT NULL,
  `BUNDLE_PROMOTABLE` bit(1) DEFAULT NULL,
  `ITEMS_PROMOTABLE` bit(1) DEFAULT NULL,
  `PRICING_MODEL` varchar(255) DEFAULT NULL,
  `BUNDLE_PRIORITY` int(11) DEFAULT NULL,
  `PRODUCT_ID` bigint(20) NOT NULL,
  PRIMARY KEY (`PRODUCT_ID`),
  CONSTRAINT `FK2hern8ie7vx4k6cawbryglb9g` FOREIGN KEY (`PRODUCT_ID`) REFERENCES `BLC_PRODUCT` (`PRODUCT_ID`)
) ENGINE=InnoDB DEFAULT CHARSET=latin1;
/*!40101 SET character_set_client = @saved_cs_client */;

--
-- Dumping data for table `BLC_PRODUCT_BUNDLE`
--

LOCK TABLES `BLC_PRODUCT_BUNDLE` WRITE;
/*!40000 ALTER TABLE `BLC_PRODUCT_BUNDLE` DISABLE KEYS */;
/*!40000 ALTER TABLE `BLC_PRODUCT_BUNDLE` ENABLE KEYS */;
UNLOCK TABLES;

--
-- Table structure for table `BLC_PRODUCT_CROSS_SALE`
--

DROP TABLE IF EXISTS `BLC_PRODUCT_CROSS_SALE`;
/*!40101 SET @saved_cs_client     = @@character_set_client */;
/*!40101 SET character_set_client = utf8 */;
CREATE TABLE `BLC_PRODUCT_CROSS_SALE` (
  `CROSS_SALE_PRODUCT_ID` bigint(20) NOT NULL,
  `PROMOTION_MESSAGE` varchar(255) DEFAULT NULL,
  `SEQUENCE` decimal(10,6) DEFAULT NULL,
  `CATEGORY_ID` bigint(20) DEFAULT NULL,
  `PRODUCT_ID` bigint(20) DEFAULT NULL,
  `RELATED_SALE_PRODUCT_ID` bigint(20) NOT NULL,
  PRIMARY KEY (`CROSS_SALE_PRODUCT_ID`),
  KEY `CROSSSALE_CATEGORY_INDEX` (`CATEGORY_ID`),
  KEY `CROSSSALE_INDEX` (`PRODUCT_ID`),
  KEY `CROSSSALE_RELATED_INDEX` (`RELATED_SALE_PRODUCT_ID`),
  CONSTRAINT `FKak6hk19vp8ioy27lrt7x9be7w` FOREIGN KEY (`CATEGORY_ID`) REFERENCES `BLC_CATEGORY` (`CATEGORY_ID`),
  CONSTRAINT `FKeq0i4yj6td2qxh0tnekeomrxk` FOREIGN KEY (`PRODUCT_ID`) REFERENCES `BLC_PRODUCT` (`PRODUCT_ID`),
  CONSTRAINT `FKovg4s9i9ejesgcygfpyjq7eqa` FOREIGN KEY (`RELATED_SALE_PRODUCT_ID`) REFERENCES `BLC_PRODUCT` (`PRODUCT_ID`)
) ENGINE=InnoDB DEFAULT CHARSET=latin1;
/*!40101 SET character_set_client = @saved_cs_client */;

--
-- Dumping data for table `BLC_PRODUCT_CROSS_SALE`
--

LOCK TABLES `BLC_PRODUCT_CROSS_SALE` WRITE;
/*!40000 ALTER TABLE `BLC_PRODUCT_CROSS_SALE` DISABLE KEYS */;
/*!40000 ALTER TABLE `BLC_PRODUCT_CROSS_SALE` ENABLE KEYS */;
UNLOCK TABLES;

--
-- Table structure for table `BLC_PRODUCT_FEATURED`
--

DROP TABLE IF EXISTS `BLC_PRODUCT_FEATURED`;
/*!40101 SET @saved_cs_client     = @@character_set_client */;
/*!40101 SET character_set_client = utf8 */;
CREATE TABLE `BLC_PRODUCT_FEATURED` (
  `FEATURED_PRODUCT_ID` bigint(20) NOT NULL,
  `PROMOTION_MESSAGE` varchar(255) DEFAULT NULL,
  `SEQUENCE` decimal(10,6) DEFAULT NULL,
  `CATEGORY_ID` bigint(20) DEFAULT NULL,
  `PRODUCT_ID` bigint(20) DEFAULT NULL,
  PRIMARY KEY (`FEATURED_PRODUCT_ID`),
  KEY `PRODFEATURED_CATEGORY_INDEX` (`CATEGORY_ID`),
  KEY `PRODFEATURED_PRODUCT_INDEX` (`PRODUCT_ID`),
  CONSTRAINT `FK83xhh0734p8wo8w64di8qwd9o` FOREIGN KEY (`CATEGORY_ID`) REFERENCES `BLC_CATEGORY` (`CATEGORY_ID`),
  CONSTRAINT `FKr4v6adrqqmd1qe09i6mb8fj8p` FOREIGN KEY (`PRODUCT_ID`) REFERENCES `BLC_PRODUCT` (`PRODUCT_ID`)
) ENGINE=InnoDB DEFAULT CHARSET=latin1;
/*!40101 SET character_set_client = @saved_cs_client */;

--
-- Dumping data for table `BLC_PRODUCT_FEATURED`
--

LOCK TABLES `BLC_PRODUCT_FEATURED` WRITE;
/*!40000 ALTER TABLE `BLC_PRODUCT_FEATURED` DISABLE KEYS */;
INSERT INTO `BLC_PRODUCT_FEATURED` VALUES (1,NULL,1.000000,2001,18),(2,NULL,2.000000,2001,15),(3,NULL,3.000000,2001,200),(4,NULL,4.000000,2001,100),(5,NULL,1.000000,2003,500),(8,NULL,1.000000,2002,4),(9,NULL,2.000000,2002,5),(10,NULL,3.000000,2002,3),(11,NULL,4.000000,2002,12);
/*!40000 ALTER TABLE `BLC_PRODUCT_FEATURED` ENABLE KEYS */;
UNLOCK TABLES;

--
-- Table structure for table `BLC_PRODUCT_OPTION`
--

DROP TABLE IF EXISTS `BLC_PRODUCT_OPTION`;
/*!40101 SET @saved_cs_client     = @@character_set_client */;
/*!40101 SET character_set_client = utf8 */;
CREATE TABLE `BLC_PRODUCT_OPTION` (
  `PRODUCT_OPTION_ID` bigint(20) NOT NULL,
  `ATTRIBUTE_NAME` varchar(255) DEFAULT NULL,
  `DISPLAY_ORDER` int(11) DEFAULT NULL,
  `ERROR_CODE` varchar(255) DEFAULT NULL,
  `ERROR_MESSAGE` varchar(255) DEFAULT NULL,
  `LABEL` varchar(255) DEFAULT NULL,
  `NAME` varchar(255) DEFAULT NULL,
  `VALIDATION_STRATEGY_TYPE` varchar(255) DEFAULT NULL,
  `VALIDATION_TYPE` varchar(255) DEFAULT NULL,
  `REQUIRED` bit(1) DEFAULT NULL,
  `OPTION_TYPE` varchar(255) DEFAULT NULL,
  `USE_IN_SKU_GENERATION` bit(1) DEFAULT NULL,
  `VALIDATION_STRING` varchar(255) DEFAULT NULL,
  PRIMARY KEY (`PRODUCT_OPTION_ID`),
  KEY `PRODUCT_OPTION_NAME_INDEX` (`NAME`)
) ENGINE=InnoDB DEFAULT CHARSET=latin1;
/*!40101 SET character_set_client = @saved_cs_client */;

--
-- Dumping data for table `BLC_PRODUCT_OPTION`
--

LOCK TABLES `BLC_PRODUCT_OPTION` WRITE;
/*!40000 ALTER TABLE `BLC_PRODUCT_OPTION` DISABLE KEYS */;
INSERT INTO `BLC_PRODUCT_OPTION` VALUES (1,'COLOR',NULL,NULL,NULL,'Shirt Color','Shirt Color','NONE',NULL,_binary '','COLOR',NULL,NULL),(2,'SIZE',NULL,NULL,NULL,'Shirt Size','Shirt Size','NONE',NULL,_binary '','SIZE',NULL,NULL),(3,'NAME',NULL,'INVALID_NAME','Name must be less than 30 characters, with only letters and spaces','Personalized Name','Personalized Name','SUBMIT_ORDER','REGEX',_binary '\0','TEXT',_binary '\0','[a-zA-Z ]{0,30}');
/*!40000 ALTER TABLE `BLC_PRODUCT_OPTION` ENABLE KEYS */;
UNLOCK TABLES;

--
-- Table structure for table `BLC_PRODUCT_OPTION_VALUE`
--

DROP TABLE IF EXISTS `BLC_PRODUCT_OPTION_VALUE`;
/*!40101 SET @saved_cs_client     = @@character_set_client */;
/*!40101 SET character_set_client = utf8 */;
CREATE TABLE `BLC_PRODUCT_OPTION_VALUE` (
  `PRODUCT_OPTION_VALUE_ID` bigint(20) NOT NULL,
  `ATTRIBUTE_VALUE` varchar(255) DEFAULT NULL,
  `DISPLAY_ORDER` bigint(20) DEFAULT NULL,
  `PRICE_ADJUSTMENT` decimal(19,5) DEFAULT NULL,
  `PRODUCT_OPTION_ID` bigint(20) DEFAULT NULL,
  PRIMARY KEY (`PRODUCT_OPTION_VALUE_ID`),
  KEY `FK9ixc1gbymkin77d6krmc3mub7` (`PRODUCT_OPTION_ID`),
  CONSTRAINT `FK9ixc1gbymkin77d6krmc3mub7` FOREIGN KEY (`PRODUCT_OPTION_ID`) REFERENCES `BLC_PRODUCT_OPTION` (`PRODUCT_OPTION_ID`)
) ENGINE=InnoDB DEFAULT CHARSET=latin1;
/*!40101 SET character_set_client = @saved_cs_client */;

--
-- Dumping data for table `BLC_PRODUCT_OPTION_VALUE`
--

LOCK TABLES `BLC_PRODUCT_OPTION_VALUE` WRITE;
/*!40000 ALTER TABLE `BLC_PRODUCT_OPTION_VALUE` DISABLE KEYS */;
INSERT INTO `BLC_PRODUCT_OPTION_VALUE` VALUES (1,'Black',1,NULL,1),(2,'Red',2,NULL,1),(3,'Silver',3,NULL,1),(11,'S',1,NULL,2),(12,'M',2,NULL,2),(13,'L',3,NULL,2),(14,'XL',4,NULL,2);
/*!40000 ALTER TABLE `BLC_PRODUCT_OPTION_VALUE` ENABLE KEYS */;
UNLOCK TABLES;

--
-- Table structure for table `BLC_PRODUCT_OPTION_XREF`
--

DROP TABLE IF EXISTS `BLC_PRODUCT_OPTION_XREF`;
/*!40101 SET @saved_cs_client     = @@character_set_client */;
/*!40101 SET character_set_client = utf8 */;
CREATE TABLE `BLC_PRODUCT_OPTION_XREF` (
  `PRODUCT_OPTION_XREF_ID` bigint(20) NOT NULL,
  `PRODUCT_ID` bigint(20) NOT NULL,
  `PRODUCT_OPTION_ID` bigint(20) NOT NULL,
  PRIMARY KEY (`PRODUCT_OPTION_XREF_ID`),
  KEY `FKhqikdn2uw75plhcwn4cmjtt4m` (`PRODUCT_ID`),
  KEY `FKswm8iotfkm6a9iyj6ru3rmpv8` (`PRODUCT_OPTION_ID`),
  CONSTRAINT `FKhqikdn2uw75plhcwn4cmjtt4m` FOREIGN KEY (`PRODUCT_ID`) REFERENCES `BLC_PRODUCT` (`PRODUCT_ID`),
  CONSTRAINT `FKswm8iotfkm6a9iyj6ru3rmpv8` FOREIGN KEY (`PRODUCT_OPTION_ID`) REFERENCES `BLC_PRODUCT_OPTION` (`PRODUCT_OPTION_ID`)
) ENGINE=InnoDB DEFAULT CHARSET=latin1;
/*!40101 SET character_set_client = @saved_cs_client */;

--
-- Dumping data for table `BLC_PRODUCT_OPTION_XREF`
--

LOCK TABLES `BLC_PRODUCT_OPTION_XREF` WRITE;
/*!40000 ALTER TABLE `BLC_PRODUCT_OPTION_XREF` DISABLE KEYS */;
INSERT INTO `BLC_PRODUCT_OPTION_XREF` VALUES (1,100,1),(2,200,1),(3,300,1),(4,400,1),(5,500,1),(6,600,1),(7,100,2),(8,200,2),(9,300,2),(10,400,2),(11,500,2),(12,600,2),(13,100,3);
/*!40000 ALTER TABLE `BLC_PRODUCT_OPTION_XREF` ENABLE KEYS */;
UNLOCK TABLES;

--
-- Table structure for table `BLC_PRODUCT_UP_SALE`
--

DROP TABLE IF EXISTS `BLC_PRODUCT_UP_SALE`;
/*!40101 SET @saved_cs_client     = @@character_set_client */;
/*!40101 SET character_set_client = utf8 */;
CREATE TABLE `BLC_PRODUCT_UP_SALE` (
  `UP_SALE_PRODUCT_ID` bigint(20) NOT NULL,
  `PROMOTION_MESSAGE` varchar(255) DEFAULT NULL,
  `SEQUENCE` decimal(10,6) DEFAULT NULL,
  `CATEGORY_ID` bigint(20) DEFAULT NULL,
  `PRODUCT_ID` bigint(20) DEFAULT NULL,
  `RELATED_SALE_PRODUCT_ID` bigint(20) DEFAULT NULL,
  PRIMARY KEY (`UP_SALE_PRODUCT_ID`),
  KEY `UPSALE_CATEGORY_INDEX` (`CATEGORY_ID`),
  KEY `UPSALE_PRODUCT_INDEX` (`PRODUCT_ID`),
  KEY `UPSALE_RELATED_INDEX` (`RELATED_SALE_PRODUCT_ID`),
  CONSTRAINT `FKgefhcqet8553xhh9bdjb1jbjo` FOREIGN KEY (`PRODUCT_ID`) REFERENCES `BLC_PRODUCT` (`PRODUCT_ID`),
  CONSTRAINT `FKkcx4cl73kctdinewei1fk2vvl` FOREIGN KEY (`CATEGORY_ID`) REFERENCES `BLC_CATEGORY` (`CATEGORY_ID`),
  CONSTRAINT `FKm1r8s9j593gpcgluy5uyfa862` FOREIGN KEY (`RELATED_SALE_PRODUCT_ID`) REFERENCES `BLC_PRODUCT` (`PRODUCT_ID`)
) ENGINE=InnoDB DEFAULT CHARSET=latin1;
/*!40101 SET character_set_client = @saved_cs_client */;

--
-- Dumping data for table `BLC_PRODUCT_UP_SALE`
--

LOCK TABLES `BLC_PRODUCT_UP_SALE` WRITE;
/*!40000 ALTER TABLE `BLC_PRODUCT_UP_SALE` DISABLE KEYS */;
/*!40000 ALTER TABLE `BLC_PRODUCT_UP_SALE` ENABLE KEYS */;
UNLOCK TABLES;

--
-- Table structure for table `BLC_PROMOTION_MESSAGE`
--

DROP TABLE IF EXISTS `BLC_PROMOTION_MESSAGE`;
/*!40101 SET @saved_cs_client     = @@character_set_client */;
/*!40101 SET character_set_client = utf8 */;
CREATE TABLE `BLC_PROMOTION_MESSAGE` (
  `PROMOTION_MESSAGE_ID` bigint(20) NOT NULL,
  `ARCHIVED` char(1) DEFAULT NULL,
  `END_DATE` datetime DEFAULT NULL,
  `PROMOTION_MESSASGE` varchar(255) DEFAULT NULL,
  `MESSAGE_PLACEMENT` varchar(255) DEFAULT NULL,
  `NAME` varchar(255) DEFAULT NULL,
  `PROMOTION_MESSAGE_PRIORITY` int(11) DEFAULT NULL,
  `START_DATE` datetime DEFAULT NULL,
  `LOCALE_CODE` varchar(255) DEFAULT NULL,
  `MEDIA_ID` bigint(20) DEFAULT NULL,
  PRIMARY KEY (`PROMOTION_MESSAGE_ID`),
  KEY `PROMOTION_MESSAGE_NAME_INDEX` (`NAME`),
  KEY `FK3dgs3j2b8mshpafd25qvtftgv` (`LOCALE_CODE`),
  KEY `FK59dkr5skbs8ve2v27truld8kc` (`MEDIA_ID`),
  CONSTRAINT `FK3dgs3j2b8mshpafd25qvtftgv` FOREIGN KEY (`LOCALE_CODE`) REFERENCES `BLC_LOCALE` (`LOCALE_CODE`),
  CONSTRAINT `FK59dkr5skbs8ve2v27truld8kc` FOREIGN KEY (`MEDIA_ID`) REFERENCES `BLC_MEDIA` (`MEDIA_ID`)
) ENGINE=InnoDB DEFAULT CHARSET=latin1;
/*!40101 SET character_set_client = @saved_cs_client */;

--
-- Dumping data for table `BLC_PROMOTION_MESSAGE`
--

LOCK TABLES `BLC_PROMOTION_MESSAGE` WRITE;
/*!40000 ALTER TABLE `BLC_PROMOTION_MESSAGE` DISABLE KEYS */;
/*!40000 ALTER TABLE `BLC_PROMOTION_MESSAGE` ENABLE KEYS */;
UNLOCK TABLES;

--
-- Table structure for table `BLC_PRORATED_ORDER_ITEM_ADJUST`
--

DROP TABLE IF EXISTS `BLC_PRORATED_ORDER_ITEM_ADJUST`;
/*!40101 SET @saved_cs_client     = @@character_set_client */;
/*!40101 SET character_set_client = utf8 */;
CREATE TABLE `BLC_PRORATED_ORDER_ITEM_ADJUST` (
  `PRORATED_ORDER_ITEM_ADJUST_ID` bigint(20) NOT NULL,
  `PRORATED_QUANTITY` int(11) NOT NULL,
  `ADJUSTMENT_REASON` varchar(255) NOT NULL,
  `PRORATED_ADJUSTMENT_VALUE` decimal(19,5) NOT NULL,
  `OFFER_ID` bigint(20) NOT NULL,
  `ORDER_ITEM_ID` bigint(20) DEFAULT NULL,
  PRIMARY KEY (`PRORATED_ORDER_ITEM_ADJUST_ID`),
  KEY `POIADJUST_ITEM_INDEX` (`ORDER_ITEM_ID`),
  KEY `FKkud7s4f923plknu6u4041v3oa` (`OFFER_ID`),
  CONSTRAINT `FKfmq7jd0v7r11g8hlvyuw50u6q` FOREIGN KEY (`ORDER_ITEM_ID`) REFERENCES `BLC_ORDER_ITEM` (`ORDER_ITEM_ID`),
  CONSTRAINT `FKkud7s4f923plknu6u4041v3oa` FOREIGN KEY (`OFFER_ID`) REFERENCES `BLC_OFFER` (`OFFER_ID`)
) ENGINE=InnoDB DEFAULT CHARSET=latin1;
/*!40101 SET character_set_client = @saved_cs_client */;

--
-- Dumping data for table `BLC_PRORATED_ORDER_ITEM_ADJUST`
--

LOCK TABLES `BLC_PRORATED_ORDER_ITEM_ADJUST` WRITE;
/*!40000 ALTER TABLE `BLC_PRORATED_ORDER_ITEM_ADJUST` DISABLE KEYS */;
/*!40000 ALTER TABLE `BLC_PRORATED_ORDER_ITEM_ADJUST` ENABLE KEYS */;
UNLOCK TABLES;

--
-- Table structure for table `BLC_QUAL_CRIT_OFFER_XREF`
--

DROP TABLE IF EXISTS `BLC_QUAL_CRIT_OFFER_XREF`;
/*!40101 SET @saved_cs_client     = @@character_set_client */;
/*!40101 SET character_set_client = utf8 */;
CREATE TABLE `BLC_QUAL_CRIT_OFFER_XREF` (
  `OFFER_QUAL_CRIT_ID` bigint(20) NOT NULL,
  `OFFER_ID` bigint(20) NOT NULL,
  `OFFER_ITEM_CRITERIA_ID` bigint(20) DEFAULT NULL,
  PRIMARY KEY (`OFFER_QUAL_CRIT_ID`),
  KEY `FKmmxl8rjhiuu6hc7qhyy85pjov` (`OFFER_ID`),
  KEY `FK6e8y3yk68wvw90gtsesduqbrb` (`OFFER_ITEM_CRITERIA_ID`),
  CONSTRAINT `FK6e8y3yk68wvw90gtsesduqbrb` FOREIGN KEY (`OFFER_ITEM_CRITERIA_ID`) REFERENCES `BLC_OFFER_ITEM_CRITERIA` (`OFFER_ITEM_CRITERIA_ID`),
  CONSTRAINT `FKmmxl8rjhiuu6hc7qhyy85pjov` FOREIGN KEY (`OFFER_ID`) REFERENCES `BLC_OFFER` (`OFFER_ID`)
) ENGINE=InnoDB DEFAULT CHARSET=latin1;
/*!40101 SET character_set_client = @saved_cs_client */;

--
-- Dumping data for table `BLC_QUAL_CRIT_OFFER_XREF`
--

LOCK TABLES `BLC_QUAL_CRIT_OFFER_XREF` WRITE;
/*!40000 ALTER TABLE `BLC_QUAL_CRIT_OFFER_XREF` DISABLE KEYS */;
/*!40000 ALTER TABLE `BLC_QUAL_CRIT_OFFER_XREF` ENABLE KEYS */;
UNLOCK TABLES;

--
-- Table structure for table `BLC_QUAL_CRIT_PAGE_XREF`
--

DROP TABLE IF EXISTS `BLC_QUAL_CRIT_PAGE_XREF`;
/*!40101 SET @saved_cs_client     = @@character_set_client */;
/*!40101 SET character_set_client = utf8 */;
CREATE TABLE `BLC_QUAL_CRIT_PAGE_XREF` (
  `PAGE_ID` bigint(20) NOT NULL,
  `PAGE_ITEM_CRITERIA_ID` bigint(20) NOT NULL,
  PRIMARY KEY (`PAGE_ID`,`PAGE_ITEM_CRITERIA_ID`),
  UNIQUE KEY `UK_dg6txhn3dw4k680q2sjyeumml` (`PAGE_ITEM_CRITERIA_ID`),
  CONSTRAINT `FKm0ov6kstmsab8gy93m53c05tg` FOREIGN KEY (`PAGE_ID`) REFERENCES `BLC_PAGE` (`PAGE_ID`),
  CONSTRAINT `FKpe7oenmm4t3g8ypvo5j2yjrd7` FOREIGN KEY (`PAGE_ITEM_CRITERIA_ID`) REFERENCES `BLC_PAGE_ITEM_CRITERIA` (`PAGE_ITEM_CRITERIA_ID`)
) ENGINE=InnoDB DEFAULT CHARSET=latin1;
/*!40101 SET character_set_client = @saved_cs_client */;

--
-- Dumping data for table `BLC_QUAL_CRIT_PAGE_XREF`
--

LOCK TABLES `BLC_QUAL_CRIT_PAGE_XREF` WRITE;
/*!40000 ALTER TABLE `BLC_QUAL_CRIT_PAGE_XREF` DISABLE KEYS */;
/*!40000 ALTER TABLE `BLC_QUAL_CRIT_PAGE_XREF` ENABLE KEYS */;
UNLOCK TABLES;

--
-- Table structure for table `BLC_QUAL_CRIT_SC_XREF`
--

DROP TABLE IF EXISTS `BLC_QUAL_CRIT_SC_XREF`;
/*!40101 SET @saved_cs_client     = @@character_set_client */;
/*!40101 SET character_set_client = utf8 */;
CREATE TABLE `BLC_QUAL_CRIT_SC_XREF` (
  `SC_ID` bigint(20) NOT NULL,
  `SC_ITEM_CRITERIA_ID` bigint(20) NOT NULL,
  PRIMARY KEY (`SC_ID`,`SC_ITEM_CRITERIA_ID`),
  UNIQUE KEY `UK_afqd4tvahqdouwkfb55xjuycm` (`SC_ITEM_CRITERIA_ID`),
  CONSTRAINT `FK6v9jfn06vkk5kpio9jdu08t30` FOREIGN KEY (`SC_ITEM_CRITERIA_ID`) REFERENCES `BLC_SC_ITEM_CRITERIA` (`SC_ITEM_CRITERIA_ID`),
  CONSTRAINT `FKq0wnd7j8o8ss4umkpdjn38ota` FOREIGN KEY (`SC_ID`) REFERENCES `BLC_SC` (`SC_ID`)
) ENGINE=InnoDB DEFAULT CHARSET=latin1;
/*!40101 SET character_set_client = @saved_cs_client */;

--
-- Dumping data for table `BLC_QUAL_CRIT_SC_XREF`
--

LOCK TABLES `BLC_QUAL_CRIT_SC_XREF` WRITE;
/*!40000 ALTER TABLE `BLC_QUAL_CRIT_SC_XREF` DISABLE KEYS */;
/*!40000 ALTER TABLE `BLC_QUAL_CRIT_SC_XREF` ENABLE KEYS */;
UNLOCK TABLES;

--
-- Table structure for table `BLC_RATING_DETAIL`
--

DROP TABLE IF EXISTS `BLC_RATING_DETAIL`;
/*!40101 SET @saved_cs_client     = @@character_set_client */;
/*!40101 SET character_set_client = utf8 */;
CREATE TABLE `BLC_RATING_DETAIL` (
  `RATING_DETAIL_ID` bigint(20) NOT NULL,
  `RATING` double NOT NULL,
  `RATING_SUBMITTED_DATE` datetime NOT NULL,
  `CUSTOMER_ID` bigint(20) NOT NULL,
  `RATING_SUMMARY_ID` bigint(20) NOT NULL,
  PRIMARY KEY (`RATING_DETAIL_ID`),
  KEY `RATING_CUSTOMER_INDEX` (`CUSTOMER_ID`),
  KEY `FKorvii76lm0rnac92c67q1oles` (`RATING_SUMMARY_ID`),
  CONSTRAINT `FKjjjou706ellmb65wmy7gpv07s` FOREIGN KEY (`CUSTOMER_ID`) REFERENCES `BLC_CUSTOMER` (`CUSTOMER_ID`),
  CONSTRAINT `FKorvii76lm0rnac92c67q1oles` FOREIGN KEY (`RATING_SUMMARY_ID`) REFERENCES `BLC_RATING_SUMMARY` (`RATING_SUMMARY_ID`)
) ENGINE=InnoDB DEFAULT CHARSET=latin1;
/*!40101 SET character_set_client = @saved_cs_client */;

--
-- Dumping data for table `BLC_RATING_DETAIL`
--

LOCK TABLES `BLC_RATING_DETAIL` WRITE;
/*!40000 ALTER TABLE `BLC_RATING_DETAIL` DISABLE KEYS */;
/*!40000 ALTER TABLE `BLC_RATING_DETAIL` ENABLE KEYS */;
UNLOCK TABLES;

--
-- Table structure for table `BLC_RATING_SUMMARY`
--

DROP TABLE IF EXISTS `BLC_RATING_SUMMARY`;
/*!40101 SET @saved_cs_client     = @@character_set_client */;
/*!40101 SET character_set_client = utf8 */;
CREATE TABLE `BLC_RATING_SUMMARY` (
  `RATING_SUMMARY_ID` bigint(20) NOT NULL,
  `AVERAGE_RATING` double NOT NULL,
  `ITEM_ID` varchar(255) NOT NULL,
  `RATING_TYPE` varchar(255) NOT NULL,
  PRIMARY KEY (`RATING_SUMMARY_ID`),
  KEY `RATINGSUMM_ITEM_INDEX` (`ITEM_ID`),
  KEY `RATINGSUMM_TYPE_INDEX` (`RATING_TYPE`)
) ENGINE=InnoDB DEFAULT CHARSET=latin1;
/*!40101 SET character_set_client = @saved_cs_client */;

--
-- Dumping data for table `BLC_RATING_SUMMARY`
--

LOCK TABLES `BLC_RATING_SUMMARY` WRITE;
/*!40000 ALTER TABLE `BLC_RATING_SUMMARY` DISABLE KEYS */;
/*!40000 ALTER TABLE `BLC_RATING_SUMMARY` ENABLE KEYS */;
UNLOCK TABLES;

--
-- Table structure for table `BLC_REVIEW_DETAIL`
--

DROP TABLE IF EXISTS `BLC_REVIEW_DETAIL`;
/*!40101 SET @saved_cs_client     = @@character_set_client */;
/*!40101 SET character_set_client = utf8 */;
CREATE TABLE `BLC_REVIEW_DETAIL` (
  `REVIEW_DETAIL_ID` bigint(20) NOT NULL,
  `HELPFUL_COUNT` int(11) NOT NULL,
  `NOT_HELPFUL_COUNT` int(11) NOT NULL,
  `REVIEW_SUBMITTED_DATE` datetime NOT NULL,
  `REVIEW_STATUS` varchar(255) NOT NULL,
  `REVIEW_TEXT` varchar(255) NOT NULL,
  `CUSTOMER_ID` bigint(20) NOT NULL,
  `RATING_DETAIL_ID` bigint(20) DEFAULT NULL,
  `RATING_SUMMARY_ID` bigint(20) NOT NULL,
  PRIMARY KEY (`REVIEW_DETAIL_ID`),
  KEY `REVIEWDETAIL_CUSTOMER_INDEX` (`CUSTOMER_ID`),
  KEY `REVIEWDETAIL_RATING_INDEX` (`RATING_DETAIL_ID`),
  KEY `REVIEWDETAIL_SUMMARY_INDEX` (`RATING_SUMMARY_ID`),
  KEY `REVIEWDETAIL_STATUS_INDEX` (`REVIEW_STATUS`),
  CONSTRAINT `FKdc0r2t22u3ghe0ihma8dcd5y6` FOREIGN KEY (`CUSTOMER_ID`) REFERENCES `BLC_CUSTOMER` (`CUSTOMER_ID`),
  CONSTRAINT `FKhp1g51hyv3y8gr2tedxm0pgyl` FOREIGN KEY (`RATING_DETAIL_ID`) REFERENCES `BLC_RATING_DETAIL` (`RATING_DETAIL_ID`),
  CONSTRAINT `FKn9hvs3m8fhodmipm3fvmwhw74` FOREIGN KEY (`RATING_SUMMARY_ID`) REFERENCES `BLC_RATING_SUMMARY` (`RATING_SUMMARY_ID`)
) ENGINE=InnoDB DEFAULT CHARSET=latin1;
/*!40101 SET character_set_client = @saved_cs_client */;

--
-- Dumping data for table `BLC_REVIEW_DETAIL`
--

LOCK TABLES `BLC_REVIEW_DETAIL` WRITE;
/*!40000 ALTER TABLE `BLC_REVIEW_DETAIL` DISABLE KEYS */;
/*!40000 ALTER TABLE `BLC_REVIEW_DETAIL` ENABLE KEYS */;
UNLOCK TABLES;

--
-- Table structure for table `BLC_REVIEW_FEEDBACK`
--

DROP TABLE IF EXISTS `BLC_REVIEW_FEEDBACK`;
/*!40101 SET @saved_cs_client     = @@character_set_client */;
/*!40101 SET character_set_client = utf8 */;
CREATE TABLE `BLC_REVIEW_FEEDBACK` (
  `REVIEW_FEEDBACK_ID` bigint(20) NOT NULL,
  `IS_HELPFUL` bit(1) NOT NULL,
  `CUSTOMER_ID` bigint(20) NOT NULL,
  `REVIEW_DETAIL_ID` bigint(20) NOT NULL,
  PRIMARY KEY (`REVIEW_FEEDBACK_ID`),
  KEY `REVIEWFEED_CUSTOMER_INDEX` (`CUSTOMER_ID`),
  KEY `REVIEWFEED_DETAIL_INDEX` (`REVIEW_DETAIL_ID`),
  CONSTRAINT `FKaledeh8wwn4ykopccqh3to8k5` FOREIGN KEY (`REVIEW_DETAIL_ID`) REFERENCES `BLC_REVIEW_DETAIL` (`REVIEW_DETAIL_ID`),
  CONSTRAINT `FKmppbg4bf4h8v1m9efgm10ty4b` FOREIGN KEY (`CUSTOMER_ID`) REFERENCES `BLC_CUSTOMER` (`CUSTOMER_ID`)
) ENGINE=InnoDB DEFAULT CHARSET=latin1;
/*!40101 SET character_set_client = @saved_cs_client */;

--
-- Dumping data for table `BLC_REVIEW_FEEDBACK`
--

LOCK TABLES `BLC_REVIEW_FEEDBACK` WRITE;
/*!40000 ALTER TABLE `BLC_REVIEW_FEEDBACK` DISABLE KEYS */;
/*!40000 ALTER TABLE `BLC_REVIEW_FEEDBACK` ENABLE KEYS */;
UNLOCK TABLES;

--
-- Table structure for table `BLC_ROLE`
--

DROP TABLE IF EXISTS `BLC_ROLE`;
/*!40101 SET @saved_cs_client     = @@character_set_client */;
/*!40101 SET character_set_client = utf8 */;
CREATE TABLE `BLC_ROLE` (
  `ROLE_ID` bigint(20) NOT NULL,
  `ROLE_NAME` varchar(255) NOT NULL,
  PRIMARY KEY (`ROLE_ID`),
  KEY `ROLE_NAME_INDEX` (`ROLE_NAME`)
) ENGINE=InnoDB DEFAULT CHARSET=latin1;
/*!40101 SET character_set_client = @saved_cs_client */;

--
-- Dumping data for table `BLC_ROLE`
--

LOCK TABLES `BLC_ROLE` WRITE;
/*!40000 ALTER TABLE `BLC_ROLE` DISABLE KEYS */;
INSERT INTO `BLC_ROLE` VALUES (1,'ROLE_USER');
/*!40000 ALTER TABLE `BLC_ROLE` ENABLE KEYS */;
UNLOCK TABLES;

--
-- Table structure for table `BLC_SANDBOX`
--

DROP TABLE IF EXISTS `BLC_SANDBOX`;
/*!40101 SET @saved_cs_client     = @@character_set_client */;
/*!40101 SET character_set_client = utf8 */;
CREATE TABLE `BLC_SANDBOX` (
  `SANDBOX_ID` bigint(20) NOT NULL,
  `ARCHIVED` char(1) DEFAULT NULL,
  `CREATED_BY` bigint(20) DEFAULT NULL,
  `DATE_CREATED` datetime DEFAULT NULL,
  `DATE_UPDATED` datetime DEFAULT NULL,
  `UPDATED_BY` bigint(20) DEFAULT NULL,
  `AUTHOR` bigint(20) DEFAULT NULL,
  `COLOR` varchar(255) DEFAULT NULL,
  `DESCRIPTION` varchar(255) DEFAULT NULL,
  `GO_LIVE_DATE` datetime DEFAULT NULL,
  `SANDBOX_NAME` varchar(255) DEFAULT NULL,
  `SANDBOX_TYPE` varchar(255) DEFAULT NULL,
  `PARENT_SANDBOX_ID` bigint(20) DEFAULT NULL,
  PRIMARY KEY (`SANDBOX_ID`),
  KEY `SANDBOX_NAME_INDEX` (`SANDBOX_NAME`),
  KEY `FK5e7j7mfpr1en8q48yxkbjmduw` (`PARENT_SANDBOX_ID`),
  CONSTRAINT `FK5e7j7mfpr1en8q48yxkbjmduw` FOREIGN KEY (`PARENT_SANDBOX_ID`) REFERENCES `BLC_SANDBOX` (`SANDBOX_ID`)
) ENGINE=InnoDB DEFAULT CHARSET=latin1;
/*!40101 SET character_set_client = @saved_cs_client */;

--
-- Dumping data for table `BLC_SANDBOX`
--

LOCK TABLES `BLC_SANDBOX` WRITE;
/*!40000 ALTER TABLE `BLC_SANDBOX` DISABLE KEYS */;
INSERT INTO `BLC_SANDBOX` VALUES (1,'N',-1,'2021-11-07 16:39:10','2021-11-07 16:39:10',-1,NULL,'#20C0F0',NULL,NULL,'Default','DEFAULT',NULL),(2,'N',-1,'2021-11-07 16:39:10','2021-11-07 16:39:10',-1,-1,NULL,NULL,NULL,'Default','USER',1);
/*!40000 ALTER TABLE `BLC_SANDBOX` ENABLE KEYS */;
UNLOCK TABLES;

--
-- Table structure for table `BLC_SANDBOX_MGMT`
--

DROP TABLE IF EXISTS `BLC_SANDBOX_MGMT`;
/*!40101 SET @saved_cs_client     = @@character_set_client */;
/*!40101 SET character_set_client = utf8 */;
CREATE TABLE `BLC_SANDBOX_MGMT` (
  `SANDBOX_MGMT_ID` bigint(20) NOT NULL,
  `CREATED_BY` bigint(20) DEFAULT NULL,
  `DATE_CREATED` datetime DEFAULT NULL,
  `DATE_UPDATED` datetime DEFAULT NULL,
  `UPDATED_BY` bigint(20) DEFAULT NULL,
  `SANDBOX_ID` bigint(20) NOT NULL,
  PRIMARY KEY (`SANDBOX_MGMT_ID`),
  UNIQUE KEY `UK_owins1o4pyal0j5pdlqfkd4b7` (`SANDBOX_ID`),
  CONSTRAINT `FKri581qivns8jshddbsl6m83hr` FOREIGN KEY (`SANDBOX_ID`) REFERENCES `BLC_SANDBOX` (`SANDBOX_ID`)
) ENGINE=InnoDB DEFAULT CHARSET=latin1;
/*!40101 SET character_set_client = @saved_cs_client */;

--
-- Dumping data for table `BLC_SANDBOX_MGMT`
--

LOCK TABLES `BLC_SANDBOX_MGMT` WRITE;
/*!40000 ALTER TABLE `BLC_SANDBOX_MGMT` DISABLE KEYS */;
INSERT INTO `BLC_SANDBOX_MGMT` VALUES (1,-1,'2021-11-07 16:39:10','2021-11-07 16:39:10',-1,1),(2,-1,'2021-11-07 16:39:10','2021-11-07 16:39:10',-1,2);
/*!40000 ALTER TABLE `BLC_SANDBOX_MGMT` ENABLE KEYS */;
UNLOCK TABLES;

--
-- Table structure for table `BLC_SC`
--

DROP TABLE IF EXISTS `BLC_SC`;
/*!40101 SET @saved_cs_client     = @@character_set_client */;
/*!40101 SET character_set_client = utf8 */;
CREATE TABLE `BLC_SC` (
  `SC_ID` bigint(20) NOT NULL,
  `CONTENT_NAME` varchar(255) NOT NULL,
  `OFFLINE_FLAG` bit(1) DEFAULT NULL,
  `PRIORITY` int(11) NOT NULL,
  `LOCALE_CODE` varchar(255) NOT NULL,
  `SC_TYPE_ID` bigint(20) DEFAULT NULL,
  PRIMARY KEY (`SC_ID`),
  KEY `CONTENT_NAME_INDEX` (`CONTENT_NAME`),
  KEY `SC_OFFLN_FLG_INDX` (`OFFLINE_FLAG`),
  KEY `CONTENT_PRIORITY_INDEX` (`PRIORITY`),
  KEY `FK13qnfvvq355l9cckfxkqqh59` (`LOCALE_CODE`),
  KEY `FKp9be5g25yydwn151wnwvbj9hu` (`SC_TYPE_ID`),
  CONSTRAINT `FK13qnfvvq355l9cckfxkqqh59` FOREIGN KEY (`LOCALE_CODE`) REFERENCES `BLC_LOCALE` (`LOCALE_CODE`),
  CONSTRAINT `FKp9be5g25yydwn151wnwvbj9hu` FOREIGN KEY (`SC_TYPE_ID`) REFERENCES `BLC_SC_TYPE` (`SC_TYPE_ID`)
) ENGINE=InnoDB DEFAULT CHARSET=latin1;
/*!40101 SET character_set_client = @saved_cs_client */;

--
-- Dumping data for table `BLC_SC`
--

LOCK TABLES `BLC_SC` WRITE;
/*!40000 ALTER TABLE `BLC_SC` DISABLE KEYS */;
INSERT INTO `BLC_SC` VALUES (-140,'RHS - The Essentials Collection',_binary '\0',5,'en',4),(-130,'Home Page Featured Products Title',_binary '\0',5,'en',3),(-110,'Home Page Snippet - Aficionado',_binary '\0',5,'en',2),(-105,'Member Special - $10 off next order over $50',_binary '\0',3,'en',1),(-104,'Shirt Special - 20% off all shirts',_binary '\0',1,'en',1),(-103,'Buy One Get One - Twice the Burn',_binary '\0',2,'en',1),(-102,'Member Special - $10 off next order over $50',_binary '\0',3,'en',1),(-101,'Shirt Special - 20% off all shirts',_binary '\0',1,'en',1),(-100,'Buy One Get One - Twice the Burn',_binary '\0',2,'en',1),(151,'Promocion - 20% de descuento en todas las camisas',_binary '\0',1,'es',1),(152,'Promocion - 20% de descuento en todas las camisas',_binary '\0',1,'fr',1),(153,'Home Page Snippet (es) - Aficionado',_binary '\0',5,'es',2),(154,'Home Page Snippet (es) - Aficionado',_binary '\0',5,'fr',2),(155,'Home Page Featured Products Title',_binary '\0',5,'es',3),(156,'Home Page Featured Products Title',_binary '\0',5,'fr',3);
/*!40000 ALTER TABLE `BLC_SC` ENABLE KEYS */;
UNLOCK TABLES;

--
-- Table structure for table `BLC_SC_FLD`
--

DROP TABLE IF EXISTS `BLC_SC_FLD`;
/*!40101 SET @saved_cs_client     = @@character_set_client */;
/*!40101 SET character_set_client = utf8 */;
CREATE TABLE `BLC_SC_FLD` (
  `SC_FLD_ID` bigint(20) NOT NULL,
  `FLD_KEY` varchar(255) DEFAULT NULL,
  `LOB_VALUE` longtext,
  `VALUE` varchar(255) DEFAULT NULL,
  PRIMARY KEY (`SC_FLD_ID`)
) ENGINE=InnoDB DEFAULT CHARSET=latin1;
/*!40101 SET character_set_client = @saved_cs_client */;

--
-- Dumping data for table `BLC_SC_FLD`
--

LOCK TABLES `BLC_SC_FLD` WRITE;
/*!40000 ALTER TABLE `BLC_SC_FLD` DISABLE KEYS */;
INSERT INTO `BLC_SC_FLD` VALUES (-13,'targetUrl',NULL,'/hot-sauces'),(-12,'imageUrl',NULL,'/img/rhs-ad.jpg'),(-11,'messageText',NULL,'The Heat Clinic\'s Top Selling Sauces'),(-9,'htmlContent',NULL,'<h2>HOT SAUCE AFICIONADO?</h2> Create an account to join our Heat Clinic Frequent Care Program. The place to get all the deals on burn treatment.'),(-6,'targetUrl',NULL,'/register'),(-5,'imageUrl',NULL,'/cmsstatic/img/banners/member-special.jpg'),(-4,'targetUrl',NULL,'/merchandise'),(-3,'imageUrl',NULL,'/cmsstatic/img/banners/shirt-special.jpg'),(-2,'targetUrl',NULL,'/hot-sauces'),(-1,'imageUrl',NULL,'/cmsstatic/img/banners/buy-one-get-one-home-banner.jpg'),(51,'imageUrl',NULL,'/cmsstatic/img/banners/promocion-camisas.jpg'),(52,'targetUrl',NULL,'/merchandise'),(53,'imageUrl',NULL,'/cmsstatic/img/banners/shirts-speciale.jpg'),(54,'targetUrl',NULL,'/merchandise'),(55,'htmlContent',NULL,'<h2>AFICIONADO DE SALSAS PICANTES?</h2> Haga click para unirse a nuerto programa de Cuidades Intensivos de Heat Clinic. El lugar para conseguir las mejores ofertas.'),(56,'htmlContent',NULL,'<h2>AFICIONADO SAUCE PIQUANTE?</h2> Cliquez ici pour vous joindre &agrave; notre clinique de chaleur du Programme de soins fr&eacute;quents. L&#39;endroit pour obtenir toutes les offres sur le traitement des br&ucirc;lures.'),(57,'messageText',NULL,'Las Salsas M&aacute;s vendidas de Heat Clinic'),(58,'messageText',NULL,'La Clinique Heat Sauces Meilleures Ventes');
/*!40000 ALTER TABLE `BLC_SC_FLD` ENABLE KEYS */;
UNLOCK TABLES;

--
-- Table structure for table `BLC_SC_FLDGRP_XREF`
--

DROP TABLE IF EXISTS `BLC_SC_FLDGRP_XREF`;
/*!40101 SET @saved_cs_client     = @@character_set_client */;
/*!40101 SET character_set_client = utf8 */;
CREATE TABLE `BLC_SC_FLDGRP_XREF` (
  `BLC_SC_FLDGRP_XREF_ID` bigint(20) NOT NULL,
  `GROUP_ORDER` int(11) DEFAULT NULL,
  `FLD_GROUP_ID` bigint(20) DEFAULT NULL,
  `SC_FLD_TMPLT_ID` bigint(20) DEFAULT NULL,
  PRIMARY KEY (`BLC_SC_FLDGRP_XREF_ID`),
  KEY `FKotfd5rhlje73tldskasabxd7k` (`FLD_GROUP_ID`),
  KEY `FKtqvhk2j6dxo8kruvflvpstgf` (`SC_FLD_TMPLT_ID`),
  CONSTRAINT `FKotfd5rhlje73tldskasabxd7k` FOREIGN KEY (`FLD_GROUP_ID`) REFERENCES `BLC_FLD_GROUP` (`FLD_GROUP_ID`),
  CONSTRAINT `FKtqvhk2j6dxo8kruvflvpstgf` FOREIGN KEY (`SC_FLD_TMPLT_ID`) REFERENCES `BLC_SC_FLD_TMPLT` (`SC_FLD_TMPLT_ID`)
) ENGINE=InnoDB DEFAULT CHARSET=latin1;
/*!40101 SET character_set_client = @saved_cs_client */;

--
-- Dumping data for table `BLC_SC_FLDGRP_XREF`
--

LOCK TABLES `BLC_SC_FLDGRP_XREF` WRITE;
/*!40000 ALTER TABLE `BLC_SC_FLDGRP_XREF` DISABLE KEYS */;
INSERT INTO `BLC_SC_FLDGRP_XREF` VALUES (-3,0,6,-3),(-2,0,5,-2),(-1,0,4,-1);
/*!40000 ALTER TABLE `BLC_SC_FLDGRP_XREF` ENABLE KEYS */;
UNLOCK TABLES;

--
-- Table structure for table `BLC_SC_FLD_MAP`
--

DROP TABLE IF EXISTS `BLC_SC_FLD_MAP`;
/*!40101 SET @saved_cs_client     = @@character_set_client */;
/*!40101 SET character_set_client = utf8 */;
CREATE TABLE `BLC_SC_FLD_MAP` (
  `BLC_SC_SC_FIELD_ID` bigint(20) NOT NULL,
  `MAP_KEY` varchar(255) NOT NULL,
  `SC_ID` bigint(20) NOT NULL,
  `SC_FLD_ID` bigint(20) DEFAULT NULL,
  PRIMARY KEY (`BLC_SC_SC_FIELD_ID`),
  KEY `FKh54fvkukkun10yu69gr7neyj9` (`SC_ID`),
  KEY `FKrwpb5a8l5uoeu4u046uihdx1g` (`SC_FLD_ID`),
  CONSTRAINT `FKh54fvkukkun10yu69gr7neyj9` FOREIGN KEY (`SC_ID`) REFERENCES `BLC_SC` (`SC_ID`),
  CONSTRAINT `FKrwpb5a8l5uoeu4u046uihdx1g` FOREIGN KEY (`SC_FLD_ID`) REFERENCES `BLC_SC_FLD` (`SC_FLD_ID`)
) ENGINE=InnoDB DEFAULT CHARSET=latin1;
/*!40101 SET character_set_client = @saved_cs_client */;

--
-- Dumping data for table `BLC_SC_FLD_MAP`
--

LOCK TABLES `BLC_SC_FLD_MAP` WRITE;
/*!40000 ALTER TABLE `BLC_SC_FLD_MAP` DISABLE KEYS */;
INSERT INTO `BLC_SC_FLD_MAP` VALUES (-173,'targetUrl',-105,-6),(-172,'imageUrl',-105,-5),(-171,'targetUrl',-104,-4),(-170,'imageUrl',-104,-3),(-169,'targetUrl',-103,-2),(-168,'imageUrl',-103,-1),(-167,'targetUrl',-140,-13),(-166,'imageUrl',-140,-12),(-165,'messageText',-130,-11),(-164,'htmlContent',-110,-9),(-163,'targetUrl',-102,-6),(-162,'imageUrl',-102,-5),(-161,'targetUrl',-101,-4),(-160,'imageUrl',-101,-3),(-159,'targetUrl',-100,-2),(-158,'imageUrl',-100,-1),(-157,'messageText',156,58),(-156,'messageText',155,57),(-155,'htmlContent',154,56),(-154,'htmlContent',153,55),(-153,'targetUrl',152,54),(-152,'imageUrl',152,53),(-151,'targetUrl',151,52),(-150,'imageUrl',151,51);
/*!40000 ALTER TABLE `BLC_SC_FLD_MAP` ENABLE KEYS */;
UNLOCK TABLES;

--
-- Table structure for table `BLC_SC_FLD_TMPLT`
--

DROP TABLE IF EXISTS `BLC_SC_FLD_TMPLT`;
/*!40101 SET @saved_cs_client     = @@character_set_client */;
/*!40101 SET character_set_client = utf8 */;
CREATE TABLE `BLC_SC_FLD_TMPLT` (
  `SC_FLD_TMPLT_ID` bigint(20) NOT NULL,
  `NAME` varchar(255) DEFAULT NULL,
  PRIMARY KEY (`SC_FLD_TMPLT_ID`)
) ENGINE=InnoDB DEFAULT CHARSET=latin1;
/*!40101 SET character_set_client = @saved_cs_client */;

--
-- Dumping data for table `BLC_SC_FLD_TMPLT`
--

LOCK TABLES `BLC_SC_FLD_TMPLT` WRITE;
/*!40000 ALTER TABLE `BLC_SC_FLD_TMPLT` DISABLE KEYS */;
INSERT INTO `BLC_SC_FLD_TMPLT` VALUES (-3,'Message Template'),(-2,'HTML Template'),(-1,'Ad Template');
/*!40000 ALTER TABLE `BLC_SC_FLD_TMPLT` ENABLE KEYS */;
UNLOCK TABLES;

--
-- Table structure for table `BLC_SC_ITEM_CRITERIA`
--

DROP TABLE IF EXISTS `BLC_SC_ITEM_CRITERIA`;
/*!40101 SET @saved_cs_client     = @@character_set_client */;
/*!40101 SET character_set_client = utf8 */;
CREATE TABLE `BLC_SC_ITEM_CRITERIA` (
  `SC_ITEM_CRITERIA_ID` bigint(20) NOT NULL,
  `ORDER_ITEM_MATCH_RULE` longtext,
  `QUANTITY` int(11) NOT NULL,
  `SC_ID` bigint(20) DEFAULT NULL,
  PRIMARY KEY (`SC_ITEM_CRITERIA_ID`),
  KEY `FKi62rdb9fuxn6lfdo7d4q9haow` (`SC_ID`),
  CONSTRAINT `FKi62rdb9fuxn6lfdo7d4q9haow` FOREIGN KEY (`SC_ID`) REFERENCES `BLC_SC` (`SC_ID`)
) ENGINE=InnoDB DEFAULT CHARSET=latin1;
/*!40101 SET character_set_client = @saved_cs_client */;

--
-- Dumping data for table `BLC_SC_ITEM_CRITERIA`
--

LOCK TABLES `BLC_SC_ITEM_CRITERIA` WRITE;
/*!40000 ALTER TABLE `BLC_SC_ITEM_CRITERIA` DISABLE KEYS */;
/*!40000 ALTER TABLE `BLC_SC_ITEM_CRITERIA` ENABLE KEYS */;
UNLOCK TABLES;

--
-- Table structure for table `BLC_SC_RULE`
--

DROP TABLE IF EXISTS `BLC_SC_RULE`;
/*!40101 SET @saved_cs_client     = @@character_set_client */;
/*!40101 SET character_set_client = utf8 */;
CREATE TABLE `BLC_SC_RULE` (
  `SC_RULE_ID` bigint(20) NOT NULL,
  `MATCH_RULE` longtext,
  PRIMARY KEY (`SC_RULE_ID`)
) ENGINE=InnoDB DEFAULT CHARSET=latin1;
/*!40101 SET character_set_client = @saved_cs_client */;

--
-- Dumping data for table `BLC_SC_RULE`
--

LOCK TABLES `BLC_SC_RULE` WRITE;
/*!40000 ALTER TABLE `BLC_SC_RULE` DISABLE KEYS */;
/*!40000 ALTER TABLE `BLC_SC_RULE` ENABLE KEYS */;
UNLOCK TABLES;

--
-- Table structure for table `BLC_SC_RULE_MAP`
--

DROP TABLE IF EXISTS `BLC_SC_RULE_MAP`;
/*!40101 SET @saved_cs_client     = @@character_set_client */;
/*!40101 SET character_set_client = utf8 */;
CREATE TABLE `BLC_SC_RULE_MAP` (
  `BLC_SC_SC_ID` bigint(20) NOT NULL,
  `SC_RULE_ID` bigint(20) NOT NULL,
  `MAP_KEY` varchar(255) NOT NULL,
  PRIMARY KEY (`BLC_SC_SC_ID`,`MAP_KEY`),
  KEY `FK31d3qpemphv6qdbha0cl1x361` (`SC_RULE_ID`),
  CONSTRAINT `FK31d3qpemphv6qdbha0cl1x361` FOREIGN KEY (`SC_RULE_ID`) REFERENCES `BLC_SC_RULE` (`SC_RULE_ID`),
  CONSTRAINT `FKo4q8t9hx8iprk9bc9tllwhdhk` FOREIGN KEY (`BLC_SC_SC_ID`) REFERENCES `BLC_SC` (`SC_ID`)
) ENGINE=InnoDB DEFAULT CHARSET=latin1;
/*!40101 SET character_set_client = @saved_cs_client */;

--
-- Dumping data for table `BLC_SC_RULE_MAP`
--

LOCK TABLES `BLC_SC_RULE_MAP` WRITE;
/*!40000 ALTER TABLE `BLC_SC_RULE_MAP` DISABLE KEYS */;
/*!40000 ALTER TABLE `BLC_SC_RULE_MAP` ENABLE KEYS */;
UNLOCK TABLES;

--
-- Table structure for table `BLC_SC_TYPE`
--

DROP TABLE IF EXISTS `BLC_SC_TYPE`;
/*!40101 SET @saved_cs_client     = @@character_set_client */;
/*!40101 SET character_set_client = utf8 */;
CREATE TABLE `BLC_SC_TYPE` (
  `SC_TYPE_ID` bigint(20) NOT NULL,
  `DESCRIPTION` varchar(255) DEFAULT NULL,
  `NAME` varchar(255) DEFAULT NULL,
  `SC_FLD_TMPLT_ID` bigint(20) DEFAULT NULL,
  PRIMARY KEY (`SC_TYPE_ID`),
  KEY `SC_TYPE_NAME_INDEX` (`NAME`),
  KEY `FKh7idqa2kh7vusepjor3bc80b3` (`SC_FLD_TMPLT_ID`),
  CONSTRAINT `FKh7idqa2kh7vusepjor3bc80b3` FOREIGN KEY (`SC_FLD_TMPLT_ID`) REFERENCES `BLC_SC_FLD_TMPLT` (`SC_FLD_TMPLT_ID`)
) ENGINE=InnoDB DEFAULT CHARSET=latin1;
/*!40101 SET character_set_client = @saved_cs_client */;

--
-- Dumping data for table `BLC_SC_TYPE`
--

LOCK TABLES `BLC_SC_TYPE` WRITE;
/*!40000 ALTER TABLE `BLC_SC_TYPE` DISABLE KEYS */;
INSERT INTO `BLC_SC_TYPE` VALUES (1,NULL,'Homepage Banner Ad',-1),(2,NULL,'Homepage Middle Promo Snippet',-2),(3,NULL,'Homepage Featured Products Title',-3),(4,NULL,'Right Hand Side Banner Ad',-1);
/*!40000 ALTER TABLE `BLC_SC_TYPE` ENABLE KEYS */;
UNLOCK TABLES;

--
-- Table structure for table `BLC_SEARCH_FACET`
--

DROP TABLE IF EXISTS `BLC_SEARCH_FACET`;
/*!40101 SET @saved_cs_client     = @@character_set_client */;
/*!40101 SET character_set_client = utf8 */;
CREATE TABLE `BLC_SEARCH_FACET` (
  `SEARCH_FACET_ID` bigint(20) NOT NULL,
  `ARCHIVED` char(1) DEFAULT NULL,
  `CREATED_BY` bigint(20) DEFAULT NULL,
  `DATE_CREATED` datetime DEFAULT NULL,
  `DATE_UPDATED` datetime DEFAULT NULL,
  `UPDATED_BY` bigint(20) DEFAULT NULL,
  `MULTISELECT` bit(1) DEFAULT NULL,
  `LABEL` varchar(255) DEFAULT NULL,
  `NAME` varchar(255) DEFAULT NULL,
  `REQUIRES_ALL_DEPENDENT` bit(1) DEFAULT NULL,
  `SEARCH_DISPLAY_PRIORITY` int(11) DEFAULT NULL,
  `SHOW_ON_SEARCH` bit(1) DEFAULT NULL,
  `USE_FACET_RANGES` bit(1) DEFAULT NULL,
  `INDEX_FIELD_TYPE_ID` bigint(20) DEFAULT NULL,
  PRIMARY KEY (`SEARCH_FACET_ID`),
  KEY `FKrrhp7pwx3bjh2rhadrtv2ro81` (`INDEX_FIELD_TYPE_ID`),
  CONSTRAINT `FKrrhp7pwx3bjh2rhadrtv2ro81` FOREIGN KEY (`INDEX_FIELD_TYPE_ID`) REFERENCES `BLC_INDEX_FIELD_TYPE` (`INDEX_FIELD_TYPE_ID`)
) ENGINE=InnoDB DEFAULT CHARSET=latin1;
/*!40101 SET character_set_client = @saved_cs_client */;

--
-- Dumping data for table `BLC_SEARCH_FACET`
--

LOCK TABLES `BLC_SEARCH_FACET` WRITE;
/*!40000 ALTER TABLE `BLC_SEARCH_FACET` DISABLE KEYS */;
INSERT INTO `BLC_SEARCH_FACET` VALUES (1,NULL,NULL,NULL,NULL,NULL,_binary '','Manufacturer','Manufacturer Facet',NULL,0,_binary '',_binary '\0',2),(2,NULL,NULL,NULL,NULL,NULL,_binary '','Heat Range','Heat Range Facet',NULL,0,_binary '\0',_binary '\0',3),(3,NULL,NULL,NULL,NULL,NULL,_binary '','Price','Price Facet',NULL,1,_binary '',_binary '',4),(4,NULL,NULL,NULL,NULL,NULL,_binary '','Color','Color Facet',NULL,0,_binary '',_binary '\0',9);
/*!40000 ALTER TABLE `BLC_SEARCH_FACET` ENABLE KEYS */;
UNLOCK TABLES;

--
-- Table structure for table `BLC_SEARCH_FACET_RANGE`
--

DROP TABLE IF EXISTS `BLC_SEARCH_FACET_RANGE`;
/*!40101 SET @saved_cs_client     = @@character_set_client */;
/*!40101 SET character_set_client = utf8 */;
CREATE TABLE `BLC_SEARCH_FACET_RANGE` (
  `SEARCH_FACET_RANGE_ID` bigint(20) NOT NULL,
  `ARCHIVED` char(1) DEFAULT NULL,
  `CREATED_BY` bigint(20) DEFAULT NULL,
  `DATE_CREATED` datetime DEFAULT NULL,
  `DATE_UPDATED` datetime DEFAULT NULL,
  `UPDATED_BY` bigint(20) DEFAULT NULL,
  `MAX_VALUE` decimal(19,5) DEFAULT NULL,
  `MIN_VALUE` decimal(19,5) NOT NULL,
  `SEARCH_FACET_ID` bigint(20) DEFAULT NULL,
  PRIMARY KEY (`SEARCH_FACET_RANGE_ID`),
  KEY `SEARCH_FACET_INDEX` (`SEARCH_FACET_ID`),
  CONSTRAINT `FKm1k6kfkc59c8jdx51qym3tcai` FOREIGN KEY (`SEARCH_FACET_ID`) REFERENCES `BLC_SEARCH_FACET` (`SEARCH_FACET_ID`)
) ENGINE=InnoDB DEFAULT CHARSET=latin1;
/*!40101 SET character_set_client = @saved_cs_client */;

--
-- Dumping data for table `BLC_SEARCH_FACET_RANGE`
--

LOCK TABLES `BLC_SEARCH_FACET_RANGE` WRITE;
/*!40000 ALTER TABLE `BLC_SEARCH_FACET_RANGE` DISABLE KEYS */;
INSERT INTO `BLC_SEARCH_FACET_RANGE` VALUES (1,NULL,NULL,NULL,NULL,NULL,5.00000,0.00000,3),(2,NULL,NULL,NULL,NULL,NULL,10.00000,5.00000,3),(3,NULL,NULL,NULL,NULL,NULL,15.00000,10.00000,3),(4,NULL,NULL,NULL,NULL,NULL,NULL,15.00000,3);
/*!40000 ALTER TABLE `BLC_SEARCH_FACET_RANGE` ENABLE KEYS */;
UNLOCK TABLES;

--
-- Table structure for table `BLC_SEARCH_FACET_XREF`
--

DROP TABLE IF EXISTS `BLC_SEARCH_FACET_XREF`;
/*!40101 SET @saved_cs_client     = @@character_set_client */;
/*!40101 SET character_set_client = utf8 */;
CREATE TABLE `BLC_SEARCH_FACET_XREF` (
  `ID` bigint(20) NOT NULL,
  `REQUIRED_FACET_ID` bigint(20) NOT NULL,
  `SEARCH_FACET_ID` bigint(20) NOT NULL,
  PRIMARY KEY (`ID`),
  KEY `FK4xpicfgot9h1utp316cbi8268` (`REQUIRED_FACET_ID`),
  KEY `FKtdvsplwk8dl6mnb0p7fdyte13` (`SEARCH_FACET_ID`),
  CONSTRAINT `FK4xpicfgot9h1utp316cbi8268` FOREIGN KEY (`REQUIRED_FACET_ID`) REFERENCES `BLC_SEARCH_FACET` (`SEARCH_FACET_ID`),
  CONSTRAINT `FKtdvsplwk8dl6mnb0p7fdyte13` FOREIGN KEY (`SEARCH_FACET_ID`) REFERENCES `BLC_SEARCH_FACET` (`SEARCH_FACET_ID`)
) ENGINE=InnoDB DEFAULT CHARSET=latin1;
/*!40101 SET character_set_client = @saved_cs_client */;

--
-- Dumping data for table `BLC_SEARCH_FACET_XREF`
--

LOCK TABLES `BLC_SEARCH_FACET_XREF` WRITE;
/*!40000 ALTER TABLE `BLC_SEARCH_FACET_XREF` DISABLE KEYS */;
/*!40000 ALTER TABLE `BLC_SEARCH_FACET_XREF` ENABLE KEYS */;
UNLOCK TABLES;

--
-- Table structure for table `BLC_SEARCH_INTERCEPT`
--

DROP TABLE IF EXISTS `BLC_SEARCH_INTERCEPT`;
/*!40101 SET @saved_cs_client     = @@character_set_client */;
/*!40101 SET character_set_client = utf8 */;
CREATE TABLE `BLC_SEARCH_INTERCEPT` (
  `SEARCH_REDIRECT_ID` bigint(20) NOT NULL,
  `ACTIVE_END_DATE` datetime DEFAULT NULL,
  `ACTIVE_START_DATE` datetime DEFAULT NULL,
  `CREATED_BY` bigint(20) DEFAULT NULL,
  `DATE_CREATED` datetime DEFAULT NULL,
  `DATE_UPDATED` datetime DEFAULT NULL,
  `UPDATED_BY` bigint(20) DEFAULT NULL,
  `PRIORITY` int(11) DEFAULT NULL,
  `SEARCH_TERM` varchar(255) NOT NULL,
  `URL` varchar(255) NOT NULL,
  PRIMARY KEY (`SEARCH_REDIRECT_ID`),
  KEY `SEARCH_ACTIVE_INDEX` (`ACTIVE_END_DATE`)
) ENGINE=InnoDB DEFAULT CHARSET=latin1;
/*!40101 SET character_set_client = @saved_cs_client */;

--
-- Dumping data for table `BLC_SEARCH_INTERCEPT`
--

LOCK TABLES `BLC_SEARCH_INTERCEPT` WRITE;
/*!40000 ALTER TABLE `BLC_SEARCH_INTERCEPT` DISABLE KEYS */;
INSERT INTO `BLC_SEARCH_INTERCEPT` VALUES (-2,NULL,'1992-10-15 14:28:36',NULL,NULL,NULL,NULL,-10,'sale','/clearance'),(-1,NULL,'1992-10-15 14:28:36',NULL,NULL,NULL,NULL,1,'insanity','/hot-sauces/insanity_sauce');
/*!40000 ALTER TABLE `BLC_SEARCH_INTERCEPT` ENABLE KEYS */;
UNLOCK TABLES;

--
-- Table structure for table `BLC_SEARCH_SYNONYM`
--

DROP TABLE IF EXISTS `BLC_SEARCH_SYNONYM`;
/*!40101 SET @saved_cs_client     = @@character_set_client */;
/*!40101 SET character_set_client = utf8 */;
CREATE TABLE `BLC_SEARCH_SYNONYM` (
  `SEARCH_SYNONYM_ID` bigint(20) NOT NULL,
  `SYNONYMS` varchar(255) DEFAULT NULL,
  `TERM` varchar(255) DEFAULT NULL,
  PRIMARY KEY (`SEARCH_SYNONYM_ID`),
  KEY `SEARCHSYNONYM_TERM_INDEX` (`TERM`)
) ENGINE=InnoDB DEFAULT CHARSET=latin1;
/*!40101 SET character_set_client = @saved_cs_client */;

--
-- Dumping data for table `BLC_SEARCH_SYNONYM`
--

LOCK TABLES `BLC_SEARCH_SYNONYM` WRITE;
/*!40000 ALTER TABLE `BLC_SEARCH_SYNONYM` DISABLE KEYS */;
/*!40000 ALTER TABLE `BLC_SEARCH_SYNONYM` ENABLE KEYS */;
UNLOCK TABLES;

--
-- Table structure for table `BLC_SHIPPING_RATE`
--

DROP TABLE IF EXISTS `BLC_SHIPPING_RATE`;
/*!40101 SET @saved_cs_client     = @@character_set_client */;
/*!40101 SET character_set_client = utf8 */;
CREATE TABLE `BLC_SHIPPING_RATE` (
  `ID` bigint(20) NOT NULL,
  `BAND_RESULT_PCT` int(11) NOT NULL,
  `BAND_RESULT_QTY` decimal(19,2) NOT NULL,
  `BAND_UNIT_QTY` decimal(19,2) NOT NULL,
  `FEE_BAND` int(11) NOT NULL,
  `FEE_SUB_TYPE` varchar(255) DEFAULT NULL,
  `FEE_TYPE` varchar(255) NOT NULL,
  PRIMARY KEY (`ID`),
  KEY `SHIPPINGRATE_FEESUB_INDEX` (`FEE_SUB_TYPE`),
  KEY `SHIPPINGRATE_FEE_INDEX` (`FEE_TYPE`)
) ENGINE=InnoDB DEFAULT CHARSET=latin1;
/*!40101 SET character_set_client = @saved_cs_client */;

--
-- Dumping data for table `BLC_SHIPPING_RATE`
--

LOCK TABLES `BLC_SHIPPING_RATE` WRITE;
/*!40000 ALTER TABLE `BLC_SHIPPING_RATE` DISABLE KEYS */;
/*!40000 ALTER TABLE `BLC_SHIPPING_RATE` ENABLE KEYS */;
UNLOCK TABLES;

--
-- Table structure for table `BLC_SITE`
--

DROP TABLE IF EXISTS `BLC_SITE`;
/*!40101 SET @saved_cs_client     = @@character_set_client */;
/*!40101 SET character_set_client = utf8 */;
CREATE TABLE `BLC_SITE` (
  `SITE_ID` bigint(20) NOT NULL,
  `ARCHIVED` char(1) DEFAULT NULL,
  `CREATED_BY` bigint(20) DEFAULT NULL,
  `DATE_CREATED` datetime DEFAULT NULL,
  `DATE_UPDATED` datetime DEFAULT NULL,
  `UPDATED_BY` bigint(20) DEFAULT NULL,
  `DEACTIVATED` bit(1) DEFAULT NULL,
  `NAME` varchar(255) DEFAULT NULL,
  `SITE_IDENTIFIER_TYPE` varchar(255) DEFAULT NULL,
  `SITE_IDENTIFIER_VALUE` varchar(255) DEFAULT NULL,
  PRIMARY KEY (`SITE_ID`),
  KEY `BLC_SITE_ID_VAL_INDEX` (`SITE_IDENTIFIER_VALUE`)
) ENGINE=InnoDB DEFAULT CHARSET=latin1;
/*!40101 SET character_set_client = @saved_cs_client */;

--
-- Dumping data for table `BLC_SITE`
--

LOCK TABLES `BLC_SITE` WRITE;
/*!40000 ALTER TABLE `BLC_SITE` DISABLE KEYS */;
/*!40000 ALTER TABLE `BLC_SITE` ENABLE KEYS */;
UNLOCK TABLES;

--
-- Table structure for table `BLC_SITE_CATALOG`
--

DROP TABLE IF EXISTS `BLC_SITE_CATALOG`;
/*!40101 SET @saved_cs_client     = @@character_set_client */;
/*!40101 SET character_set_client = utf8 */;
CREATE TABLE `BLC_SITE_CATALOG` (
  `SITE_CATALOG_XREF_ID` bigint(20) NOT NULL,
  `CATALOG_ID` bigint(20) NOT NULL,
  `SITE_ID` bigint(20) NOT NULL,
  PRIMARY KEY (`SITE_CATALOG_XREF_ID`),
  KEY `FKho5bxxfvt21ijan47er38vnyu` (`CATALOG_ID`),
  KEY `FKmktxeb1okchyhs2mxat1nk6s5` (`SITE_ID`),
  CONSTRAINT `FKho5bxxfvt21ijan47er38vnyu` FOREIGN KEY (`CATALOG_ID`) REFERENCES `BLC_CATALOG` (`CATALOG_ID`),
  CONSTRAINT `FKmktxeb1okchyhs2mxat1nk6s5` FOREIGN KEY (`SITE_ID`) REFERENCES `BLC_SITE` (`SITE_ID`)
) ENGINE=InnoDB DEFAULT CHARSET=latin1;
/*!40101 SET character_set_client = @saved_cs_client */;

--
-- Dumping data for table `BLC_SITE_CATALOG`
--

LOCK TABLES `BLC_SITE_CATALOG` WRITE;
/*!40000 ALTER TABLE `BLC_SITE_CATALOG` DISABLE KEYS */;
/*!40000 ALTER TABLE `BLC_SITE_CATALOG` ENABLE KEYS */;
UNLOCK TABLES;

--
-- Table structure for table `BLC_SITE_MAP_CFG`
--

DROP TABLE IF EXISTS `BLC_SITE_MAP_CFG`;
/*!40101 SET @saved_cs_client     = @@character_set_client */;
/*!40101 SET character_set_client = utf8 */;
CREATE TABLE `BLC_SITE_MAP_CFG` (
  `INDEXED_SITE_MAP_FILE_NAME` varchar(255) DEFAULT NULL,
  `INDEXED_SITE_MAP_FILE_PATTERN` varchar(255) DEFAULT NULL,
  `MAX_URL_ENTRIES_PER_FILE` int(11) DEFAULT NULL,
  `SITE_MAP_FILE_NAME` varchar(255) DEFAULT NULL,
  `MODULE_CONFIG_ID` bigint(20) NOT NULL,
  PRIMARY KEY (`MODULE_CONFIG_ID`),
  CONSTRAINT `FKdskgdyr42vk7c8g92bxir3wej` FOREIGN KEY (`MODULE_CONFIG_ID`) REFERENCES `BLC_MODULE_CONFIGURATION` (`MODULE_CONFIG_ID`)
) ENGINE=InnoDB DEFAULT CHARSET=latin1;
/*!40101 SET character_set_client = @saved_cs_client */;

--
-- Dumping data for table `BLC_SITE_MAP_CFG`
--

LOCK TABLES `BLC_SITE_MAP_CFG` WRITE;
/*!40000 ALTER TABLE `BLC_SITE_MAP_CFG` DISABLE KEYS */;
INSERT INTO `BLC_SITE_MAP_CFG` VALUES (NULL,NULL,NULL,NULL,-1);
/*!40000 ALTER TABLE `BLC_SITE_MAP_CFG` ENABLE KEYS */;
UNLOCK TABLES;

--
-- Table structure for table `BLC_SITE_MAP_GEN_CFG`
--

DROP TABLE IF EXISTS `BLC_SITE_MAP_GEN_CFG`;
/*!40101 SET @saved_cs_client     = @@character_set_client */;
/*!40101 SET character_set_client = utf8 */;
CREATE TABLE `BLC_SITE_MAP_GEN_CFG` (
  `GEN_CONFIG_ID` bigint(20) NOT NULL,
  `CHANGE_FREQ` varchar(255) NOT NULL,
  `DISABLED` bit(1) NOT NULL,
  `GENERATOR_TYPE` varchar(255) NOT NULL,
  `PRIORITY` varchar(255) DEFAULT NULL,
  `MODULE_CONFIG_ID` bigint(20) NOT NULL,
  PRIMARY KEY (`GEN_CONFIG_ID`),
  KEY `FKmw4fb38sdenx8kjrxg5v8mjei` (`MODULE_CONFIG_ID`),
  CONSTRAINT `FKmw4fb38sdenx8kjrxg5v8mjei` FOREIGN KEY (`MODULE_CONFIG_ID`) REFERENCES `BLC_SITE_MAP_CFG` (`MODULE_CONFIG_ID`)
) ENGINE=InnoDB DEFAULT CHARSET=latin1;
/*!40101 SET character_set_client = @saved_cs_client */;

--
-- Dumping data for table `BLC_SITE_MAP_GEN_CFG`
--

LOCK TABLES `BLC_SITE_MAP_GEN_CFG` WRITE;
/*!40000 ALTER TABLE `BLC_SITE_MAP_GEN_CFG` DISABLE KEYS */;
INSERT INTO `BLC_SITE_MAP_GEN_CFG` VALUES (-8,'HOURLY',_binary '','SKU','0.5',-1),(-7,'HOURLY',_binary '\0','CATEGORY','0.5',-1),(-6,'HOURLY',_binary '\0','CATEGORY','0.5',-1),(-5,'HOURLY',_binary '\0','CATEGORY','0.5',-1),(-4,'HOURLY',_binary '\0','CATEGORY','0.5',-1),(-3,'HOURLY',_binary '\0','PAGE','0.5',-1),(-2,'HOURLY',_binary '\0','PRODUCT','0.5',-1),(-1,'HOURLY',_binary '\0','CUSTOM','0.5',-1);
/*!40000 ALTER TABLE `BLC_SITE_MAP_GEN_CFG` ENABLE KEYS */;
UNLOCK TABLES;

--
-- Table structure for table `BLC_SITE_MAP_URL_ENTRY`
--

DROP TABLE IF EXISTS `BLC_SITE_MAP_URL_ENTRY`;
/*!40101 SET @saved_cs_client     = @@character_set_client */;
/*!40101 SET character_set_client = utf8 */;
CREATE TABLE `BLC_SITE_MAP_URL_ENTRY` (
  `URL_ENTRY_ID` bigint(20) NOT NULL,
  `CHANGE_FREQ` varchar(255) NOT NULL,
  `LAST_MODIFIED` datetime NOT NULL,
  `LOCATION` varchar(255) NOT NULL,
  `PRIORITY` varchar(255) NOT NULL,
  `GEN_CONFIG_ID` bigint(20) NOT NULL,
  PRIMARY KEY (`URL_ENTRY_ID`),
  KEY `FKrvkeinfysjshg9ulmxno9rhla` (`GEN_CONFIG_ID`),
  CONSTRAINT `FKrvkeinfysjshg9ulmxno9rhla` FOREIGN KEY (`GEN_CONFIG_ID`) REFERENCES `BLC_CUST_SITE_MAP_GEN_CFG` (`GEN_CONFIG_ID`)
) ENGINE=InnoDB DEFAULT CHARSET=latin1;
/*!40101 SET character_set_client = @saved_cs_client */;

--
-- Dumping data for table `BLC_SITE_MAP_URL_ENTRY`
--

LOCK TABLES `BLC_SITE_MAP_URL_ENTRY` WRITE;
/*!40000 ALTER TABLE `BLC_SITE_MAP_URL_ENTRY` DISABLE KEYS */;
/*!40000 ALTER TABLE `BLC_SITE_MAP_URL_ENTRY` ENABLE KEYS */;
UNLOCK TABLES;

--
-- Table structure for table `BLC_SKU`
--

DROP TABLE IF EXISTS `BLC_SKU`;
/*!40101 SET @saved_cs_client     = @@character_set_client */;
/*!40101 SET character_set_client = utf8 */;
CREATE TABLE `BLC_SKU` (
  `SKU_ID` bigint(20) NOT NULL,
  `ACTIVE_END_DATE` datetime DEFAULT NULL,
  `ACTIVE_START_DATE` datetime DEFAULT NULL,
  `AVAILABLE_FLAG` char(1) DEFAULT NULL,
  `COST` decimal(19,5) DEFAULT NULL,
  `DESCRIPTION` varchar(255) DEFAULT NULL,
  `CONTAINER_SHAPE` varchar(255) DEFAULT NULL,
  `DEPTH` decimal(19,2) DEFAULT NULL,
  `DIMENSION_UNIT_OF_MEASURE` varchar(255) DEFAULT NULL,
  `GIRTH` decimal(19,2) DEFAULT NULL,
  `HEIGHT` decimal(19,2) DEFAULT NULL,
  `CONTAINER_SIZE` varchar(255) DEFAULT NULL,
  `WIDTH` decimal(19,2) DEFAULT NULL,
  `DISCOUNTABLE_FLAG` char(1) DEFAULT NULL,
  `DISPLAY_TEMPLATE` varchar(255) DEFAULT NULL,
  `EXTERNAL_ID` varchar(255) DEFAULT NULL,
  `FULFILLMENT_TYPE` varchar(255) DEFAULT NULL,
  `INVENTORY_TYPE` varchar(255) DEFAULT NULL,
  `IS_MACHINE_SORTABLE` bit(1) DEFAULT NULL,
  `LONG_DESCRIPTION` longtext,
  `NAME` varchar(255) DEFAULT NULL,
  `QUANTITY_AVAILABLE` int(11) DEFAULT NULL,
  `RETAIL_PRICE` decimal(19,5) DEFAULT NULL,
  `SALE_PRICE` decimal(19,5) DEFAULT NULL,
  `TAX_CODE` varchar(255) DEFAULT NULL,
  `TAXABLE_FLAG` char(1) DEFAULT NULL,
  `UPC` varchar(255) DEFAULT NULL,
  `URL_KEY` varchar(255) DEFAULT NULL,
  `WEIGHT` decimal(19,2) DEFAULT NULL,
  `WEIGHT_UNIT_OF_MEASURE` varchar(255) DEFAULT NULL,
  `CURRENCY_CODE` varchar(255) DEFAULT NULL,
  `DEFAULT_PRODUCT_ID` bigint(20) DEFAULT NULL,
  `ADDL_PRODUCT_ID` bigint(20) DEFAULT NULL,
  PRIMARY KEY (`SKU_ID`),
  KEY `SKU_ACTIVE_END_INDEX` (`ACTIVE_END_DATE`),
  KEY `SKU_ACTIVE_START_INDEX` (`ACTIVE_START_DATE`),
  KEY `SKU_AVAILABLE_INDEX` (`AVAILABLE_FLAG`),
  KEY `SKU_DISCOUNTABLE_INDEX` (`DISCOUNTABLE_FLAG`),
  KEY `SKU_EXTERNAL_ID_INDEX` (`EXTERNAL_ID`),
  KEY `SKU_NAME_INDEX` (`NAME`),
  KEY `SKU_TAXABLE_INDEX` (`TAXABLE_FLAG`),
  KEY `SKU_UPC_INDEX` (`UPC`),
  KEY `SKU_URL_KEY_INDEX` (`URL_KEY`),
  KEY `FKdowfc15iv11csxhs4itbfbowh` (`CURRENCY_CODE`),
  KEY `FK9akww2wqlf0xt7rvupxtv193c` (`DEFAULT_PRODUCT_ID`),
  KEY `FKseqmjfh1kdphq3eeplsuf6nj4` (`ADDL_PRODUCT_ID`),
  CONSTRAINT `FK9akww2wqlf0xt7rvupxtv193c` FOREIGN KEY (`DEFAULT_PRODUCT_ID`) REFERENCES `BLC_PRODUCT` (`PRODUCT_ID`),
  CONSTRAINT `FKdowfc15iv11csxhs4itbfbowh` FOREIGN KEY (`CURRENCY_CODE`) REFERENCES `BLC_CURRENCY` (`CURRENCY_CODE`),
  CONSTRAINT `FKseqmjfh1kdphq3eeplsuf6nj4` FOREIGN KEY (`ADDL_PRODUCT_ID`) REFERENCES `BLC_PRODUCT` (`PRODUCT_ID`)
) ENGINE=InnoDB DEFAULT CHARSET=latin1;
/*!40101 SET character_set_client = @saved_cs_client */;

--
-- Dumping data for table `BLC_SKU`
--

LOCK TABLES `BLC_SKU` WRITE;
/*!40000 ALTER TABLE `BLC_SKU` DISABLE KEYS */;
INSERT INTO `BLC_SKU` VALUES (1,NULL,'2021-11-07 16:37:07',NULL,3.89000,NULL,NULL,NULL,NULL,NULL,NULL,NULL,NULL,'Y',NULL,NULL,NULL,'CHECK_QUANTITY',NULL,'As my Chilipals know, I am never one to be satisfied. Hence, the creation of Sudden Death. When you need to go beyond... Sudden Death will deliver! ','Sudden Death Sauce',NULL,10.99000,NULL,NULL,'Y',NULL,NULL,NULL,NULL,NULL,1,NULL),(2,NULL,'2021-11-07 16:37:07',NULL,3.79000,NULL,NULL,NULL,NULL,NULL,NULL,NULL,NULL,'Y',NULL,NULL,NULL,'CHECK_QUANTITY',NULL,'The perfect topper for chicken, fish, burgers or pizza. A great blend of Habanero, Mango, Passion Fruit and more make this Death Sauce an amazing tropical treat.','Sweet Death Sauce',NULL,10.99000,NULL,NULL,'Y',NULL,NULL,NULL,NULL,NULL,2,NULL),(3,NULL,'2021-11-07 16:37:07',NULL,3.00000,NULL,NULL,NULL,NULL,NULL,NULL,NULL,NULL,'Y',NULL,NULL,NULL,NULL,NULL,'Tangy, ripe cayenne peppes flow together with garlic, onion, tomato paste and a hint of cane sugar to make this a smooth sauce with a bite.  Wonderful on eggs, poultry, pork, or fish, this sauce blends to make rich marinades and soups.','Hoppin\' Hot Sauce',NULL,4.99000,NULL,NULL,'Y',NULL,NULL,NULL,NULL,NULL,3,NULL),(4,NULL,'2021-11-07 16:37:07',NULL,4.50000,NULL,NULL,NULL,NULL,NULL,NULL,NULL,NULL,'Y',NULL,NULL,NULL,NULL,NULL,'When any pepper is dried and smoked, it is referred to as a Chipotle. Usually with a wrinkled, drak brown appearance, the Chipotle delivers a smokey, sweet flavor which is generally used for adding a smokey, roasted flavor to salsas, stews and marinades.','Day of the Dead Chipotle Hot Sauce',NULL,6.99000,NULL,NULL,'Y',NULL,NULL,NULL,NULL,NULL,4,NULL),(5,NULL,'2021-11-07 16:37:07',NULL,5.50000,NULL,NULL,NULL,NULL,NULL,NULL,NULL,NULL,'Y',NULL,NULL,NULL,NULL,NULL,'If you want hot, this is the chile to choose. Native to the Carribean, Yucatan and Northern Coast of South America, the Habanero presents itself in a variety of colors ranging from light green to a bright red. The Habanero\'s bold heat, unique flavor and aroma has made it the favorite of chile lovers.','Day of the Dead Habanero Hot Sauce',NULL,6.99000,NULL,NULL,'Y',NULL,NULL,NULL,NULL,NULL,5,NULL),(6,NULL,'2021-11-07 16:37:07',NULL,5.40000,NULL,NULL,NULL,NULL,NULL,NULL,NULL,NULL,'Y',NULL,NULL,NULL,NULL,NULL,'Often mistaken for the Habanero, the Scotch Bonnet has a deeply inverted tip as opposed to the pointed end of the Habanero. Ranging in many colors from green to yellow-orange, the Scotch Bonnet is a staple in West Indies and Barbados style pepper sauces.','Day of the Dead Scotch Bonnet Hot Sauce',NULL,6.99000,NULL,NULL,'Y',NULL,NULL,NULL,NULL,NULL,6,NULL),(7,NULL,'2021-11-07 16:37:07',NULL,8.10000,NULL,NULL,NULL,NULL,NULL,NULL,NULL,NULL,'Y',NULL,NULL,NULL,NULL,NULL,'Made with Naga Bhut Jolokia, the World\'s Hottest pepper.','Green Ghost',NULL,11.99000,9.99000,NULL,'Y',NULL,NULL,NULL,NULL,NULL,7,NULL),(8,NULL,'2021-11-07 16:37:07',NULL,3.00000,NULL,NULL,NULL,NULL,NULL,NULL,NULL,NULL,'Y',NULL,NULL,NULL,NULL,NULL,'You bet your boots, this hot sauce earned its name from folks that appreciate an outstanding hot sauce. What you\'ll find here is a truly original zesty flavor, not an overpowering pungency that is found in those ordinary Tabasco pepper sauces - even though the pepper used in this product was tested at 285,000 Scoville units. So, saddle up for a ride to remember. To make sure we brought you only the finest Habanero pepper sauce, we went to the foothills of the Mayan mountains in Belize, Central America. This product is prepared entirely by hand using only fresh vegetables and all natural ingredients.','Blazin\' Saddle XXX Hot Habanero Pepper Sauce',NULL,4.99000,3.99000,NULL,'Y',NULL,NULL,NULL,NULL,NULL,8,NULL),(9,NULL,'2021-11-07 16:37:07',NULL,5.30000,NULL,NULL,NULL,NULL,NULL,NULL,NULL,NULL,'Y',NULL,NULL,NULL,NULL,NULL,'All Hell is breaking loose, fire &amp; brimstone rain down? prepare to meet your maker.','Armageddon The Hot Sauce To End All',NULL,12.99000,NULL,NULL,'Y',NULL,NULL,NULL,NULL,NULL,9,NULL),(10,NULL,'2021-11-07 16:37:07',NULL,6.89000,NULL,NULL,NULL,NULL,NULL,NULL,NULL,NULL,'Y',NULL,NULL,NULL,NULL,NULL,'Here is the Prescription for those who enjoy intolerable heat. Dr. Chilemeister\'s sick and evil deadly brew should be used with caution. Pain can become addictive!','Dr. Chilemeister\'s Insane Hot Sauce',NULL,12.99000,10.99000,NULL,'Y',NULL,NULL,NULL,NULL,NULL,10,NULL),(11,NULL,'2021-11-07 16:37:07',NULL,2.29000,NULL,NULL,NULL,NULL,NULL,NULL,NULL,NULL,'Y',NULL,NULL,NULL,NULL,NULL,'Been there, roped that. Hotter than a buckin\' mare in heat! Sprinkle on meat entrees, seafood and vegetables. Use as additive in barbecue sauce or any food that needs a spicy flavor. Start with a few drops and work up to the desired flavor.','Bull Snort Cowboy Cayenne Pepper Hot Sauce',NULL,3.99000,2.99000,NULL,'Y',NULL,NULL,NULL,NULL,NULL,11,NULL),(12,NULL,'2021-11-07 16:37:07',NULL,3.09000,NULL,NULL,NULL,NULL,NULL,NULL,NULL,NULL,'Y',NULL,NULL,NULL,NULL,NULL,'One of the more unusual sauces we sell. The original was an old style Cajun sauce and this is it\'s updated blackening version. It\'s sweet but you get a great hit of cinnamon and cloves with a nice kick of cayenne heat. Use on all foods to give that Cajun flair!','Cafe Louisiane Sweet Cajun Blackening Sauce',NULL,4.99000,NULL,NULL,'Y',NULL,NULL,NULL,NULL,NULL,12,NULL),(13,NULL,'2021-11-07 16:37:07',NULL,2.99000,NULL,NULL,NULL,NULL,NULL,NULL,NULL,NULL,'Y',NULL,NULL,NULL,NULL,NULL,'Everything is bigger in Texas, even the burn of a Bull Snortin\' Hot Sauce! shower on that Texas sized steak they call the Ole 96er or your plane Jane vegetables. If you are a fan on making BBQ sauce from scratch like I am, you can use Bull Snort Smokin\' Tonsils Hot Sauce as an additive. Red hot habaneros and cayenne peppers give this tonsil tingler it\'s famous flavor and red hot heat. Bull Snort Smokin\' Tonsils Hot Sauce\'ll have your bowels buckin\' with just a drop!','Bull Snort Smokin\' Toncils Hot Sauce',NULL,3.99000,NULL,NULL,'Y',NULL,NULL,NULL,NULL,NULL,13,NULL),(14,NULL,'2021-11-07 16:37:07',NULL,3.99000,NULL,NULL,NULL,NULL,NULL,NULL,NULL,NULL,'Y',NULL,NULL,NULL,NULL,NULL,'This sauce gets its great flavor from aged peppers and cane vinegar. It will enhance the flavor of most any meal.','Cool Cayenne Pepper Hot Sauce',NULL,5.99000,NULL,NULL,'Y',NULL,NULL,NULL,NULL,NULL,14,NULL),(15,NULL,'2021-11-07 16:37:07',NULL,4.29000,NULL,NULL,NULL,NULL,NULL,NULL,NULL,NULL,'Y',NULL,NULL,NULL,NULL,NULL,'This sauce gets its great flavor from aged peppers and cane vinegar. It will enhance the flavor of most any meal.','Roasted Garlic Hot Sauce',NULL,5.99000,NULL,NULL,'Y',NULL,NULL,NULL,NULL,NULL,15,NULL),(16,NULL,'2021-11-07 16:37:07',NULL,2.89000,NULL,NULL,NULL,NULL,NULL,NULL,NULL,NULL,'Y',NULL,NULL,NULL,NULL,NULL,'This sauce gets its great flavor from aged peppers and cane vinegar. It will enhance the flavor of most any meal.','Scotch Bonnet Hot Sauce',NULL,5.99000,NULL,NULL,'Y',NULL,NULL,NULL,NULL,NULL,16,NULL),(17,NULL,'2021-11-07 16:37:07',NULL,3.50000,NULL,NULL,NULL,NULL,NULL,NULL,NULL,NULL,'Y',NULL,NULL,NULL,NULL,NULL,'This sauce gets its great flavor from aged peppers and cane vinegar. It will enhance the flavor of most any meal.','Insanity Sauce',NULL,5.99000,4.99000,NULL,'Y',NULL,NULL,NULL,NULL,NULL,17,NULL),(18,NULL,'2021-11-07 16:37:07',NULL,3.25000,NULL,NULL,NULL,NULL,NULL,NULL,NULL,NULL,'Y',NULL,NULL,NULL,NULL,NULL,'This sauce gets its great flavor from aged peppers and cane vinegar. It will enhance the flavor of most any meal.','Hurtin\' Jalapeno Hot Sauce',NULL,5.99000,4.49000,NULL,'Y',NULL,NULL,NULL,NULL,NULL,18,NULL),(19,NULL,'2021-11-07 16:37:07',NULL,2.59000,NULL,NULL,NULL,NULL,NULL,NULL,NULL,NULL,'Y',NULL,NULL,NULL,NULL,NULL,'This sauce gets its great flavor from aged peppers and cane vinegar. It will enhance the flavor of most any meal.','Roasted Red Pepper & Chipotle Hot Sauce',NULL,5.99000,4.09000,NULL,'Y',NULL,NULL,NULL,NULL,NULL,19,NULL),(100,NULL,'2021-11-07 16:37:08',NULL,4.99000,NULL,NULL,NULL,NULL,NULL,NULL,NULL,NULL,'Y',NULL,NULL,NULL,NULL,NULL,'Men\'s Habanero collection standard short sleeve screen-printed tee shirt in soft 30 singles cotton in regular fit.','Hawt Like a Habanero Shirt (Men\'s)',NULL,14.99000,NULL,NULL,'Y',NULL,NULL,NULL,NULL,NULL,100,NULL),(111,NULL,'2021-11-07 16:37:09',NULL,NULL,NULL,NULL,NULL,NULL,NULL,NULL,NULL,NULL,'Y',NULL,NULL,NULL,NULL,NULL,'Men\'s Habanero collection standard short sleeve screen-printed tee shirt in soft 30 singles cotton in regular fit.','Hawt Like a Habanero Shirt (Men\'s)',NULL,14.99000,NULL,NULL,'Y',NULL,'/black_s',NULL,NULL,NULL,NULL,100),(112,NULL,'2021-11-07 16:37:09',NULL,NULL,NULL,NULL,NULL,NULL,NULL,NULL,NULL,NULL,'Y',NULL,NULL,NULL,NULL,NULL,'Men\'s Habanero collection standard short sleeve screen-printed tee shirt in soft 30 singles cotton in regular fit.','Hawt Like a Habanero Shirt (Men\'s)',NULL,14.99000,NULL,NULL,'Y',NULL,'/black_m',NULL,NULL,NULL,NULL,100),(113,NULL,'2021-11-07 16:37:09',NULL,NULL,NULL,NULL,NULL,NULL,NULL,NULL,NULL,NULL,'Y',NULL,NULL,NULL,NULL,NULL,'Men\'s Habanero collection standard short sleeve screen-printed tee shirt in soft 30 singles cotton in regular fit.','Hawt Like a Habanero Shirt (Men\'s)',NULL,14.99000,NULL,NULL,'Y',NULL,'/black_l',NULL,NULL,NULL,NULL,100),(114,NULL,'2021-11-07 16:37:09',NULL,NULL,NULL,NULL,NULL,NULL,NULL,NULL,NULL,NULL,'Y',NULL,NULL,NULL,NULL,NULL,'Men\'s Habanero collection standard short sleeve screen-printed tee shirt in soft 30 singles cotton in regular fit.','Hawt Like a Habanero Shirt (Men\'s)',NULL,16.99000,NULL,NULL,'Y',NULL,'/black_xl',NULL,NULL,NULL,NULL,100),(121,NULL,'2021-11-07 16:37:10',NULL,NULL,NULL,NULL,NULL,NULL,NULL,NULL,NULL,NULL,'Y',NULL,NULL,NULL,NULL,NULL,'Men\'s Habanero collection standard short sleeve screen-printed tee shirt in soft 30 singles cotton in regular fit.','Hawt Like a Habanero Shirt (Men\'s)',NULL,14.99000,NULL,NULL,'Y',NULL,'/red_s',NULL,NULL,NULL,NULL,100),(122,NULL,'2021-11-07 16:37:10',NULL,NULL,NULL,NULL,NULL,NULL,NULL,NULL,NULL,NULL,'Y',NULL,NULL,NULL,NULL,NULL,'Men\'s Habanero collection standard short sleeve screen-printed tee shirt in soft 30 singles cotton in regular fit.','Hawt Like a Habanero Shirt (Men\'s)',NULL,14.99000,NULL,NULL,'Y',NULL,'/red_m',NULL,NULL,NULL,NULL,100),(123,NULL,'2021-11-07 16:37:10',NULL,NULL,NULL,NULL,NULL,NULL,NULL,NULL,NULL,NULL,'Y',NULL,NULL,NULL,NULL,NULL,'Men\'s Habanero collection standard short sleeve screen-printed tee shirt in soft 30 singles cotton in regular fit.','Hawt Like a Habanero Shirt (Men\'s)',NULL,14.99000,NULL,NULL,'Y',NULL,'/red_l',NULL,NULL,NULL,NULL,100),(124,NULL,'2021-11-07 16:37:09',NULL,NULL,NULL,NULL,NULL,NULL,NULL,NULL,NULL,NULL,'Y',NULL,NULL,NULL,NULL,NULL,'Men\'s Habanero collection standard short sleeve screen-printed tee shirt in soft 30 singles cotton in regular fit.','Hawt Like a Habanero Shirt (Men\'s)',NULL,16.99000,NULL,NULL,'Y',NULL,'/red_xl',NULL,NULL,NULL,NULL,100),(131,NULL,'2021-11-07 16:37:10',NULL,NULL,NULL,NULL,NULL,NULL,NULL,NULL,NULL,NULL,'Y',NULL,NULL,NULL,NULL,NULL,'Men\'s Habanero collection standard short sleeve screen-printed tee shirt in soft 30 singles cotton in regular fit.','Hawt Like a Habanero Shirt (Men\'s)',NULL,14.99000,NULL,NULL,'Y',NULL,'/silver_s',NULL,NULL,NULL,NULL,100),(132,NULL,'2021-11-07 16:37:10',NULL,NULL,NULL,NULL,NULL,NULL,NULL,NULL,NULL,NULL,'Y',NULL,NULL,NULL,NULL,NULL,'Men\'s Habanero collection standard short sleeve screen-printed tee shirt in soft 30 singles cotton in regular fit.','Hawt Like a Habanero Shirt (Men\'s)',NULL,14.99000,NULL,NULL,'Y',NULL,'/silver_m',NULL,NULL,NULL,NULL,100),(133,NULL,'2021-11-07 16:37:10',NULL,NULL,NULL,NULL,NULL,NULL,NULL,NULL,NULL,NULL,'Y',NULL,NULL,NULL,NULL,NULL,'Men\'s Habanero collection standard short sleeve screen-printed tee shirt in soft 30 singles cotton in regular fit.','Hawt Like a Habanero Shirt (Men\'s)',NULL,14.99000,NULL,NULL,'Y',NULL,'/silver_l',NULL,NULL,NULL,NULL,100),(134,NULL,'2021-11-07 16:37:09',NULL,NULL,NULL,NULL,NULL,NULL,NULL,NULL,NULL,NULL,'Y',NULL,NULL,NULL,NULL,NULL,'Men\'s Habanero collection standard short sleeve screen-printed tee shirt in soft 30 singles cotton in regular fit.','Hawt Like a Habanero Shirt (Men\'s)',NULL,16.99000,NULL,NULL,'Y',NULL,'/silver_xl',NULL,NULL,NULL,NULL,100),(200,NULL,'2021-11-07 16:37:08',NULL,4.69000,NULL,NULL,NULL,NULL,NULL,NULL,NULL,NULL,'Y',NULL,NULL,NULL,NULL,NULL,'Women\'s Habanero collection standard short sleeve screen-printed tee shirt in soft 30 singles cotton in regular fit.','Hawt Like a Habanero Shirt (Women\'s)',NULL,14.99000,NULL,NULL,'Y',NULL,NULL,NULL,NULL,NULL,200,NULL),(211,NULL,'2021-11-07 16:37:10',NULL,NULL,NULL,NULL,NULL,NULL,NULL,NULL,NULL,NULL,'Y',NULL,NULL,NULL,NULL,NULL,'Women\'s Habanero collection standard short sleeve screen-printed tee shirt in soft 30 singles cotton in regular fit.','Hawt Like a Habanero Shirt (Women\'s)',NULL,14.99000,NULL,NULL,'Y',NULL,'/black_s',NULL,NULL,NULL,NULL,200),(212,NULL,'2021-11-07 16:37:10',NULL,NULL,NULL,NULL,NULL,NULL,NULL,NULL,NULL,NULL,'Y',NULL,NULL,NULL,NULL,NULL,'Women\'s Habanero collection standard short sleeve screen-printed tee shirt in soft 30 singles cotton in regular fit.','Hawt Like a Habanero Shirt (Women\'s)',NULL,14.99000,NULL,NULL,'Y',NULL,'/black_m',NULL,NULL,NULL,NULL,200),(213,NULL,'2021-11-07 16:37:10',NULL,NULL,NULL,NULL,NULL,NULL,NULL,NULL,NULL,NULL,'Y',NULL,NULL,NULL,NULL,NULL,'Women\'s Habanero collection standard short sleeve screen-printed tee shirt in soft 30 singles cotton in regular fit.','Hawt Like a Habanero Shirt (Women\'s)',NULL,14.99000,NULL,NULL,'Y',NULL,'/black_l',NULL,NULL,NULL,NULL,200),(214,NULL,'2021-11-07 16:37:09',NULL,NULL,NULL,NULL,NULL,NULL,NULL,NULL,NULL,NULL,'Y',NULL,NULL,NULL,NULL,NULL,'Women\'s Habanero collection standard short sleeve screen-printed tee shirt in soft 30 singles cotton in regular fit.','Hawt Like a Habanero Shirt (Women\'s)',NULL,16.99000,NULL,NULL,'Y',NULL,'/black_xl',NULL,NULL,NULL,NULL,200),(221,NULL,'2021-11-07 16:37:10',NULL,NULL,NULL,NULL,NULL,NULL,NULL,NULL,NULL,NULL,'Y',NULL,NULL,NULL,NULL,NULL,'Women\'s Habanero collection standard short sleeve screen-printed tee shirt in soft 30 singles cotton in regular fit.','Hawt Like a Habanero Shirt (Women\'s)',NULL,14.99000,NULL,NULL,'Y',NULL,'/red_s',NULL,NULL,NULL,NULL,200),(222,NULL,'2021-11-07 16:37:10',NULL,NULL,NULL,NULL,NULL,NULL,NULL,NULL,NULL,NULL,'Y',NULL,NULL,NULL,NULL,NULL,'Women\'s Habanero collection standard short sleeve screen-printed tee shirt in soft 30 singles cotton in regular fit.','Hawt Like a Habanero Shirt (Women\'s)',NULL,14.99000,NULL,NULL,'Y',NULL,'/red_m',NULL,NULL,NULL,NULL,200),(223,NULL,'2021-11-07 16:37:10',NULL,NULL,NULL,NULL,NULL,NULL,NULL,NULL,NULL,NULL,'Y',NULL,NULL,NULL,NULL,NULL,'Women\'s Habanero collection standard short sleeve screen-printed tee shirt in soft 30 singles cotton in regular fit.','Hawt Like a Habanero Shirt (Women\'s)',NULL,14.99000,NULL,NULL,'Y',NULL,'/red_l',NULL,NULL,NULL,NULL,200),(224,NULL,'2021-11-07 16:37:09',NULL,NULL,NULL,NULL,NULL,NULL,NULL,NULL,NULL,NULL,'Y',NULL,NULL,NULL,NULL,NULL,'Women\'s Habanero collection standard short sleeve screen-printed tee shirt in soft 30 singles cotton in regular fit.','Hawt Like a Habanero Shirt (Women\'s)',NULL,16.99000,NULL,NULL,'Y',NULL,'/red_xl',NULL,NULL,NULL,NULL,200),(231,NULL,'2021-11-07 16:37:10',NULL,NULL,NULL,NULL,NULL,NULL,NULL,NULL,NULL,NULL,'Y',NULL,NULL,NULL,NULL,NULL,'Women\'s Habanero collection standard short sleeve screen-printed tee shirt in soft 30 singles cotton in regular fit.','Hawt Like a Habanero Shirt (Women\'s)',NULL,14.99000,NULL,NULL,'Y',NULL,'/silver_s',NULL,NULL,NULL,NULL,200),(232,NULL,'2021-11-07 16:37:10',NULL,NULL,NULL,NULL,NULL,NULL,NULL,NULL,NULL,NULL,'Y',NULL,NULL,NULL,NULL,NULL,'Women\'s Habanero collection standard short sleeve screen-printed tee shirt in soft 30 singles cotton in regular fit.','Hawt Like a Habanero Shirt (Women\'s)',NULL,14.99000,NULL,NULL,'Y',NULL,'/silver_m',NULL,NULL,NULL,NULL,200),(233,NULL,'2021-11-07 16:37:10',NULL,NULL,NULL,NULL,NULL,NULL,NULL,NULL,NULL,NULL,'Y',NULL,NULL,NULL,NULL,NULL,'Women\'s Habanero collection standard short sleeve screen-printed tee shirt in soft 30 singles cotton in regular fit.','Hawt Like a Habanero Shirt (Women\'s)',NULL,14.99000,NULL,NULL,'Y',NULL,'/silver_l',NULL,NULL,NULL,NULL,200),(234,NULL,'2021-11-07 16:37:09',NULL,NULL,NULL,NULL,NULL,NULL,NULL,NULL,NULL,NULL,'Y',NULL,NULL,NULL,NULL,NULL,'Women\'s Habanero collection standard short sleeve screen-printed tee shirt in soft 30 singles cotton in regular fit.','Hawt Like a Habanero Shirt (Women\'s)',NULL,16.99000,NULL,NULL,'Y',NULL,'/silver_xl',NULL,NULL,NULL,NULL,200),(300,NULL,'2021-11-07 16:37:08',NULL,5.29000,NULL,NULL,NULL,NULL,NULL,NULL,NULL,NULL,'Y',NULL,NULL,NULL,NULL,NULL,'This hand-drawn logo shirt for men features a regular fit in three different colors','Heat Clinic Hand-Drawn (Men\'s)',NULL,15.99000,NULL,NULL,'Y',NULL,NULL,NULL,NULL,NULL,300,NULL),(311,NULL,'2021-11-07 16:37:10',NULL,NULL,NULL,NULL,NULL,NULL,NULL,NULL,NULL,NULL,'Y',NULL,NULL,NULL,NULL,NULL,'This hand-drawn logo shirt for men features a regular fit in three different colors','Heat Clinic Hand-Drawn (Men\'s)',NULL,15.99000,NULL,NULL,'Y',NULL,'/black_s',NULL,NULL,NULL,NULL,300),(312,NULL,'2021-11-07 16:37:10',NULL,NULL,NULL,NULL,NULL,NULL,NULL,NULL,NULL,NULL,'Y',NULL,NULL,NULL,NULL,NULL,'This hand-drawn logo shirt for men features a regular fit in three different colors','Heat Clinic Hand-Drawn (Men\'s)',NULL,15.99000,NULL,NULL,'Y',NULL,'/black_m',NULL,NULL,NULL,NULL,300),(313,NULL,'2021-11-07 16:37:10',NULL,NULL,NULL,NULL,NULL,NULL,NULL,NULL,NULL,NULL,'Y',NULL,NULL,NULL,NULL,NULL,'This hand-drawn logo shirt for men features a regular fit in three different colors','Heat Clinic Hand-Drawn (Men\'s)',NULL,15.99000,NULL,NULL,'Y',NULL,'/black_l',NULL,NULL,NULL,NULL,300),(314,NULL,'2021-11-07 16:37:09',NULL,NULL,NULL,NULL,NULL,NULL,NULL,NULL,NULL,NULL,'Y',NULL,NULL,NULL,NULL,NULL,'This hand-drawn logo shirt for men features a regular fit in three different colors','Heat Clinic Hand-Drawn (Men\'s)',NULL,16.99000,NULL,NULL,'Y',NULL,'/black_xl',NULL,NULL,NULL,NULL,300),(321,NULL,'2021-11-07 16:37:10',NULL,NULL,NULL,NULL,NULL,NULL,NULL,NULL,NULL,NULL,'Y',NULL,NULL,NULL,NULL,NULL,'This hand-drawn logo shirt for men features a regular fit in three different colors','Heat Clinic Hand-Drawn (Men\'s)',NULL,15.99000,NULL,NULL,'Y',NULL,'/red_s',NULL,NULL,NULL,NULL,300),(322,NULL,'2021-11-07 16:37:10',NULL,NULL,NULL,NULL,NULL,NULL,NULL,NULL,NULL,NULL,'Y',NULL,NULL,NULL,NULL,NULL,'This hand-drawn logo shirt for men features a regular fit in three different colors','Heat Clinic Hand-Drawn (Men\'s)',NULL,15.99000,NULL,NULL,'Y',NULL,'/red_m',NULL,NULL,NULL,NULL,300),(323,NULL,'2021-11-07 16:37:10',NULL,NULL,NULL,NULL,NULL,NULL,NULL,NULL,NULL,NULL,'Y',NULL,NULL,NULL,NULL,NULL,'This hand-drawn logo shirt for men features a regular fit in three different colors','Heat Clinic Hand-Drawn (Men\'s)',NULL,15.99000,NULL,NULL,'Y',NULL,'/red_l',NULL,NULL,NULL,NULL,300),(324,NULL,'2021-11-07 16:37:09',NULL,NULL,NULL,NULL,NULL,NULL,NULL,NULL,NULL,NULL,'Y',NULL,NULL,NULL,NULL,NULL,'This hand-drawn logo shirt for men features a regular fit in three different colors','Heat Clinic Hand-Drawn (Men\'s)',NULL,16.99000,NULL,NULL,'Y',NULL,'/red_xl',NULL,NULL,NULL,NULL,300),(331,NULL,'2021-11-07 16:37:10',NULL,NULL,NULL,NULL,NULL,NULL,NULL,NULL,NULL,NULL,'Y',NULL,NULL,NULL,NULL,NULL,'This hand-drawn logo shirt for men features a regular fit in three different colors','Heat Clinic Hand-Drawn (Men\'s)',NULL,15.99000,NULL,NULL,'Y',NULL,'/silver_s',NULL,NULL,NULL,NULL,300),(332,NULL,'2021-11-07 16:37:10',NULL,NULL,NULL,NULL,NULL,NULL,NULL,NULL,NULL,NULL,'Y',NULL,NULL,NULL,NULL,NULL,'This hand-drawn logo shirt for men features a regular fit in three different colors','Heat Clinic Hand-Drawn (Men\'s)',NULL,15.99000,NULL,NULL,'Y',NULL,'/silver_m',NULL,NULL,NULL,NULL,300),(333,NULL,'2021-11-07 16:37:10',NULL,NULL,NULL,NULL,NULL,NULL,NULL,NULL,NULL,NULL,'Y',NULL,NULL,NULL,NULL,NULL,'This hand-drawn logo shirt for men features a regular fit in three different colors','Heat Clinic Hand-Drawn (Men\'s)',NULL,15.99000,NULL,NULL,'Y',NULL,'/silver_l',NULL,NULL,NULL,NULL,300),(334,NULL,'2021-11-07 16:37:09',NULL,NULL,NULL,NULL,NULL,NULL,NULL,NULL,NULL,NULL,'Y',NULL,NULL,NULL,NULL,NULL,'This hand-drawn logo shirt for men features a regular fit in three different colors','Heat Clinic Hand-Drawn (Men\'s)',NULL,16.99000,NULL,NULL,'Y',NULL,'/silver_xl',NULL,NULL,NULL,NULL,300),(400,NULL,'2021-11-07 16:37:08',NULL,5.49000,NULL,NULL,NULL,NULL,NULL,NULL,NULL,NULL,'Y',NULL,NULL,NULL,NULL,NULL,'This hand-drawn logo shirt for women features a regular fit in three different colors','Heat Clinic Hand-Drawn (Women\'s)',NULL,15.99000,NULL,NULL,'Y',NULL,NULL,NULL,NULL,NULL,400,NULL),(411,NULL,'2021-11-07 16:37:10',NULL,NULL,NULL,NULL,NULL,NULL,NULL,NULL,NULL,NULL,'Y',NULL,NULL,NULL,NULL,NULL,'This hand-drawn logo shirt for women features a regular fit in three different colors','Heat Clinic Hand-Drawn (Women\'s)',NULL,15.99000,NULL,NULL,'Y',NULL,'/black_s',NULL,NULL,NULL,NULL,400),(412,NULL,'2021-11-07 16:37:10',NULL,NULL,NULL,NULL,NULL,NULL,NULL,NULL,NULL,NULL,'Y',NULL,NULL,NULL,NULL,NULL,'This hand-drawn logo shirt for women features a regular fit in three different colors','Heat Clinic Hand-Drawn (Women\'s)',NULL,15.99000,NULL,NULL,'Y',NULL,'/black_m',NULL,NULL,NULL,NULL,400),(413,NULL,'2021-11-07 16:37:10',NULL,NULL,NULL,NULL,NULL,NULL,NULL,NULL,NULL,NULL,'Y',NULL,NULL,NULL,NULL,NULL,'This hand-drawn logo shirt for women features a regular fit in three different colors','Heat Clinic Hand-Drawn (Women\'s)',NULL,15.99000,NULL,NULL,'Y',NULL,'/black_l',NULL,NULL,NULL,NULL,400),(414,NULL,'2021-11-07 16:37:09',NULL,NULL,NULL,NULL,NULL,NULL,NULL,NULL,NULL,NULL,'Y',NULL,NULL,NULL,NULL,NULL,'This hand-drawn logo shirt for women features a regular fit in three different colors','Heat Clinic Hand-Drawn (Women\'s)',NULL,16.99000,NULL,NULL,'Y',NULL,'/black_xl',NULL,NULL,NULL,NULL,400),(421,NULL,'2021-11-07 16:37:10',NULL,NULL,NULL,NULL,NULL,NULL,NULL,NULL,NULL,NULL,'Y',NULL,NULL,NULL,NULL,NULL,'This hand-drawn logo shirt for women features a regular fit in three different colors','Heat Clinic Hand-Drawn (Women\'s)',NULL,15.99000,NULL,NULL,'Y',NULL,'/red_s',NULL,NULL,NULL,NULL,400),(422,NULL,'2021-11-07 16:37:10',NULL,NULL,NULL,NULL,NULL,NULL,NULL,NULL,NULL,NULL,'Y',NULL,NULL,NULL,NULL,NULL,'This hand-drawn logo shirt for women features a regular fit in three different colors','Heat Clinic Hand-Drawn (Women\'s)',NULL,15.99000,NULL,NULL,'Y',NULL,'/red_m',NULL,NULL,NULL,NULL,400),(423,NULL,'2021-11-07 16:37:10',NULL,NULL,NULL,NULL,NULL,NULL,NULL,NULL,NULL,NULL,'Y',NULL,NULL,NULL,NULL,NULL,'This hand-drawn logo shirt for women features a regular fit in three different colors','Heat Clinic Hand-Drawn (Women\'s)',NULL,15.99000,NULL,NULL,'Y',NULL,'/red_l',NULL,NULL,NULL,NULL,400),(424,NULL,'2021-11-07 16:37:09',NULL,NULL,NULL,NULL,NULL,NULL,NULL,NULL,NULL,NULL,'Y',NULL,NULL,NULL,NULL,NULL,'This hand-drawn logo shirt for women features a regular fit in three different colors','Heat Clinic Hand-Drawn (Women\'s)',NULL,16.99000,NULL,NULL,'Y',NULL,'/red_xl',NULL,NULL,NULL,NULL,400),(431,NULL,'2021-11-07 16:37:10',NULL,NULL,NULL,NULL,NULL,NULL,NULL,NULL,NULL,NULL,'Y',NULL,NULL,NULL,NULL,NULL,'This hand-drawn logo shirt for women features a regular fit in three different colors','Heat Clinic Hand-Drawn (Women\'s)',NULL,15.99000,NULL,NULL,'Y',NULL,'/silver_s',NULL,NULL,NULL,NULL,400),(432,NULL,'2021-11-07 16:37:10',NULL,NULL,NULL,NULL,NULL,NULL,NULL,NULL,NULL,NULL,'Y',NULL,NULL,NULL,NULL,NULL,'This hand-drawn logo shirt for women features a regular fit in three different colors','Heat Clinic Hand-Drawn (Women\'s)',NULL,15.99000,NULL,NULL,'Y',NULL,'/silver_m',NULL,NULL,NULL,NULL,400),(433,NULL,'2021-11-07 16:37:10',NULL,NULL,NULL,NULL,NULL,NULL,NULL,NULL,NULL,NULL,'Y',NULL,NULL,NULL,NULL,NULL,'This hand-drawn logo shirt for women features a regular fit in three different colors','Heat Clinic Hand-Drawn (Women\'s)',NULL,15.99000,NULL,NULL,'Y',NULL,'/silver_l',NULL,NULL,NULL,NULL,400),(434,NULL,'2021-11-07 16:37:09',NULL,NULL,NULL,NULL,NULL,NULL,NULL,NULL,NULL,NULL,'Y',NULL,NULL,NULL,NULL,NULL,'This hand-drawn logo shirt for women features a regular fit in three different colors','Heat Clinic Hand-Drawn (Women\'s)',NULL,16.99000,NULL,NULL,'Y',NULL,'/silver_xl',NULL,NULL,NULL,NULL,400),(500,NULL,'2021-11-07 16:37:08',NULL,4.89000,NULL,NULL,NULL,NULL,NULL,NULL,NULL,NULL,'Y',NULL,NULL,NULL,NULL,NULL,'Don\'t you just love our mascot? Get your very own shirt today!','Heat Clinic Mascot (Men\'s)',NULL,15.99000,NULL,NULL,'Y',NULL,NULL,NULL,NULL,NULL,500,NULL),(511,NULL,'2021-11-07 16:37:10',NULL,NULL,NULL,NULL,NULL,NULL,NULL,NULL,NULL,NULL,'Y',NULL,NULL,NULL,NULL,NULL,'Don\'t you just love our mascot? Get your very own shirt today!','Heat Clinic Mascot (Men\'s)',NULL,15.99000,NULL,NULL,'Y',NULL,'/black_s',NULL,NULL,NULL,NULL,500),(512,NULL,'2021-11-07 16:37:10',NULL,NULL,NULL,NULL,NULL,NULL,NULL,NULL,NULL,NULL,'Y',NULL,NULL,NULL,NULL,NULL,'Don\'t you just love our mascot? Get your very own shirt today!','Heat Clinic Mascot (Men\'s)',NULL,15.99000,NULL,NULL,'Y',NULL,'/black_m',NULL,NULL,NULL,NULL,500),(513,NULL,'2021-11-07 16:37:11',NULL,NULL,NULL,NULL,NULL,NULL,NULL,NULL,NULL,NULL,'Y',NULL,NULL,NULL,NULL,NULL,'Don\'t you just love our mascot? Get your very own shirt today!','Heat Clinic Mascot (Men\'s)',NULL,15.99000,NULL,NULL,'Y',NULL,'/black_l',NULL,NULL,NULL,NULL,500),(514,NULL,'2021-11-07 16:37:09',NULL,NULL,NULL,NULL,NULL,NULL,NULL,NULL,NULL,NULL,'Y',NULL,NULL,NULL,NULL,NULL,'Don\'t you just love our mascot? Get your very own shirt today!','Heat Clinic Mascot (Men\'s)',NULL,16.99000,NULL,NULL,'Y',NULL,'/black_xl',NULL,NULL,NULL,NULL,500),(521,NULL,'2021-11-07 16:37:11',NULL,NULL,NULL,NULL,NULL,NULL,NULL,NULL,NULL,NULL,'Y',NULL,NULL,NULL,NULL,NULL,'Don\'t you just love our mascot? Get your very own shirt today!','Heat Clinic Mascot (Men\'s)',NULL,15.99000,NULL,NULL,'Y',NULL,'/red_s',NULL,NULL,NULL,NULL,500),(522,NULL,'2021-11-07 16:37:11',NULL,NULL,NULL,NULL,NULL,NULL,NULL,NULL,NULL,NULL,'Y',NULL,NULL,NULL,NULL,NULL,'Don\'t you just love our mascot? Get your very own shirt today!','Heat Clinic Mascot (Men\'s)',NULL,15.99000,NULL,NULL,'Y',NULL,'/red_m',NULL,NULL,NULL,NULL,500),(523,NULL,'2021-11-07 16:37:11',NULL,NULL,NULL,NULL,NULL,NULL,NULL,NULL,NULL,NULL,'Y',NULL,NULL,NULL,NULL,NULL,'Don\'t you just love our mascot? Get your very own shirt today!','Heat Clinic Mascot (Men\'s)',NULL,15.99000,NULL,NULL,'Y',NULL,'/red_l',NULL,NULL,NULL,NULL,500),(524,NULL,'2021-11-07 16:37:09',NULL,NULL,NULL,NULL,NULL,NULL,NULL,NULL,NULL,NULL,'Y',NULL,NULL,NULL,NULL,NULL,'Don\'t you just love our mascot? Get your very own shirt today!','Heat Clinic Mascot (Men\'s)',NULL,16.99000,NULL,NULL,'Y',NULL,'/red_xl',NULL,NULL,NULL,NULL,500),(531,NULL,'2021-11-07 16:37:11',NULL,NULL,NULL,NULL,NULL,NULL,NULL,NULL,NULL,NULL,'Y',NULL,NULL,NULL,NULL,NULL,'Don\'t you just love our mascot? Get your very own shirt today!','Heat Clinic Mascot (Men\'s)',NULL,15.99000,NULL,NULL,'Y',NULL,'/silver_s',NULL,NULL,NULL,NULL,500),(532,NULL,'2021-11-07 16:37:11',NULL,NULL,NULL,NULL,NULL,NULL,NULL,NULL,NULL,NULL,'Y',NULL,NULL,NULL,NULL,NULL,'Don\'t you just love our mascot? Get your very own shirt today!','Heat Clinic Mascot (Men\'s)',NULL,15.99000,NULL,NULL,'Y',NULL,'/silver_m',NULL,NULL,NULL,NULL,500),(533,NULL,'2021-11-07 16:37:11',NULL,NULL,NULL,NULL,NULL,NULL,NULL,NULL,NULL,NULL,'Y',NULL,NULL,NULL,NULL,NULL,'Don\'t you just love our mascot? Get your very own shirt today!','Heat Clinic Mascot (Men\'s)',NULL,15.99000,NULL,NULL,'Y',NULL,'/silver_l',NULL,NULL,NULL,NULL,500),(534,NULL,'2021-11-07 16:37:09',NULL,NULL,NULL,NULL,NULL,NULL,NULL,NULL,NULL,NULL,'Y',NULL,NULL,NULL,NULL,NULL,'Don\'t you just love our mascot? Get your very own shirt today!','Heat Clinic Mascot (Men\'s)',NULL,16.99000,NULL,NULL,'Y',NULL,'/silver_xl',NULL,NULL,NULL,NULL,500),(600,NULL,'2021-11-07 16:37:08',NULL,4.99000,NULL,NULL,NULL,NULL,NULL,NULL,NULL,NULL,'Y',NULL,NULL,NULL,NULL,NULL,'Don\'t you just love our mascot? Get your very own shirt today!','Heat Clinic Mascot (Women\'s)',NULL,15.99000,NULL,NULL,'Y',NULL,NULL,NULL,NULL,NULL,600,NULL),(611,NULL,'2021-11-07 16:37:11',NULL,NULL,NULL,NULL,NULL,NULL,NULL,NULL,NULL,NULL,'Y',NULL,NULL,NULL,NULL,NULL,'Don\'t you just love our mascot? Get your very own shirt today!','Heat Clinic Mascot (Women\'s)',NULL,15.99000,NULL,NULL,'Y',NULL,'/black_s',NULL,NULL,NULL,NULL,600),(612,NULL,'2021-11-07 16:37:11',NULL,NULL,NULL,NULL,NULL,NULL,NULL,NULL,NULL,NULL,'Y',NULL,NULL,NULL,NULL,NULL,'Don\'t you just love our mascot? Get your very own shirt today!','Heat Clinic Mascot (Women\'s)',NULL,15.99000,NULL,NULL,'Y',NULL,'/black_m',NULL,NULL,NULL,NULL,600),(613,NULL,'2021-11-07 16:37:11',NULL,NULL,NULL,NULL,NULL,NULL,NULL,NULL,NULL,NULL,'Y',NULL,NULL,NULL,NULL,NULL,'Don\'t you just love our mascot? Get your very own shirt today!','Heat Clinic Mascot (Women\'s)',NULL,15.99000,NULL,NULL,'Y',NULL,'/black_l',NULL,NULL,NULL,NULL,600),(614,NULL,'2021-11-07 16:37:09',NULL,NULL,NULL,NULL,NULL,NULL,NULL,NULL,NULL,NULL,'Y',NULL,NULL,NULL,NULL,NULL,'Don\'t you just love our mascot? Get your very own shirt today!','Heat Clinic Mascot (Women\'s)',NULL,16.99000,NULL,NULL,'Y',NULL,'/black_xl',NULL,NULL,NULL,NULL,600),(621,NULL,'2021-11-07 16:37:11',NULL,NULL,NULL,NULL,NULL,NULL,NULL,NULL,NULL,NULL,'Y',NULL,NULL,NULL,NULL,NULL,'Don\'t you just love our mascot? Get your very own shirt today!','Heat Clinic Mascot (Women\'s)',NULL,15.99000,NULL,NULL,'Y',NULL,'/red_s',NULL,NULL,NULL,NULL,600),(622,NULL,'2021-11-07 16:37:11',NULL,NULL,NULL,NULL,NULL,NULL,NULL,NULL,NULL,NULL,'Y',NULL,NULL,NULL,NULL,NULL,'Don\'t you just love our mascot? Get your very own shirt today!','Heat Clinic Mascot (Women\'s)',NULL,15.99000,NULL,NULL,'Y',NULL,'/red_m',NULL,NULL,NULL,NULL,600),(623,NULL,'2021-11-07 16:37:11',NULL,NULL,NULL,NULL,NULL,NULL,NULL,NULL,NULL,NULL,'Y',NULL,NULL,NULL,NULL,NULL,'Don\'t you just love our mascot? Get your very own shirt today!','Heat Clinic Mascot (Women\'s)',NULL,15.99000,NULL,NULL,'Y',NULL,'/red_l',NULL,NULL,NULL,NULL,600),(624,NULL,'2021-11-07 16:37:09',NULL,NULL,NULL,NULL,NULL,NULL,NULL,NULL,NULL,NULL,'Y',NULL,NULL,NULL,NULL,NULL,'Don\'t you just love our mascot? Get your very own shirt today!','Heat Clinic Mascot (Women\'s)',NULL,16.99000,NULL,NULL,'Y',NULL,'/red_xl',NULL,NULL,NULL,NULL,600),(631,NULL,'2021-11-07 16:37:11',NULL,NULL,NULL,NULL,NULL,NULL,NULL,NULL,NULL,NULL,'Y',NULL,NULL,NULL,NULL,NULL,'Don\'t you just love our mascot? Get your very own shirt today!','Heat Clinic Mascot (Women\'s)',NULL,15.99000,NULL,NULL,'Y',NULL,'/silver_s',NULL,NULL,NULL,NULL,600),(632,NULL,'2021-11-07 16:37:11',NULL,NULL,NULL,NULL,NULL,NULL,NULL,NULL,NULL,NULL,'Y',NULL,NULL,NULL,NULL,NULL,'Don\'t you just love our mascot? Get your very own shirt today!','Heat Clinic Mascot (Women\'s)',NULL,15.99000,NULL,NULL,'Y',NULL,'/silver_m',NULL,NULL,NULL,NULL,600),(633,NULL,'2021-11-07 16:37:11',NULL,NULL,NULL,NULL,NULL,NULL,NULL,NULL,NULL,NULL,'Y',NULL,NULL,NULL,NULL,NULL,'Don\'t you just love our mascot? Get your very own shirt today!','Heat Clinic Mascot (Women\'s)',NULL,15.99000,NULL,NULL,'Y',NULL,'/silver_l',NULL,NULL,NULL,NULL,600),(634,NULL,'2021-11-07 16:37:09',NULL,NULL,NULL,NULL,NULL,NULL,NULL,NULL,NULL,NULL,'Y',NULL,NULL,NULL,NULL,NULL,'Don\'t you just love our mascot? Get your very own shirt today!','Heat Clinic Mascot (Women\'s)',NULL,16.99000,NULL,NULL,'Y',NULL,'/silver_xl',NULL,NULL,NULL,NULL,600),(644,NULL,'2021-04-26 16:03:52',NULL,NULL,NULL,NULL,NULL,'CENTIMETERS',NULL,NULL,NULL,NULL,NULL,NULL,NULL,NULL,'CHECK_QUANTITY',_binary '\0',NULL,'product1',99999999,10.00000,NULL,NULL,NULL,NULL,NULL,NULL,'KILOGRAMS',NULL,610,NULL),(645,NULL,'2021-04-26 16:03:52',NULL,NULL,NULL,NULL,NULL,'CENTIMETERS',NULL,NULL,NULL,NULL,NULL,NULL,NULL,NULL,'CHECK_QUANTITY',_binary '\0',NULL,'product2',99999999,10.00000,NULL,NULL,NULL,NULL,NULL,NULL,'KILOGRAMS',NULL,611,NULL),(646,NULL,'2021-04-26 16:03:52',NULL,NULL,NULL,NULL,NULL,'CENTIMETERS',NULL,NULL,NULL,NULL,NULL,NULL,NULL,NULL,'CHECK_QUANTITY',_binary '\0',NULL,'product3',99999999,10.00000,NULL,NULL,NULL,NULL,NULL,NULL,'KILOGRAMS',NULL,612,NULL),(647,NULL,'2021-04-26 16:03:52',NULL,NULL,NULL,NULL,NULL,'CENTIMETERS',NULL,NULL,NULL,NULL,NULL,NULL,NULL,NULL,'CHECK_QUANTITY',_binary '\0',NULL,'product4',99999999,10.00000,NULL,NULL,NULL,NULL,NULL,NULL,'KILOGRAMS',NULL,613,NULL),(648,NULL,'2021-04-26 16:03:52',NULL,NULL,NULL,NULL,NULL,'CENTIMETERS',NULL,NULL,NULL,NULL,NULL,NULL,NULL,NULL,'CHECK_QUANTITY',_binary '\0',NULL,'product5',99999999,10.00000,NULL,NULL,NULL,NULL,NULL,NULL,'KILOGRAMS',NULL,614,NULL),(649,NULL,'2021-04-26 16:03:52',NULL,NULL,NULL,NULL,NULL,'CENTIMETERS',NULL,NULL,NULL,NULL,NULL,NULL,NULL,NULL,'CHECK_QUANTITY',_binary '\0',NULL,'product6',99999999,10.00000,NULL,NULL,NULL,NULL,NULL,NULL,'KILOGRAMS',NULL,615,NULL),(650,NULL,'2021-04-26 16:03:52',NULL,NULL,NULL,NULL,NULL,'CENTIMETERS',NULL,NULL,NULL,NULL,NULL,NULL,NULL,NULL,'CHECK_QUANTITY',_binary '\0',NULL,'product7',99999999,10.00000,NULL,NULL,NULL,NULL,NULL,NULL,'KILOGRAMS',NULL,616,NULL),(651,NULL,'2021-04-26 16:03:52',NULL,NULL,NULL,NULL,NULL,'CENTIMETERS',NULL,NULL,NULL,NULL,NULL,NULL,NULL,NULL,'CHECK_QUANTITY',_binary '\0',NULL,'product8',99999999,10.00000,NULL,NULL,NULL,NULL,NULL,NULL,'KILOGRAMS',NULL,617,NULL),(652,NULL,'2021-04-26 16:03:52',NULL,NULL,NULL,NULL,NULL,'CENTIMETERS',NULL,NULL,NULL,NULL,NULL,NULL,NULL,NULL,'CHECK_QUANTITY',_binary '\0',NULL,'product9',99999999,10.00000,NULL,NULL,NULL,NULL,NULL,NULL,'KILOGRAMS',NULL,618,NULL),(653,NULL,'2021-04-26 16:03:52',NULL,NULL,NULL,NULL,NULL,'CENTIMETERS',NULL,NULL,NULL,NULL,NULL,NULL,NULL,NULL,'CHECK_QUANTITY',_binary '\0',NULL,'product10',99999999,10.00000,NULL,NULL,NULL,NULL,NULL,NULL,'KILOGRAMS',NULL,619,NULL),(654,NULL,'2021-04-26 16:03:52',NULL,NULL,NULL,NULL,NULL,'CENTIMETERS',NULL,NULL,NULL,NULL,NULL,NULL,NULL,NULL,'CHECK_QUANTITY',_binary '\0',NULL,'product11',99999999,10.00000,NULL,NULL,NULL,NULL,NULL,NULL,'KILOGRAMS',NULL,620,NULL),(655,NULL,'2021-04-26 16:03:52',NULL,NULL,NULL,NULL,NULL,'CENTIMETERS',NULL,NULL,NULL,NULL,NULL,NULL,NULL,NULL,'CHECK_QUANTITY',_binary '\0',NULL,'product12',99999999,10.00000,NULL,NULL,NULL,NULL,NULL,NULL,'KILOGRAMS',NULL,621,NULL),(656,NULL,'2021-04-26 16:03:52',NULL,NULL,NULL,NULL,NULL,'CENTIMETERS',NULL,NULL,NULL,NULL,NULL,NULL,NULL,NULL,'CHECK_QUANTITY',_binary '\0',NULL,'product13',99999999,10.00000,NULL,NULL,NULL,NULL,NULL,NULL,'KILOGRAMS',NULL,622,NULL),(657,NULL,'2021-04-26 16:03:52',NULL,NULL,NULL,NULL,NULL,'CENTIMETERS',NULL,NULL,NULL,NULL,NULL,NULL,NULL,NULL,'CHECK_QUANTITY',_binary '\0',NULL,'product14',99999999,10.00000,NULL,NULL,NULL,NULL,NULL,NULL,'KILOGRAMS',NULL,623,NULL),(658,NULL,'2021-04-26 16:03:52',NULL,NULL,NULL,NULL,NULL,'CENTIMETERS',NULL,NULL,NULL,NULL,NULL,NULL,NULL,NULL,'CHECK_QUANTITY',_binary '\0',NULL,'product15',99999999,10.00000,NULL,NULL,NULL,NULL,NULL,NULL,'KILOGRAMS',NULL,624,NULL),(659,NULL,'2021-04-26 16:03:52',NULL,NULL,NULL,NULL,NULL,'CENTIMETERS',NULL,NULL,NULL,NULL,NULL,NULL,NULL,NULL,'CHECK_QUANTITY',_binary '\0',NULL,'product16',99999999,10.00000,NULL,NULL,NULL,NULL,NULL,NULL,'KILOGRAMS',NULL,625,NULL),(660,NULL,'2021-04-26 16:03:52',NULL,NULL,NULL,NULL,NULL,'CENTIMETERS',NULL,NULL,NULL,NULL,NULL,NULL,NULL,NULL,'CHECK_QUANTITY',_binary '\0',NULL,'product17',99999999,10.00000,NULL,NULL,NULL,NULL,NULL,NULL,'KILOGRAMS',NULL,626,NULL),(661,NULL,'2021-04-26 16:03:52',NULL,NULL,NULL,NULL,NULL,'CENTIMETERS',NULL,NULL,NULL,NULL,NULL,NULL,NULL,NULL,'CHECK_QUANTITY',_binary '\0',NULL,'product18',99999999,10.00000,NULL,NULL,NULL,NULL,NULL,NULL,'KILOGRAMS',NULL,627,NULL),(662,NULL,'2021-04-26 16:03:52',NULL,NULL,NULL,NULL,NULL,'CENTIMETERS',NULL,NULL,NULL,NULL,NULL,NULL,NULL,NULL,'CHECK_QUANTITY',_binary '\0',NULL,'product19',99999999,10.00000,NULL,NULL,NULL,NULL,NULL,NULL,'KILOGRAMS',NULL,628,NULL),(663,NULL,'2021-04-26 16:03:52',NULL,NULL,NULL,NULL,NULL,'CENTIMETERS',NULL,NULL,NULL,NULL,NULL,NULL,NULL,NULL,'CHECK_QUANTITY',_binary '\0',NULL,'product20',99999999,10.00000,NULL,NULL,NULL,NULL,NULL,NULL,'KILOGRAMS',NULL,629,NULL),(664,NULL,'2021-04-26 16:03:52',NULL,NULL,NULL,NULL,NULL,'CENTIMETERS',NULL,NULL,NULL,NULL,NULL,NULL,NULL,NULL,'CHECK_QUANTITY',_binary '\0',NULL,'product21',99999999,10.00000,NULL,NULL,NULL,NULL,NULL,NULL,'KILOGRAMS',NULL,630,NULL),(665,NULL,'2021-04-26 16:03:52',NULL,NULL,NULL,NULL,NULL,'CENTIMETERS',NULL,NULL,NULL,NULL,NULL,NULL,NULL,NULL,'CHECK_QUANTITY',_binary '\0',NULL,'product22',99999999,10.00000,NULL,NULL,NULL,NULL,NULL,NULL,'KILOGRAMS',NULL,631,NULL),(666,NULL,'2021-04-26 16:03:52',NULL,NULL,NULL,NULL,NULL,'CENTIMETERS',NULL,NULL,NULL,NULL,NULL,NULL,NULL,NULL,'CHECK_QUANTITY',_binary '\0',NULL,'product23',99999999,10.00000,NULL,NULL,NULL,NULL,NULL,NULL,'KILOGRAMS',NULL,632,NULL),(667,NULL,'2021-04-26 16:03:52',NULL,NULL,NULL,NULL,NULL,'CENTIMETERS',NULL,NULL,NULL,NULL,NULL,NULL,NULL,NULL,'CHECK_QUANTITY',_binary '\0',NULL,'product24',99999999,10.00000,NULL,NULL,NULL,NULL,NULL,NULL,'KILOGRAMS',NULL,633,NULL),(668,NULL,'2021-04-26 16:03:52',NULL,NULL,NULL,NULL,NULL,'CENTIMETERS',NULL,NULL,NULL,NULL,NULL,NULL,NULL,NULL,'CHECK_QUANTITY',_binary '\0',NULL,'product25',99999999,10.00000,NULL,NULL,NULL,NULL,NULL,NULL,'KILOGRAMS',NULL,634,NULL),(669,NULL,'2021-04-26 16:03:52',NULL,NULL,NULL,NULL,NULL,'CENTIMETERS',NULL,NULL,NULL,NULL,NULL,NULL,NULL,NULL,'CHECK_QUANTITY',_binary '\0',NULL,'product26',99999999,10.00000,NULL,NULL,NULL,NULL,NULL,NULL,'KILOGRAMS',NULL,635,NULL),(670,NULL,'2021-04-26 16:03:52',NULL,NULL,NULL,NULL,NULL,'CENTIMETERS',NULL,NULL,NULL,NULL,NULL,NULL,NULL,NULL,'CHECK_QUANTITY',_binary '\0',NULL,'product27',99999999,10.00000,NULL,NULL,NULL,NULL,NULL,NULL,'KILOGRAMS',NULL,636,NULL),(671,NULL,'2021-04-26 16:03:52',NULL,NULL,NULL,NULL,NULL,'CENTIMETERS',NULL,NULL,NULL,NULL,NULL,NULL,NULL,NULL,'CHECK_QUANTITY',_binary '\0',NULL,'product28',99999999,10.00000,NULL,NULL,NULL,NULL,NULL,NULL,'KILOGRAMS',NULL,637,NULL),(672,NULL,'2021-04-26 16:03:52',NULL,NULL,NULL,NULL,NULL,'CENTIMETERS',NULL,NULL,NULL,NULL,NULL,NULL,NULL,NULL,'CHECK_QUANTITY',_binary '\0',NULL,'product29',99999999,10.00000,NULL,NULL,NULL,NULL,NULL,NULL,'KILOGRAMS',NULL,638,NULL),(673,NULL,'2021-04-26 16:03:52',NULL,NULL,NULL,NULL,NULL,'CENTIMETERS',NULL,NULL,NULL,NULL,NULL,NULL,NULL,NULL,'CHECK_QUANTITY',_binary '\0',NULL,'product30',99999999,10.00000,NULL,NULL,NULL,NULL,NULL,NULL,'KILOGRAMS',NULL,639,NULL),(674,NULL,'2021-04-26 16:03:52',NULL,NULL,NULL,NULL,NULL,'CENTIMETERS',NULL,NULL,NULL,NULL,NULL,NULL,NULL,NULL,'CHECK_QUANTITY',_binary '\0',NULL,'product31',99999999,10.00000,NULL,NULL,NULL,NULL,NULL,NULL,'KILOGRAMS',NULL,640,NULL),(675,NULL,'2021-04-26 16:03:52',NULL,NULL,NULL,NULL,NULL,'CENTIMETERS',NULL,NULL,NULL,NULL,NULL,NULL,NULL,NULL,'CHECK_QUANTITY',_binary '\0',NULL,'product32',99999999,10.00000,NULL,NULL,NULL,NULL,NULL,NULL,'KILOGRAMS',NULL,641,NULL),(676,NULL,'2021-04-26 16:03:52',NULL,NULL,NULL,NULL,NULL,'CENTIMETERS',NULL,NULL,NULL,NULL,NULL,NULL,NULL,NULL,'CHECK_QUANTITY',_binary '\0',NULL,'product33',99999999,10.00000,NULL,NULL,NULL,NULL,NULL,NULL,'KILOGRAMS',NULL,642,NULL),(677,NULL,'2021-04-26 16:03:52',NULL,NULL,NULL,NULL,NULL,'CENTIMETERS',NULL,NULL,NULL,NULL,NULL,NULL,NULL,NULL,'CHECK_QUANTITY',_binary '\0',NULL,'product34',99999999,10.00000,NULL,NULL,NULL,NULL,NULL,NULL,'KILOGRAMS',NULL,643,NULL),(678,NULL,'2021-04-26 16:03:52',NULL,NULL,NULL,NULL,NULL,'CENTIMETERS',NULL,NULL,NULL,NULL,NULL,NULL,NULL,NULL,'CHECK_QUANTITY',_binary '\0',NULL,'product35',99999999,10.00000,NULL,NULL,NULL,NULL,NULL,NULL,'KILOGRAMS',NULL,644,NULL),(679,NULL,'2021-04-26 16:03:52',NULL,NULL,NULL,NULL,NULL,'CENTIMETERS',NULL,NULL,NULL,NULL,NULL,NULL,NULL,NULL,'CHECK_QUANTITY',_binary '\0',NULL,'product36',99999999,10.00000,NULL,NULL,NULL,NULL,NULL,NULL,'KILOGRAMS',NULL,645,NULL),(680,NULL,'2021-04-26 16:03:52',NULL,NULL,NULL,NULL,NULL,'CENTIMETERS',NULL,NULL,NULL,NULL,NULL,NULL,NULL,NULL,'CHECK_QUANTITY',_binary '\0',NULL,'product37',99999999,10.00000,NULL,NULL,NULL,NULL,NULL,NULL,'KILOGRAMS',NULL,646,NULL),(681,NULL,'2021-04-26 16:03:52',NULL,NULL,NULL,NULL,NULL,'CENTIMETERS',NULL,NULL,NULL,NULL,NULL,NULL,NULL,NULL,'CHECK_QUANTITY',_binary '\0',NULL,'product38',99999999,10.00000,NULL,NULL,NULL,NULL,NULL,NULL,'KILOGRAMS',NULL,647,NULL),(682,NULL,'2021-04-26 16:03:52',NULL,NULL,NULL,NULL,NULL,'CENTIMETERS',NULL,NULL,NULL,NULL,NULL,NULL,NULL,NULL,'CHECK_QUANTITY',_binary '\0',NULL,'product39',99999999,10.00000,NULL,NULL,NULL,NULL,NULL,NULL,'KILOGRAMS',NULL,648,NULL),(683,NULL,'2021-04-26 16:03:52',NULL,NULL,NULL,NULL,NULL,'CENTIMETERS',NULL,NULL,NULL,NULL,NULL,NULL,NULL,NULL,'CHECK_QUANTITY',_binary '\0',NULL,'product40',99999999,10.00000,NULL,NULL,NULL,NULL,NULL,NULL,'KILOGRAMS',NULL,649,NULL),(684,NULL,'2021-04-26 16:03:52',NULL,NULL,NULL,NULL,NULL,'CENTIMETERS',NULL,NULL,NULL,NULL,NULL,NULL,NULL,NULL,'CHECK_QUANTITY',_binary '\0',NULL,'product41',99999999,10.00000,NULL,NULL,NULL,NULL,NULL,NULL,'KILOGRAMS',NULL,650,NULL),(685,NULL,'2021-04-26 16:03:52',NULL,NULL,NULL,NULL,NULL,'CENTIMETERS',NULL,NULL,NULL,NULL,NULL,NULL,NULL,NULL,'CHECK_QUANTITY',_binary '\0',NULL,'product42',99999999,10.00000,NULL,NULL,NULL,NULL,NULL,NULL,'KILOGRAMS',NULL,651,NULL),(686,NULL,'2021-04-26 16:03:52',NULL,NULL,NULL,NULL,NULL,'CENTIMETERS',NULL,NULL,NULL,NULL,NULL,NULL,NULL,NULL,'CHECK_QUANTITY',_binary '\0',NULL,'product43',99999999,10.00000,NULL,NULL,NULL,NULL,NULL,NULL,'KILOGRAMS',NULL,652,NULL),(687,NULL,'2021-04-26 16:03:52',NULL,NULL,NULL,NULL,NULL,'CENTIMETERS',NULL,NULL,NULL,NULL,NULL,NULL,NULL,NULL,'CHECK_QUANTITY',_binary '\0',NULL,'product44',99999999,10.00000,NULL,NULL,NULL,NULL,NULL,NULL,'KILOGRAMS',NULL,653,NULL),(688,NULL,'2021-04-26 16:03:52',NULL,NULL,NULL,NULL,NULL,'CENTIMETERS',NULL,NULL,NULL,NULL,NULL,NULL,NULL,NULL,'CHECK_QUANTITY',_binary '\0',NULL,'product45',99999999,10.00000,NULL,NULL,NULL,NULL,NULL,NULL,'KILOGRAMS',NULL,654,NULL),(689,NULL,'2021-04-26 16:03:52',NULL,NULL,NULL,NULL,NULL,'CENTIMETERS',NULL,NULL,NULL,NULL,NULL,NULL,NULL,NULL,'CHECK_QUANTITY',_binary '\0',NULL,'product46',99999999,10.00000,NULL,NULL,NULL,NULL,NULL,NULL,'KILOGRAMS',NULL,655,NULL),(690,NULL,'2021-04-26 16:03:52',NULL,NULL,NULL,NULL,NULL,'CENTIMETERS',NULL,NULL,NULL,NULL,NULL,NULL,NULL,NULL,'CHECK_QUANTITY',_binary '\0',NULL,'product47',99999999,10.00000,NULL,NULL,NULL,NULL,NULL,NULL,'KILOGRAMS',NULL,656,NULL),(691,NULL,'2021-04-26 16:03:52',NULL,NULL,NULL,NULL,NULL,'CENTIMETERS',NULL,NULL,NULL,NULL,NULL,NULL,NULL,NULL,'CHECK_QUANTITY',_binary '\0',NULL,'product48',99999999,10.00000,NULL,NULL,NULL,NULL,NULL,NULL,'KILOGRAMS',NULL,657,NULL),(692,NULL,'2021-04-26 16:03:52',NULL,NULL,NULL,NULL,NULL,'CENTIMETERS',NULL,NULL,NULL,NULL,NULL,NULL,NULL,NULL,'CHECK_QUANTITY',_binary '\0',NULL,'product49',99999999,10.00000,NULL,NULL,NULL,NULL,NULL,NULL,'KILOGRAMS',NULL,658,NULL),(693,NULL,'2021-04-26 16:03:52',NULL,NULL,NULL,NULL,NULL,'CENTIMETERS',NULL,NULL,NULL,NULL,NULL,NULL,NULL,NULL,'CHECK_QUANTITY',_binary '\0',NULL,'product50',99999999,10.00000,NULL,NULL,NULL,NULL,NULL,NULL,'KILOGRAMS',NULL,659,NULL),(694,NULL,'2021-04-26 16:03:52',NULL,NULL,NULL,NULL,NULL,'CENTIMETERS',NULL,NULL,NULL,NULL,NULL,NULL,NULL,NULL,'CHECK_QUANTITY',_binary '\0',NULL,'product51',99999999,10.00000,NULL,NULL,NULL,NULL,NULL,NULL,'KILOGRAMS',NULL,660,NULL),(695,NULL,'2021-04-26 16:03:52',NULL,NULL,NULL,NULL,NULL,'CENTIMETERS',NULL,NULL,NULL,NULL,NULL,NULL,NULL,NULL,'CHECK_QUANTITY',_binary '\0',NULL,'product52',99999999,10.00000,NULL,NULL,NULL,NULL,NULL,NULL,'KILOGRAMS',NULL,661,NULL),(696,NULL,'2021-04-26 16:03:52',NULL,NULL,NULL,NULL,NULL,'CENTIMETERS',NULL,NULL,NULL,NULL,NULL,NULL,NULL,NULL,'CHECK_QUANTITY',_binary '\0',NULL,'product53',99999999,10.00000,NULL,NULL,NULL,NULL,NULL,NULL,'KILOGRAMS',NULL,662,NULL),(697,NULL,'2021-04-26 16:03:52',NULL,NULL,NULL,NULL,NULL,'CENTIMETERS',NULL,NULL,NULL,NULL,NULL,NULL,NULL,NULL,'CHECK_QUANTITY',_binary '\0',NULL,'product54',99999999,10.00000,NULL,NULL,NULL,NULL,NULL,NULL,'KILOGRAMS',NULL,663,NULL),(698,NULL,'2021-04-26 16:03:52',NULL,NULL,NULL,NULL,NULL,'CENTIMETERS',NULL,NULL,NULL,NULL,NULL,NULL,NULL,NULL,'CHECK_QUANTITY',_binary '\0',NULL,'product55',99999999,10.00000,NULL,NULL,NULL,NULL,NULL,NULL,'KILOGRAMS',NULL,664,NULL),(699,NULL,'2021-04-26 16:03:52',NULL,NULL,NULL,NULL,NULL,'CENTIMETERS',NULL,NULL,NULL,NULL,NULL,NULL,NULL,NULL,'CHECK_QUANTITY',_binary '\0',NULL,'product56',99999999,10.00000,NULL,NULL,NULL,NULL,NULL,NULL,'KILOGRAMS',NULL,665,NULL),(700,NULL,'2021-04-26 16:03:52',NULL,NULL,NULL,NULL,NULL,'CENTIMETERS',NULL,NULL,NULL,NULL,NULL,NULL,NULL,NULL,'CHECK_QUANTITY',_binary '\0',NULL,'product57',99999999,10.00000,NULL,NULL,NULL,NULL,NULL,NULL,'KILOGRAMS',NULL,666,NULL),(701,NULL,'2021-04-26 16:03:52',NULL,NULL,NULL,NULL,NULL,'CENTIMETERS',NULL,NULL,NULL,NULL,NULL,NULL,NULL,NULL,'CHECK_QUANTITY',_binary '\0',NULL,'product58',99999999,10.00000,NULL,NULL,NULL,NULL,NULL,NULL,'KILOGRAMS',NULL,667,NULL),(702,NULL,'2021-04-26 16:03:52',NULL,NULL,NULL,NULL,NULL,'CENTIMETERS',NULL,NULL,NULL,NULL,NULL,NULL,NULL,NULL,'CHECK_QUANTITY',_binary '\0',NULL,'product59',99999999,10.00000,NULL,NULL,NULL,NULL,NULL,NULL,'KILOGRAMS',NULL,668,NULL),(703,NULL,'2021-04-26 16:03:52',NULL,NULL,NULL,NULL,NULL,'CENTIMETERS',NULL,NULL,NULL,NULL,NULL,NULL,NULL,NULL,'CHECK_QUANTITY',_binary '\0',NULL,'product60',99999999,10.00000,NULL,NULL,NULL,NULL,NULL,NULL,'KILOGRAMS',NULL,669,NULL),(704,NULL,'2021-04-26 16:03:52',NULL,NULL,NULL,NULL,NULL,'CENTIMETERS',NULL,NULL,NULL,NULL,NULL,NULL,NULL,NULL,'CHECK_QUANTITY',_binary '\0',NULL,'product61',99999999,10.00000,NULL,NULL,NULL,NULL,NULL,NULL,'KILOGRAMS',NULL,670,NULL),(705,NULL,'2021-04-26 16:03:52',NULL,NULL,NULL,NULL,NULL,'CENTIMETERS',NULL,NULL,NULL,NULL,NULL,NULL,NULL,NULL,'CHECK_QUANTITY',_binary '\0',NULL,'product62',99999999,10.00000,NULL,NULL,NULL,NULL,NULL,NULL,'KILOGRAMS',NULL,671,NULL),(706,NULL,'2021-04-26 16:03:52',NULL,NULL,NULL,NULL,NULL,'CENTIMETERS',NULL,NULL,NULL,NULL,NULL,NULL,NULL,NULL,'CHECK_QUANTITY',_binary '\0',NULL,'product63',99999999,10.00000,NULL,NULL,NULL,NULL,NULL,NULL,'KILOGRAMS',NULL,672,NULL),(707,NULL,'2021-04-26 16:03:52',NULL,NULL,NULL,NULL,NULL,'CENTIMETERS',NULL,NULL,NULL,NULL,NULL,NULL,NULL,NULL,'CHECK_QUANTITY',_binary '\0',NULL,'product64',99999999,10.00000,NULL,NULL,NULL,NULL,NULL,NULL,'KILOGRAMS',NULL,673,NULL),(708,NULL,'2021-04-26 16:03:52',NULL,NULL,NULL,NULL,NULL,'CENTIMETERS',NULL,NULL,NULL,NULL,NULL,NULL,NULL,NULL,'CHECK_QUANTITY',_binary '\0',NULL,'product65',99999999,10.00000,NULL,NULL,NULL,NULL,NULL,NULL,'KILOGRAMS',NULL,674,NULL),(709,NULL,'2021-04-26 16:03:52',NULL,NULL,NULL,NULL,NULL,'CENTIMETERS',NULL,NULL,NULL,NULL,NULL,NULL,NULL,NULL,'CHECK_QUANTITY',_binary '\0',NULL,'product66',99999999,10.00000,NULL,NULL,NULL,NULL,NULL,NULL,'KILOGRAMS',NULL,675,NULL),(710,NULL,'2021-04-26 16:03:52',NULL,NULL,NULL,NULL,NULL,'CENTIMETERS',NULL,NULL,NULL,NULL,NULL,NULL,NULL,NULL,'CHECK_QUANTITY',_binary '\0',NULL,'product67',99999999,10.00000,NULL,NULL,NULL,NULL,NULL,NULL,'KILOGRAMS',NULL,676,NULL),(711,NULL,'2021-04-26 16:03:52',NULL,NULL,NULL,NULL,NULL,'CENTIMETERS',NULL,NULL,NULL,NULL,NULL,NULL,NULL,NULL,'CHECK_QUANTITY',_binary '\0',NULL,'product68',99999999,10.00000,NULL,NULL,NULL,NULL,NULL,NULL,'KILOGRAMS',NULL,677,NULL),(712,NULL,'2021-04-26 16:03:52',NULL,NULL,NULL,NULL,NULL,'CENTIMETERS',NULL,NULL,NULL,NULL,NULL,NULL,NULL,NULL,'CHECK_QUANTITY',_binary '\0',NULL,'product69',99999999,10.00000,NULL,NULL,NULL,NULL,NULL,NULL,'KILOGRAMS',NULL,678,NULL),(713,NULL,'2021-04-26 16:03:52',NULL,NULL,NULL,NULL,NULL,'CENTIMETERS',NULL,NULL,NULL,NULL,NULL,NULL,NULL,NULL,'CHECK_QUANTITY',_binary '\0',NULL,'product70',99999999,10.00000,NULL,NULL,NULL,NULL,NULL,NULL,'KILOGRAMS',NULL,679,NULL),(714,NULL,'2021-04-26 16:03:52',NULL,NULL,NULL,NULL,NULL,'CENTIMETERS',NULL,NULL,NULL,NULL,NULL,NULL,NULL,NULL,'CHECK_QUANTITY',_binary '\0',NULL,'product71',99999999,10.00000,NULL,NULL,NULL,NULL,NULL,NULL,'KILOGRAMS',NULL,680,NULL),(715,NULL,'2021-04-26 16:03:52',NULL,NULL,NULL,NULL,NULL,'CENTIMETERS',NULL,NULL,NULL,NULL,NULL,NULL,NULL,NULL,'CHECK_QUANTITY',_binary '\0',NULL,'product72',99999999,10.00000,NULL,NULL,NULL,NULL,NULL,NULL,'KILOGRAMS',NULL,681,NULL),(716,NULL,'2021-04-26 16:03:52',NULL,NULL,NULL,NULL,NULL,'CENTIMETERS',NULL,NULL,NULL,NULL,NULL,NULL,NULL,NULL,'CHECK_QUANTITY',_binary '\0',NULL,'product73',99999999,10.00000,NULL,NULL,NULL,NULL,NULL,NULL,'KILOGRAMS',NULL,682,NULL),(717,NULL,'2021-04-26 16:03:52',NULL,NULL,NULL,NULL,NULL,'CENTIMETERS',NULL,NULL,NULL,NULL,NULL,NULL,NULL,NULL,'CHECK_QUANTITY',_binary '\0',NULL,'product74',99999999,10.00000,NULL,NULL,NULL,NULL,NULL,NULL,'KILOGRAMS',NULL,683,NULL),(718,NULL,'2021-04-26 16:03:52',NULL,NULL,NULL,NULL,NULL,'CENTIMETERS',NULL,NULL,NULL,NULL,NULL,NULL,NULL,NULL,'CHECK_QUANTITY',_binary '\0',NULL,'product75',99999999,10.00000,NULL,NULL,NULL,NULL,NULL,NULL,'KILOGRAMS',NULL,684,NULL),(719,NULL,'2021-04-26 16:03:52',NULL,NULL,NULL,NULL,NULL,'CENTIMETERS',NULL,NULL,NULL,NULL,NULL,NULL,NULL,NULL,'CHECK_QUANTITY',_binary '\0',NULL,'product76',99999999,10.00000,NULL,NULL,NULL,NULL,NULL,NULL,'KILOGRAMS',NULL,685,NULL),(720,NULL,'2021-04-26 16:03:52',NULL,NULL,NULL,NULL,NULL,'CENTIMETERS',NULL,NULL,NULL,NULL,NULL,NULL,NULL,NULL,'CHECK_QUANTITY',_binary '\0',NULL,'product77',99999999,10.00000,NULL,NULL,NULL,NULL,NULL,NULL,'KILOGRAMS',NULL,686,NULL),(721,NULL,'2021-04-26 16:03:52',NULL,NULL,NULL,NULL,NULL,'CENTIMETERS',NULL,NULL,NULL,NULL,NULL,NULL,NULL,NULL,'CHECK_QUANTITY',_binary '\0',NULL,'product78',99999999,10.00000,NULL,NULL,NULL,NULL,NULL,NULL,'KILOGRAMS',NULL,687,NULL),(722,NULL,'2021-04-26 16:03:52',NULL,NULL,NULL,NULL,NULL,'CENTIMETERS',NULL,NULL,NULL,NULL,NULL,NULL,NULL,NULL,'CHECK_QUANTITY',_binary '\0',NULL,'product79',99999999,10.00000,NULL,NULL,NULL,NULL,NULL,NULL,'KILOGRAMS',NULL,688,NULL),(723,NULL,'2021-04-26 16:03:52',NULL,NULL,NULL,NULL,NULL,'CENTIMETERS',NULL,NULL,NULL,NULL,NULL,NULL,NULL,NULL,'CHECK_QUANTITY',_binary '\0',NULL,'product80',99999999,10.00000,NULL,NULL,NULL,NULL,NULL,NULL,'KILOGRAMS',NULL,689,NULL),(724,NULL,'2021-04-26 16:03:52',NULL,NULL,NULL,NULL,NULL,'CENTIMETERS',NULL,NULL,NULL,NULL,NULL,NULL,NULL,NULL,'CHECK_QUANTITY',_binary '\0',NULL,'product81',99999999,10.00000,NULL,NULL,NULL,NULL,NULL,NULL,'KILOGRAMS',NULL,690,NULL),(725,NULL,'2021-04-26 16:03:52',NULL,NULL,NULL,NULL,NULL,'CENTIMETERS',NULL,NULL,NULL,NULL,NULL,NULL,NULL,NULL,'CHECK_QUANTITY',_binary '\0',NULL,'product82',99999999,10.00000,NULL,NULL,NULL,NULL,NULL,NULL,'KILOGRAMS',NULL,691,NULL),(726,NULL,'2021-04-26 16:03:52',NULL,NULL,NULL,NULL,NULL,'CENTIMETERS',NULL,NULL,NULL,NULL,NULL,NULL,NULL,NULL,'CHECK_QUANTITY',_binary '\0',NULL,'product83',99999999,10.00000,NULL,NULL,NULL,NULL,NULL,NULL,'KILOGRAMS',NULL,692,NULL),(727,NULL,'2021-04-26 16:03:52',NULL,NULL,NULL,NULL,NULL,'CENTIMETERS',NULL,NULL,NULL,NULL,NULL,NULL,NULL,NULL,'CHECK_QUANTITY',_binary '\0',NULL,'product84',99999999,10.00000,NULL,NULL,NULL,NULL,NULL,NULL,'KILOGRAMS',NULL,693,NULL),(728,NULL,'2021-04-26 16:03:52',NULL,NULL,NULL,NULL,NULL,'CENTIMETERS',NULL,NULL,NULL,NULL,NULL,NULL,NULL,NULL,'CHECK_QUANTITY',_binary '\0',NULL,'product85',99999999,10.00000,NULL,NULL,NULL,NULL,NULL,NULL,'KILOGRAMS',NULL,694,NULL),(729,NULL,'2021-04-26 16:03:52',NULL,NULL,NULL,NULL,NULL,'CENTIMETERS',NULL,NULL,NULL,NULL,NULL,NULL,NULL,NULL,'CHECK_QUANTITY',_binary '\0',NULL,'product86',99999999,10.00000,NULL,NULL,NULL,NULL,NULL,NULL,'KILOGRAMS',NULL,695,NULL),(730,NULL,'2021-04-26 16:03:52',NULL,NULL,NULL,NULL,NULL,'CENTIMETERS',NULL,NULL,NULL,NULL,NULL,NULL,NULL,NULL,'CHECK_QUANTITY',_binary '\0',NULL,'product87',99999999,10.00000,NULL,NULL,NULL,NULL,NULL,NULL,'KILOGRAMS',NULL,696,NULL),(731,NULL,'2021-04-26 16:03:52',NULL,NULL,NULL,NULL,NULL,'CENTIMETERS',NULL,NULL,NULL,NULL,NULL,NULL,NULL,NULL,'CHECK_QUANTITY',_binary '\0',NULL,'product88',99999999,10.00000,NULL,NULL,NULL,NULL,NULL,NULL,'KILOGRAMS',NULL,697,NULL),(732,NULL,'2021-04-26 16:03:52',NULL,NULL,NULL,NULL,NULL,'CENTIMETERS',NULL,NULL,NULL,NULL,NULL,NULL,NULL,NULL,'CHECK_QUANTITY',_binary '\0',NULL,'product89',99999999,10.00000,NULL,NULL,NULL,NULL,NULL,NULL,'KILOGRAMS',NULL,698,NULL),(733,NULL,'2021-04-26 16:03:52',NULL,NULL,NULL,NULL,NULL,'CENTIMETERS',NULL,NULL,NULL,NULL,NULL,NULL,NULL,NULL,'CHECK_QUANTITY',_binary '\0',NULL,'product90',99999999,10.00000,NULL,NULL,NULL,NULL,NULL,NULL,'KILOGRAMS',NULL,699,NULL),(734,NULL,'2021-04-26 16:03:52',NULL,NULL,NULL,NULL,NULL,'CENTIMETERS',NULL,NULL,NULL,NULL,NULL,NULL,NULL,NULL,'CHECK_QUANTITY',_binary '\0',NULL,'product91',99999999,10.00000,NULL,NULL,NULL,NULL,NULL,NULL,'KILOGRAMS',NULL,700,NULL),(735,NULL,'2021-04-26 16:03:52',NULL,NULL,NULL,NULL,NULL,'CENTIMETERS',NULL,NULL,NULL,NULL,NULL,NULL,NULL,NULL,'CHECK_QUANTITY',_binary '\0',NULL,'product92',99999999,10.00000,NULL,NULL,NULL,NULL,NULL,NULL,'KILOGRAMS',NULL,701,NULL),(736,NULL,'2021-04-26 16:03:52',NULL,NULL,NULL,NULL,NULL,'CENTIMETERS',NULL,NULL,NULL,NULL,NULL,NULL,NULL,NULL,'CHECK_QUANTITY',_binary '\0',NULL,'product93',99999999,10.00000,NULL,NULL,NULL,NULL,NULL,NULL,'KILOGRAMS',NULL,702,NULL),(737,NULL,'2021-04-26 16:03:52',NULL,NULL,NULL,NULL,NULL,'CENTIMETERS',NULL,NULL,NULL,NULL,NULL,NULL,NULL,NULL,'CHECK_QUANTITY',_binary '\0',NULL,'product94',99999999,10.00000,NULL,NULL,NULL,NULL,NULL,NULL,'KILOGRAMS',NULL,703,NULL),(738,NULL,'2021-04-26 16:03:52',NULL,NULL,NULL,NULL,NULL,'CENTIMETERS',NULL,NULL,NULL,NULL,NULL,NULL,NULL,NULL,'CHECK_QUANTITY',_binary '\0',NULL,'product95',99999999,10.00000,NULL,NULL,NULL,NULL,NULL,NULL,'KILOGRAMS',NULL,704,NULL),(739,NULL,'2021-04-26 16:03:52',NULL,NULL,NULL,NULL,NULL,'CENTIMETERS',NULL,NULL,NULL,NULL,NULL,NULL,NULL,NULL,'CHECK_QUANTITY',_binary '\0',NULL,'product96',99999999,10.00000,NULL,NULL,NULL,NULL,NULL,NULL,'KILOGRAMS',NULL,705,NULL),(740,NULL,'2021-04-26 16:03:52',NULL,NULL,NULL,NULL,NULL,'CENTIMETERS',NULL,NULL,NULL,NULL,NULL,NULL,NULL,NULL,'CHECK_QUANTITY',_binary '\0',NULL,'product97',99999999,10.00000,NULL,NULL,NULL,NULL,NULL,NULL,'KILOGRAMS',NULL,706,NULL),(741,NULL,'2021-04-26 16:03:52',NULL,NULL,NULL,NULL,NULL,'CENTIMETERS',NULL,NULL,NULL,NULL,NULL,NULL,NULL,NULL,'CHECK_QUANTITY',_binary '\0',NULL,'product98',99999999,10.00000,NULL,NULL,NULL,NULL,NULL,NULL,'KILOGRAMS',NULL,707,NULL),(742,NULL,'2021-04-26 16:03:52',NULL,NULL,NULL,NULL,NULL,'CENTIMETERS',NULL,NULL,NULL,NULL,NULL,NULL,NULL,NULL,'CHECK_QUANTITY',_binary '\0',NULL,'product99',99999999,10.00000,NULL,NULL,NULL,NULL,NULL,NULL,'KILOGRAMS',NULL,708,NULL),(743,NULL,'2021-04-26 16:03:52',NULL,NULL,NULL,NULL,NULL,'CENTIMETERS',NULL,NULL,NULL,NULL,NULL,NULL,NULL,NULL,'CHECK_QUANTITY',_binary '\0',NULL,'product100',99999999,10.00000,NULL,NULL,NULL,NULL,NULL,NULL,'KILOGRAMS',NULL,709,NULL),(744,NULL,'2021-04-26 16:03:52',NULL,NULL,NULL,NULL,NULL,'CENTIMETERS',NULL,NULL,NULL,NULL,NULL,NULL,NULL,NULL,'CHECK_QUANTITY',_binary '\0',NULL,'product101',99999999,10.00000,NULL,NULL,NULL,NULL,NULL,NULL,'KILOGRAMS',NULL,710,NULL),(745,NULL,'2021-04-26 16:03:52',NULL,NULL,NULL,NULL,NULL,'CENTIMETERS',NULL,NULL,NULL,NULL,NULL,NULL,NULL,NULL,'CHECK_QUANTITY',_binary '\0',NULL,'product102',99999999,10.00000,NULL,NULL,NULL,NULL,NULL,NULL,'KILOGRAMS',NULL,711,NULL),(746,NULL,'2021-04-26 16:03:52',NULL,NULL,NULL,NULL,NULL,'CENTIMETERS',NULL,NULL,NULL,NULL,NULL,NULL,NULL,NULL,'CHECK_QUANTITY',_binary '\0',NULL,'product103',99999999,10.00000,NULL,NULL,NULL,NULL,NULL,NULL,'KILOGRAMS',NULL,712,NULL),(747,NULL,'2021-04-26 16:03:52',NULL,NULL,NULL,NULL,NULL,'CENTIMETERS',NULL,NULL,NULL,NULL,NULL,NULL,NULL,NULL,'CHECK_QUANTITY',_binary '\0',NULL,'product104',99999999,10.00000,NULL,NULL,NULL,NULL,NULL,NULL,'KILOGRAMS',NULL,713,NULL),(748,NULL,'2021-04-26 16:03:52',NULL,NULL,NULL,NULL,NULL,'CENTIMETERS',NULL,NULL,NULL,NULL,NULL,NULL,NULL,NULL,'CHECK_QUANTITY',_binary '\0',NULL,'product105',99999999,10.00000,NULL,NULL,NULL,NULL,NULL,NULL,'KILOGRAMS',NULL,714,NULL),(749,NULL,'2021-04-26 16:03:52',NULL,NULL,NULL,NULL,NULL,'CENTIMETERS',NULL,NULL,NULL,NULL,NULL,NULL,NULL,NULL,'CHECK_QUANTITY',_binary '\0',NULL,'product106',99999999,10.00000,NULL,NULL,NULL,NULL,NULL,NULL,'KILOGRAMS',NULL,715,NULL),(750,NULL,'2021-04-26 16:03:52',NULL,NULL,NULL,NULL,NULL,'CENTIMETERS',NULL,NULL,NULL,NULL,NULL,NULL,NULL,NULL,'CHECK_QUANTITY',_binary '\0',NULL,'product107',99999999,10.00000,NULL,NULL,NULL,NULL,NULL,NULL,'KILOGRAMS',NULL,716,NULL),(751,NULL,'2021-04-26 16:03:52',NULL,NULL,NULL,NULL,NULL,'CENTIMETERS',NULL,NULL,NULL,NULL,NULL,NULL,NULL,NULL,'CHECK_QUANTITY',_binary '\0',NULL,'product108',99999999,10.00000,NULL,NULL,NULL,NULL,NULL,NULL,'KILOGRAMS',NULL,717,NULL),(752,NULL,'2021-04-26 16:03:52',NULL,NULL,NULL,NULL,NULL,'CENTIMETERS',NULL,NULL,NULL,NULL,NULL,NULL,NULL,NULL,'CHECK_QUANTITY',_binary '\0',NULL,'product109',99999999,10.00000,NULL,NULL,NULL,NULL,NULL,NULL,'KILOGRAMS',NULL,718,NULL),(753,NULL,'2021-04-26 16:03:52',NULL,NULL,NULL,NULL,NULL,'CENTIMETERS',NULL,NULL,NULL,NULL,NULL,NULL,NULL,NULL,'CHECK_QUANTITY',_binary '\0',NULL,'product110',99999999,10.00000,NULL,NULL,NULL,NULL,NULL,NULL,'KILOGRAMS',NULL,719,NULL),(754,NULL,'2021-04-26 16:03:52',NULL,NULL,NULL,NULL,NULL,'CENTIMETERS',NULL,NULL,NULL,NULL,NULL,NULL,NULL,NULL,'CHECK_QUANTITY',_binary '\0',NULL,'product111',99999999,10.00000,NULL,NULL,NULL,NULL,NULL,NULL,'KILOGRAMS',NULL,720,NULL),(755,NULL,'2021-04-26 16:03:52',NULL,NULL,NULL,NULL,NULL,'CENTIMETERS',NULL,NULL,NULL,NULL,NULL,NULL,NULL,NULL,'CHECK_QUANTITY',_binary '\0',NULL,'product112',99999999,10.00000,NULL,NULL,NULL,NULL,NULL,NULL,'KILOGRAMS',NULL,721,NULL),(756,NULL,'2021-04-26 16:03:52',NULL,NULL,NULL,NULL,NULL,'CENTIMETERS',NULL,NULL,NULL,NULL,NULL,NULL,NULL,NULL,'CHECK_QUANTITY',_binary '\0',NULL,'product113',99999999,10.00000,NULL,NULL,NULL,NULL,NULL,NULL,'KILOGRAMS',NULL,722,NULL),(757,NULL,'2021-04-26 16:03:52',NULL,NULL,NULL,NULL,NULL,'CENTIMETERS',NULL,NULL,NULL,NULL,NULL,NULL,NULL,NULL,'CHECK_QUANTITY',_binary '\0',NULL,'product114',99999999,10.00000,NULL,NULL,NULL,NULL,NULL,NULL,'KILOGRAMS',NULL,723,NULL),(758,NULL,'2021-04-26 16:03:52',NULL,NULL,NULL,NULL,NULL,'CENTIMETERS',NULL,NULL,NULL,NULL,NULL,NULL,NULL,NULL,'CHECK_QUANTITY',_binary '\0',NULL,'product115',99999999,10.00000,NULL,NULL,NULL,NULL,NULL,NULL,'KILOGRAMS',NULL,724,NULL),(759,NULL,'2021-04-26 16:03:52',NULL,NULL,NULL,NULL,NULL,'CENTIMETERS',NULL,NULL,NULL,NULL,NULL,NULL,NULL,NULL,'CHECK_QUANTITY',_binary '\0',NULL,'product116',99999999,10.00000,NULL,NULL,NULL,NULL,NULL,NULL,'KILOGRAMS',NULL,725,NULL),(760,NULL,'2021-04-26 16:03:52',NULL,NULL,NULL,NULL,NULL,'CENTIMETERS',NULL,NULL,NULL,NULL,NULL,NULL,NULL,NULL,'CHECK_QUANTITY',_binary '\0',NULL,'product117',99999999,10.00000,NULL,NULL,NULL,NULL,NULL,NULL,'KILOGRAMS',NULL,726,NULL),(761,NULL,'2021-04-26 16:03:52',NULL,NULL,NULL,NULL,NULL,'CENTIMETERS',NULL,NULL,NULL,NULL,NULL,NULL,NULL,NULL,'CHECK_QUANTITY',_binary '\0',NULL,'product118',99999999,10.00000,NULL,NULL,NULL,NULL,NULL,NULL,'KILOGRAMS',NULL,727,NULL),(762,NULL,'2021-04-26 16:03:52',NULL,NULL,NULL,NULL,NULL,'CENTIMETERS',NULL,NULL,NULL,NULL,NULL,NULL,NULL,NULL,'CHECK_QUANTITY',_binary '\0',NULL,'product119',99999999,10.00000,NULL,NULL,NULL,NULL,NULL,NULL,'KILOGRAMS',NULL,728,NULL),(763,NULL,'2021-04-26 16:03:52',NULL,NULL,NULL,NULL,NULL,'CENTIMETERS',NULL,NULL,NULL,NULL,NULL,NULL,NULL,NULL,'CHECK_QUANTITY',_binary '\0',NULL,'product120',99999999,10.00000,NULL,NULL,NULL,NULL,NULL,NULL,'KILOGRAMS',NULL,729,NULL),(764,NULL,'2021-04-26 16:03:52',NULL,NULL,NULL,NULL,NULL,'CENTIMETERS',NULL,NULL,NULL,NULL,NULL,NULL,NULL,NULL,'CHECK_QUANTITY',_binary '\0',NULL,'product121',99999999,10.00000,NULL,NULL,NULL,NULL,NULL,NULL,'KILOGRAMS',NULL,730,NULL),(765,NULL,'2021-04-26 16:03:52',NULL,NULL,NULL,NULL,NULL,'CENTIMETERS',NULL,NULL,NULL,NULL,NULL,NULL,NULL,NULL,'CHECK_QUANTITY',_binary '\0',NULL,'product122',99999999,10.00000,NULL,NULL,NULL,NULL,NULL,NULL,'KILOGRAMS',NULL,731,NULL),(766,NULL,'2021-04-26 16:03:52',NULL,NULL,NULL,NULL,NULL,'CENTIMETERS',NULL,NULL,NULL,NULL,NULL,NULL,NULL,NULL,'CHECK_QUANTITY',_binary '\0',NULL,'product123',99999999,10.00000,NULL,NULL,NULL,NULL,NULL,NULL,'KILOGRAMS',NULL,732,NULL),(767,NULL,'2021-04-26 16:03:52',NULL,NULL,NULL,NULL,NULL,'CENTIMETERS',NULL,NULL,NULL,NULL,NULL,NULL,NULL,NULL,'CHECK_QUANTITY',_binary '\0',NULL,'product124',99999999,10.00000,NULL,NULL,NULL,NULL,NULL,NULL,'KILOGRAMS',NULL,733,NULL),(768,NULL,'2021-04-26 16:03:52',NULL,NULL,NULL,NULL,NULL,'CENTIMETERS',NULL,NULL,NULL,NULL,NULL,NULL,NULL,NULL,'CHECK_QUANTITY',_binary '\0',NULL,'product125',99999999,10.00000,NULL,NULL,NULL,NULL,NULL,NULL,'KILOGRAMS',NULL,734,NULL),(769,NULL,'2021-04-26 16:03:52',NULL,NULL,NULL,NULL,NULL,'CENTIMETERS',NULL,NULL,NULL,NULL,NULL,NULL,NULL,NULL,'CHECK_QUANTITY',_binary '\0',NULL,'product126',99999999,10.00000,NULL,NULL,NULL,NULL,NULL,NULL,'KILOGRAMS',NULL,735,NULL),(770,NULL,'2021-04-26 16:03:52',NULL,NULL,NULL,NULL,NULL,'CENTIMETERS',NULL,NULL,NULL,NULL,NULL,NULL,NULL,NULL,'CHECK_QUANTITY',_binary '\0',NULL,'product127',99999999,10.00000,NULL,NULL,NULL,NULL,NULL,NULL,'KILOGRAMS',NULL,736,NULL),(771,NULL,'2021-04-26 16:03:52',NULL,NULL,NULL,NULL,NULL,'CENTIMETERS',NULL,NULL,NULL,NULL,NULL,NULL,NULL,NULL,'CHECK_QUANTITY',_binary '\0',NULL,'product128',99999999,10.00000,NULL,NULL,NULL,NULL,NULL,NULL,'KILOGRAMS',NULL,737,NULL),(772,NULL,'2021-04-26 16:03:52',NULL,NULL,NULL,NULL,NULL,'CENTIMETERS',NULL,NULL,NULL,NULL,NULL,NULL,NULL,NULL,'CHECK_QUANTITY',_binary '\0',NULL,'product129',99999999,10.00000,NULL,NULL,NULL,NULL,NULL,NULL,'KILOGRAMS',NULL,738,NULL),(773,NULL,'2021-04-26 16:03:52',NULL,NULL,NULL,NULL,NULL,'CENTIMETERS',NULL,NULL,NULL,NULL,NULL,NULL,NULL,NULL,'CHECK_QUANTITY',_binary '\0',NULL,'product130',99999999,10.00000,NULL,NULL,NULL,NULL,NULL,NULL,'KILOGRAMS',NULL,739,NULL),(774,NULL,'2021-04-26 16:03:52',NULL,NULL,NULL,NULL,NULL,'CENTIMETERS',NULL,NULL,NULL,NULL,NULL,NULL,NULL,NULL,'CHECK_QUANTITY',_binary '\0',NULL,'product131',99999999,10.00000,NULL,NULL,NULL,NULL,NULL,NULL,'KILOGRAMS',NULL,740,NULL),(775,NULL,'2021-04-26 16:03:52',NULL,NULL,NULL,NULL,NULL,'CENTIMETERS',NULL,NULL,NULL,NULL,NULL,NULL,NULL,NULL,'CHECK_QUANTITY',_binary '\0',NULL,'product132',99999999,10.00000,NULL,NULL,NULL,NULL,NULL,NULL,'KILOGRAMS',NULL,741,NULL),(776,NULL,'2021-04-26 16:03:52',NULL,NULL,NULL,NULL,NULL,'CENTIMETERS',NULL,NULL,NULL,NULL,NULL,NULL,NULL,NULL,'CHECK_QUANTITY',_binary '\0',NULL,'product133',99999999,10.00000,NULL,NULL,NULL,NULL,NULL,NULL,'KILOGRAMS',NULL,742,NULL),(777,NULL,'2021-04-26 16:03:52',NULL,NULL,NULL,NULL,NULL,'CENTIMETERS',NULL,NULL,NULL,NULL,NULL,NULL,NULL,NULL,'CHECK_QUANTITY',_binary '\0',NULL,'product134',99999999,10.00000,NULL,NULL,NULL,NULL,NULL,NULL,'KILOGRAMS',NULL,743,NULL),(778,NULL,'2021-04-26 16:03:52',NULL,NULL,NULL,NULL,NULL,'CENTIMETERS',NULL,NULL,NULL,NULL,NULL,NULL,NULL,NULL,'CHECK_QUANTITY',_binary '\0',NULL,'product135',99999999,10.00000,NULL,NULL,NULL,NULL,NULL,NULL,'KILOGRAMS',NULL,744,NULL),(779,NULL,'2021-04-26 16:03:52',NULL,NULL,NULL,NULL,NULL,'CENTIMETERS',NULL,NULL,NULL,NULL,NULL,NULL,NULL,NULL,'CHECK_QUANTITY',_binary '\0',NULL,'product136',99999999,10.00000,NULL,NULL,NULL,NULL,NULL,NULL,'KILOGRAMS',NULL,745,NULL),(780,NULL,'2021-04-26 16:03:52',NULL,NULL,NULL,NULL,NULL,'CENTIMETERS',NULL,NULL,NULL,NULL,NULL,NULL,NULL,NULL,'CHECK_QUANTITY',_binary '\0',NULL,'product137',99999999,10.00000,NULL,NULL,NULL,NULL,NULL,NULL,'KILOGRAMS',NULL,746,NULL),(781,NULL,'2021-04-26 16:03:52',NULL,NULL,NULL,NULL,NULL,'CENTIMETERS',NULL,NULL,NULL,NULL,NULL,NULL,NULL,NULL,'CHECK_QUANTITY',_binary '\0',NULL,'product138',99999999,10.00000,NULL,NULL,NULL,NULL,NULL,NULL,'KILOGRAMS',NULL,747,NULL),(782,NULL,'2021-04-26 16:03:52',NULL,NULL,NULL,NULL,NULL,'CENTIMETERS',NULL,NULL,NULL,NULL,NULL,NULL,NULL,NULL,'CHECK_QUANTITY',_binary '\0',NULL,'product139',99999999,10.00000,NULL,NULL,NULL,NULL,NULL,NULL,'KILOGRAMS',NULL,748,NULL),(783,NULL,'2021-04-26 16:03:52',NULL,NULL,NULL,NULL,NULL,'CENTIMETERS',NULL,NULL,NULL,NULL,NULL,NULL,NULL,NULL,'CHECK_QUANTITY',_binary '\0',NULL,'product140',99999999,10.00000,NULL,NULL,NULL,NULL,NULL,NULL,'KILOGRAMS',NULL,749,NULL),(784,NULL,'2021-04-26 16:03:52',NULL,NULL,NULL,NULL,NULL,'CENTIMETERS',NULL,NULL,NULL,NULL,NULL,NULL,NULL,NULL,'CHECK_QUANTITY',_binary '\0',NULL,'product141',99999999,10.00000,NULL,NULL,NULL,NULL,NULL,NULL,'KILOGRAMS',NULL,750,NULL),(785,NULL,'2021-04-26 16:03:52',NULL,NULL,NULL,NULL,NULL,'CENTIMETERS',NULL,NULL,NULL,NULL,NULL,NULL,NULL,NULL,'CHECK_QUANTITY',_binary '\0',NULL,'product142',99999999,10.00000,NULL,NULL,NULL,NULL,NULL,NULL,'KILOGRAMS',NULL,751,NULL),(786,NULL,'2021-04-26 16:03:52',NULL,NULL,NULL,NULL,NULL,'CENTIMETERS',NULL,NULL,NULL,NULL,NULL,NULL,NULL,NULL,'CHECK_QUANTITY',_binary '\0',NULL,'product143',99999999,10.00000,NULL,NULL,NULL,NULL,NULL,NULL,'KILOGRAMS',NULL,752,NULL),(787,NULL,'2021-04-26 16:03:52',NULL,NULL,NULL,NULL,NULL,'CENTIMETERS',NULL,NULL,NULL,NULL,NULL,NULL,NULL,NULL,'CHECK_QUANTITY',_binary '\0',NULL,'product144',99999999,10.00000,NULL,NULL,NULL,NULL,NULL,NULL,'KILOGRAMS',NULL,753,NULL),(788,NULL,'2021-04-26 16:03:52',NULL,NULL,NULL,NULL,NULL,'CENTIMETERS',NULL,NULL,NULL,NULL,NULL,NULL,NULL,NULL,'CHECK_QUANTITY',_binary '\0',NULL,'product145',99999999,10.00000,NULL,NULL,NULL,NULL,NULL,NULL,'KILOGRAMS',NULL,754,NULL),(789,NULL,'2021-04-26 16:03:52',NULL,NULL,NULL,NULL,NULL,'CENTIMETERS',NULL,NULL,NULL,NULL,NULL,NULL,NULL,NULL,'CHECK_QUANTITY',_binary '\0',NULL,'product146',99999999,10.00000,NULL,NULL,NULL,NULL,NULL,NULL,'KILOGRAMS',NULL,755,NULL),(790,NULL,'2021-04-26 16:03:52',NULL,NULL,NULL,NULL,NULL,'CENTIMETERS',NULL,NULL,NULL,NULL,NULL,NULL,NULL,NULL,'CHECK_QUANTITY',_binary '\0',NULL,'product147',99999999,10.00000,NULL,NULL,NULL,NULL,NULL,NULL,'KILOGRAMS',NULL,756,NULL),(791,NULL,'2021-04-26 16:03:52',NULL,NULL,NULL,NULL,NULL,'CENTIMETERS',NULL,NULL,NULL,NULL,NULL,NULL,NULL,NULL,'CHECK_QUANTITY',_binary '\0',NULL,'product148',99999999,10.00000,NULL,NULL,NULL,NULL,NULL,NULL,'KILOGRAMS',NULL,757,NULL),(792,NULL,'2021-04-26 16:03:52',NULL,NULL,NULL,NULL,NULL,'CENTIMETERS',NULL,NULL,NULL,NULL,NULL,NULL,NULL,NULL,'CHECK_QUANTITY',_binary '\0',NULL,'product149',99999999,10.00000,NULL,NULL,NULL,NULL,NULL,NULL,'KILOGRAMS',NULL,758,NULL),(793,NULL,'2021-04-26 16:03:52',NULL,NULL,NULL,NULL,NULL,'CENTIMETERS',NULL,NULL,NULL,NULL,NULL,NULL,NULL,NULL,'CHECK_QUANTITY',_binary '\0',NULL,'product150',99999999,10.00000,NULL,NULL,NULL,NULL,NULL,NULL,'KILOGRAMS',NULL,759,NULL),(794,NULL,'2021-04-26 16:03:52',NULL,NULL,NULL,NULL,NULL,'CENTIMETERS',NULL,NULL,NULL,NULL,NULL,NULL,NULL,NULL,'CHECK_QUANTITY',_binary '\0',NULL,'product151',99999999,10.00000,NULL,NULL,NULL,NULL,NULL,NULL,'KILOGRAMS',NULL,760,NULL),(795,NULL,'2021-04-26 16:03:52',NULL,NULL,NULL,NULL,NULL,'CENTIMETERS',NULL,NULL,NULL,NULL,NULL,NULL,NULL,NULL,'CHECK_QUANTITY',_binary '\0',NULL,'product152',99999999,10.00000,NULL,NULL,NULL,NULL,NULL,NULL,'KILOGRAMS',NULL,761,NULL),(796,NULL,'2021-04-26 16:03:52',NULL,NULL,NULL,NULL,NULL,'CENTIMETERS',NULL,NULL,NULL,NULL,NULL,NULL,NULL,NULL,'CHECK_QUANTITY',_binary '\0',NULL,'product153',99999999,10.00000,NULL,NULL,NULL,NULL,NULL,NULL,'KILOGRAMS',NULL,762,NULL),(797,NULL,'2021-04-26 16:03:52',NULL,NULL,NULL,NULL,NULL,'CENTIMETERS',NULL,NULL,NULL,NULL,NULL,NULL,NULL,NULL,'CHECK_QUANTITY',_binary '\0',NULL,'product154',99999999,10.00000,NULL,NULL,NULL,NULL,NULL,NULL,'KILOGRAMS',NULL,763,NULL),(798,NULL,'2021-04-26 16:03:52',NULL,NULL,NULL,NULL,NULL,'CENTIMETERS',NULL,NULL,NULL,NULL,NULL,NULL,NULL,NULL,'CHECK_QUANTITY',_binary '\0',NULL,'product155',99999999,10.00000,NULL,NULL,NULL,NULL,NULL,NULL,'KILOGRAMS',NULL,764,NULL),(799,NULL,'2021-04-26 16:03:52',NULL,NULL,NULL,NULL,NULL,'CENTIMETERS',NULL,NULL,NULL,NULL,NULL,NULL,NULL,NULL,'CHECK_QUANTITY',_binary '\0',NULL,'product156',99999999,10.00000,NULL,NULL,NULL,NULL,NULL,NULL,'KILOGRAMS',NULL,765,NULL),(800,NULL,'2021-04-26 16:03:52',NULL,NULL,NULL,NULL,NULL,'CENTIMETERS',NULL,NULL,NULL,NULL,NULL,NULL,NULL,NULL,'CHECK_QUANTITY',_binary '\0',NULL,'product157',99999999,10.00000,NULL,NULL,NULL,NULL,NULL,NULL,'KILOGRAMS',NULL,766,NULL),(801,NULL,'2021-04-26 16:03:52',NULL,NULL,NULL,NULL,NULL,'CENTIMETERS',NULL,NULL,NULL,NULL,NULL,NULL,NULL,NULL,'CHECK_QUANTITY',_binary '\0',NULL,'product158',99999999,10.00000,NULL,NULL,NULL,NULL,NULL,NULL,'KILOGRAMS',NULL,767,NULL),(802,NULL,'2021-04-26 16:03:52',NULL,NULL,NULL,NULL,NULL,'CENTIMETERS',NULL,NULL,NULL,NULL,NULL,NULL,NULL,NULL,'CHECK_QUANTITY',_binary '\0',NULL,'product159',99999999,10.00000,NULL,NULL,NULL,NULL,NULL,NULL,'KILOGRAMS',NULL,768,NULL),(803,NULL,'2021-04-26 16:03:52',NULL,NULL,NULL,NULL,NULL,'CENTIMETERS',NULL,NULL,NULL,NULL,NULL,NULL,NULL,NULL,'CHECK_QUANTITY',_binary '\0',NULL,'product160',99999999,10.00000,NULL,NULL,NULL,NULL,NULL,NULL,'KILOGRAMS',NULL,769,NULL),(804,NULL,'2021-04-26 16:03:52',NULL,NULL,NULL,NULL,NULL,'CENTIMETERS',NULL,NULL,NULL,NULL,NULL,NULL,NULL,NULL,'CHECK_QUANTITY',_binary '\0',NULL,'product161',99999999,10.00000,NULL,NULL,NULL,NULL,NULL,NULL,'KILOGRAMS',NULL,770,NULL),(805,NULL,'2021-04-26 16:03:52',NULL,NULL,NULL,NULL,NULL,'CENTIMETERS',NULL,NULL,NULL,NULL,NULL,NULL,NULL,NULL,'CHECK_QUANTITY',_binary '\0',NULL,'product162',99999999,10.00000,NULL,NULL,NULL,NULL,NULL,NULL,'KILOGRAMS',NULL,771,NULL),(806,NULL,'2021-04-26 16:03:52',NULL,NULL,NULL,NULL,NULL,'CENTIMETERS',NULL,NULL,NULL,NULL,NULL,NULL,NULL,NULL,'CHECK_QUANTITY',_binary '\0',NULL,'product163',99999999,10.00000,NULL,NULL,NULL,NULL,NULL,NULL,'KILOGRAMS',NULL,772,NULL),(807,NULL,'2021-04-26 16:03:52',NULL,NULL,NULL,NULL,NULL,'CENTIMETERS',NULL,NULL,NULL,NULL,NULL,NULL,NULL,NULL,'CHECK_QUANTITY',_binary '\0',NULL,'product164',99999999,10.00000,NULL,NULL,NULL,NULL,NULL,NULL,'KILOGRAMS',NULL,773,NULL),(808,NULL,'2021-04-26 16:03:52',NULL,NULL,NULL,NULL,NULL,'CENTIMETERS',NULL,NULL,NULL,NULL,NULL,NULL,NULL,NULL,'CHECK_QUANTITY',_binary '\0',NULL,'product165',99999999,10.00000,NULL,NULL,NULL,NULL,NULL,NULL,'KILOGRAMS',NULL,774,NULL),(809,NULL,'2021-04-26 16:03:52',NULL,NULL,NULL,NULL,NULL,'CENTIMETERS',NULL,NULL,NULL,NULL,NULL,NULL,NULL,NULL,'CHECK_QUANTITY',_binary '\0',NULL,'product166',99999999,10.00000,NULL,NULL,NULL,NULL,NULL,NULL,'KILOGRAMS',NULL,775,NULL),(810,NULL,'2021-04-26 16:03:52',NULL,NULL,NULL,NULL,NULL,'CENTIMETERS',NULL,NULL,NULL,NULL,NULL,NULL,NULL,NULL,'CHECK_QUANTITY',_binary '\0',NULL,'product167',99999999,10.00000,NULL,NULL,NULL,NULL,NULL,NULL,'KILOGRAMS',NULL,776,NULL),(811,NULL,'2021-04-26 16:03:52',NULL,NULL,NULL,NULL,NULL,'CENTIMETERS',NULL,NULL,NULL,NULL,NULL,NULL,NULL,NULL,'CHECK_QUANTITY',_binary '\0',NULL,'product168',99999999,10.00000,NULL,NULL,NULL,NULL,NULL,NULL,'KILOGRAMS',NULL,777,NULL),(812,NULL,'2021-04-26 16:03:52',NULL,NULL,NULL,NULL,NULL,'CENTIMETERS',NULL,NULL,NULL,NULL,NULL,NULL,NULL,NULL,'CHECK_QUANTITY',_binary '\0',NULL,'product169',99999999,10.00000,NULL,NULL,NULL,NULL,NULL,NULL,'KILOGRAMS',NULL,778,NULL),(813,NULL,'2021-04-26 16:03:52',NULL,NULL,NULL,NULL,NULL,'CENTIMETERS',NULL,NULL,NULL,NULL,NULL,NULL,NULL,NULL,'CHECK_QUANTITY',_binary '\0',NULL,'product170',99999999,10.00000,NULL,NULL,NULL,NULL,NULL,NULL,'KILOGRAMS',NULL,779,NULL),(814,NULL,'2021-04-26 16:03:52',NULL,NULL,NULL,NULL,NULL,'CENTIMETERS',NULL,NULL,NULL,NULL,NULL,NULL,NULL,NULL,'CHECK_QUANTITY',_binary '\0',NULL,'product171',99999999,10.00000,NULL,NULL,NULL,NULL,NULL,NULL,'KILOGRAMS',NULL,780,NULL),(815,NULL,'2021-04-26 16:03:52',NULL,NULL,NULL,NULL,NULL,'CENTIMETERS',NULL,NULL,NULL,NULL,NULL,NULL,NULL,NULL,'CHECK_QUANTITY',_binary '\0',NULL,'product172',99999999,10.00000,NULL,NULL,NULL,NULL,NULL,NULL,'KILOGRAMS',NULL,781,NULL),(816,NULL,'2021-04-26 16:03:52',NULL,NULL,NULL,NULL,NULL,'CENTIMETERS',NULL,NULL,NULL,NULL,NULL,NULL,NULL,NULL,'CHECK_QUANTITY',_binary '\0',NULL,'product173',99999999,10.00000,NULL,NULL,NULL,NULL,NULL,NULL,'KILOGRAMS',NULL,782,NULL),(817,NULL,'2021-04-26 16:03:52',NULL,NULL,NULL,NULL,NULL,'CENTIMETERS',NULL,NULL,NULL,NULL,NULL,NULL,NULL,NULL,'CHECK_QUANTITY',_binary '\0',NULL,'product174',99999999,10.00000,NULL,NULL,NULL,NULL,NULL,NULL,'KILOGRAMS',NULL,783,NULL),(818,NULL,'2021-04-26 16:03:52',NULL,NULL,NULL,NULL,NULL,'CENTIMETERS',NULL,NULL,NULL,NULL,NULL,NULL,NULL,NULL,'CHECK_QUANTITY',_binary '\0',NULL,'product175',99999999,10.00000,NULL,NULL,NULL,NULL,NULL,NULL,'KILOGRAMS',NULL,784,NULL),(819,NULL,'2021-04-26 16:03:52',NULL,NULL,NULL,NULL,NULL,'CENTIMETERS',NULL,NULL,NULL,NULL,NULL,NULL,NULL,NULL,'CHECK_QUANTITY',_binary '\0',NULL,'product176',99999999,10.00000,NULL,NULL,NULL,NULL,NULL,NULL,'KILOGRAMS',NULL,785,NULL),(820,NULL,'2021-04-26 16:03:52',NULL,NULL,NULL,NULL,NULL,'CENTIMETERS',NULL,NULL,NULL,NULL,NULL,NULL,NULL,NULL,'CHECK_QUANTITY',_binary '\0',NULL,'product177',99999999,10.00000,NULL,NULL,NULL,NULL,NULL,NULL,'KILOGRAMS',NULL,786,NULL),(821,NULL,'2021-04-26 16:03:52',NULL,NULL,NULL,NULL,NULL,'CENTIMETERS',NULL,NULL,NULL,NULL,NULL,NULL,NULL,NULL,'CHECK_QUANTITY',_binary '\0',NULL,'product178',99999999,10.00000,NULL,NULL,NULL,NULL,NULL,NULL,'KILOGRAMS',NULL,787,NULL),(822,NULL,'2021-04-26 16:03:52',NULL,NULL,NULL,NULL,NULL,'CENTIMETERS',NULL,NULL,NULL,NULL,NULL,NULL,NULL,NULL,'CHECK_QUANTITY',_binary '\0',NULL,'product179',99999999,10.00000,NULL,NULL,NULL,NULL,NULL,NULL,'KILOGRAMS',NULL,788,NULL),(823,NULL,'2021-04-26 16:03:52',NULL,NULL,NULL,NULL,NULL,'CENTIMETERS',NULL,NULL,NULL,NULL,NULL,NULL,NULL,NULL,'CHECK_QUANTITY',_binary '\0',NULL,'product180',99999999,10.00000,NULL,NULL,NULL,NULL,NULL,NULL,'KILOGRAMS',NULL,789,NULL),(824,NULL,'2021-04-26 16:03:52',NULL,NULL,NULL,NULL,NULL,'CENTIMETERS',NULL,NULL,NULL,NULL,NULL,NULL,NULL,NULL,'CHECK_QUANTITY',_binary '\0',NULL,'product181',99999999,10.00000,NULL,NULL,NULL,NULL,NULL,NULL,'KILOGRAMS',NULL,790,NULL),(825,NULL,'2021-04-26 16:03:52',NULL,NULL,NULL,NULL,NULL,'CENTIMETERS',NULL,NULL,NULL,NULL,NULL,NULL,NULL,NULL,'CHECK_QUANTITY',_binary '\0',NULL,'product182',99999999,10.00000,NULL,NULL,NULL,NULL,NULL,NULL,'KILOGRAMS',NULL,791,NULL),(826,NULL,'2021-04-26 16:03:52',NULL,NULL,NULL,NULL,NULL,'CENTIMETERS',NULL,NULL,NULL,NULL,NULL,NULL,NULL,NULL,'CHECK_QUANTITY',_binary '\0',NULL,'product183',99999999,10.00000,NULL,NULL,NULL,NULL,NULL,NULL,'KILOGRAMS',NULL,792,NULL),(827,NULL,'2021-04-26 16:03:52',NULL,NULL,NULL,NULL,NULL,'CENTIMETERS',NULL,NULL,NULL,NULL,NULL,NULL,NULL,NULL,'CHECK_QUANTITY',_binary '\0',NULL,'product184',99999999,10.00000,NULL,NULL,NULL,NULL,NULL,NULL,'KILOGRAMS',NULL,793,NULL),(828,NULL,'2021-04-26 16:03:52',NULL,NULL,NULL,NULL,NULL,'CENTIMETERS',NULL,NULL,NULL,NULL,NULL,NULL,NULL,NULL,'CHECK_QUANTITY',_binary '\0',NULL,'product185',99999999,10.00000,NULL,NULL,NULL,NULL,NULL,NULL,'KILOGRAMS',NULL,794,NULL),(829,NULL,'2021-04-26 16:03:52',NULL,NULL,NULL,NULL,NULL,'CENTIMETERS',NULL,NULL,NULL,NULL,NULL,NULL,NULL,NULL,'CHECK_QUANTITY',_binary '\0',NULL,'product186',99999999,10.00000,NULL,NULL,NULL,NULL,NULL,NULL,'KILOGRAMS',NULL,795,NULL),(830,NULL,'2021-04-26 16:03:52',NULL,NULL,NULL,NULL,NULL,'CENTIMETERS',NULL,NULL,NULL,NULL,NULL,NULL,NULL,NULL,'CHECK_QUANTITY',_binary '\0',NULL,'product187',99999999,10.00000,NULL,NULL,NULL,NULL,NULL,NULL,'KILOGRAMS',NULL,796,NULL),(831,NULL,'2021-04-26 16:03:52',NULL,NULL,NULL,NULL,NULL,'CENTIMETERS',NULL,NULL,NULL,NULL,NULL,NULL,NULL,NULL,'CHECK_QUANTITY',_binary '\0',NULL,'product188',99999999,10.00000,NULL,NULL,NULL,NULL,NULL,NULL,'KILOGRAMS',NULL,797,NULL),(832,NULL,'2021-04-26 16:03:52',NULL,NULL,NULL,NULL,NULL,'CENTIMETERS',NULL,NULL,NULL,NULL,NULL,NULL,NULL,NULL,'CHECK_QUANTITY',_binary '\0',NULL,'product189',99999999,10.00000,NULL,NULL,NULL,NULL,NULL,NULL,'KILOGRAMS',NULL,798,NULL),(833,NULL,'2021-04-26 16:03:52',NULL,NULL,NULL,NULL,NULL,'CENTIMETERS',NULL,NULL,NULL,NULL,NULL,NULL,NULL,NULL,'CHECK_QUANTITY',_binary '\0',NULL,'product190',99999999,10.00000,NULL,NULL,NULL,NULL,NULL,NULL,'KILOGRAMS',NULL,799,NULL),(834,NULL,'2021-04-26 16:03:52',NULL,NULL,NULL,NULL,NULL,'CENTIMETERS',NULL,NULL,NULL,NULL,NULL,NULL,NULL,NULL,'CHECK_QUANTITY',_binary '\0',NULL,'product191',99999999,10.00000,NULL,NULL,NULL,NULL,NULL,NULL,'KILOGRAMS',NULL,800,NULL),(835,NULL,'2021-04-26 16:03:52',NULL,NULL,NULL,NULL,NULL,'CENTIMETERS',NULL,NULL,NULL,NULL,NULL,NULL,NULL,NULL,'CHECK_QUANTITY',_binary '\0',NULL,'product192',99999999,10.00000,NULL,NULL,NULL,NULL,NULL,NULL,'KILOGRAMS',NULL,801,NULL),(836,NULL,'2021-04-26 16:03:52',NULL,NULL,NULL,NULL,NULL,'CENTIMETERS',NULL,NULL,NULL,NULL,NULL,NULL,NULL,NULL,'CHECK_QUANTITY',_binary '\0',NULL,'product193',99999999,10.00000,NULL,NULL,NULL,NULL,NULL,NULL,'KILOGRAMS',NULL,802,NULL),(837,NULL,'2021-04-26 16:03:52',NULL,NULL,NULL,NULL,NULL,'CENTIMETERS',NULL,NULL,NULL,NULL,NULL,NULL,NULL,NULL,'CHECK_QUANTITY',_binary '\0',NULL,'product194',99999999,10.00000,NULL,NULL,NULL,NULL,NULL,NULL,'KILOGRAMS',NULL,803,NULL),(838,NULL,'2021-04-26 16:03:52',NULL,NULL,NULL,NULL,NULL,'CENTIMETERS',NULL,NULL,NULL,NULL,NULL,NULL,NULL,NULL,'CHECK_QUANTITY',_binary '\0',NULL,'product195',99999999,10.00000,NULL,NULL,NULL,NULL,NULL,NULL,'KILOGRAMS',NULL,804,NULL),(839,NULL,'2021-04-26 16:03:52',NULL,NULL,NULL,NULL,NULL,'CENTIMETERS',NULL,NULL,NULL,NULL,NULL,NULL,NULL,NULL,'CHECK_QUANTITY',_binary '\0',NULL,'product196',99999999,10.00000,NULL,NULL,NULL,NULL,NULL,NULL,'KILOGRAMS',NULL,805,NULL),(840,NULL,'2021-04-26 16:03:52',NULL,NULL,NULL,NULL,NULL,'CENTIMETERS',NULL,NULL,NULL,NULL,NULL,NULL,NULL,NULL,'CHECK_QUANTITY',_binary '\0',NULL,'product197',99999999,10.00000,NULL,NULL,NULL,NULL,NULL,NULL,'KILOGRAMS',NULL,806,NULL),(841,NULL,'2021-04-26 16:03:52',NULL,NULL,NULL,NULL,NULL,'CENTIMETERS',NULL,NULL,NULL,NULL,NULL,NULL,NULL,NULL,'CHECK_QUANTITY',_binary '\0',NULL,'product198',99999999,10.00000,NULL,NULL,NULL,NULL,NULL,NULL,'KILOGRAMS',NULL,807,NULL),(842,NULL,'2021-04-26 16:03:52',NULL,NULL,NULL,NULL,NULL,'CENTIMETERS',NULL,NULL,NULL,NULL,NULL,NULL,NULL,NULL,'CHECK_QUANTITY',_binary '\0',NULL,'product199',99999999,10.00000,NULL,NULL,NULL,NULL,NULL,NULL,'KILOGRAMS',NULL,808,NULL),(843,NULL,'2021-04-26 16:03:52',NULL,NULL,NULL,NULL,NULL,'CENTIMETERS',NULL,NULL,NULL,NULL,NULL,NULL,NULL,NULL,'CHECK_QUANTITY',_binary '\0',NULL,'product200',99999999,10.00000,NULL,NULL,NULL,NULL,NULL,NULL,'KILOGRAMS',NULL,809,NULL),(844,NULL,'2021-04-26 16:03:52',NULL,NULL,NULL,NULL,NULL,'CENTIMETERS',NULL,NULL,NULL,NULL,NULL,NULL,NULL,NULL,'CHECK_QUANTITY',_binary '\0',NULL,'product201',99999999,10.00000,NULL,NULL,NULL,NULL,NULL,NULL,'KILOGRAMS',NULL,810,NULL),(845,NULL,'2021-04-26 16:03:52',NULL,NULL,NULL,NULL,NULL,'CENTIMETERS',NULL,NULL,NULL,NULL,NULL,NULL,NULL,NULL,'CHECK_QUANTITY',_binary '\0',NULL,'product202',99999999,10.00000,NULL,NULL,NULL,NULL,NULL,NULL,'KILOGRAMS',NULL,811,NULL),(846,NULL,'2021-04-26 16:03:52',NULL,NULL,NULL,NULL,NULL,'CENTIMETERS',NULL,NULL,NULL,NULL,NULL,NULL,NULL,NULL,'CHECK_QUANTITY',_binary '\0',NULL,'product203',99999999,10.00000,NULL,NULL,NULL,NULL,NULL,NULL,'KILOGRAMS',NULL,812,NULL),(847,NULL,'2021-04-26 16:03:52',NULL,NULL,NULL,NULL,NULL,'CENTIMETERS',NULL,NULL,NULL,NULL,NULL,NULL,NULL,NULL,'CHECK_QUANTITY',_binary '\0',NULL,'product204',99999999,10.00000,NULL,NULL,NULL,NULL,NULL,NULL,'KILOGRAMS',NULL,813,NULL),(848,NULL,'2021-04-26 16:03:52',NULL,NULL,NULL,NULL,NULL,'CENTIMETERS',NULL,NULL,NULL,NULL,NULL,NULL,NULL,NULL,'CHECK_QUANTITY',_binary '\0',NULL,'product205',99999999,10.00000,NULL,NULL,NULL,NULL,NULL,NULL,'KILOGRAMS',NULL,814,NULL),(849,NULL,'2021-04-26 16:03:52',NULL,NULL,NULL,NULL,NULL,'CENTIMETERS',NULL,NULL,NULL,NULL,NULL,NULL,NULL,NULL,'CHECK_QUANTITY',_binary '\0',NULL,'product206',99999999,10.00000,NULL,NULL,NULL,NULL,NULL,NULL,'KILOGRAMS',NULL,815,NULL),(850,NULL,'2021-04-26 16:03:52',NULL,NULL,NULL,NULL,NULL,'CENTIMETERS',NULL,NULL,NULL,NULL,NULL,NULL,NULL,NULL,'CHECK_QUANTITY',_binary '\0',NULL,'product207',99999999,10.00000,NULL,NULL,NULL,NULL,NULL,NULL,'KILOGRAMS',NULL,816,NULL),(851,NULL,'2021-04-26 16:03:52',NULL,NULL,NULL,NULL,NULL,'CENTIMETERS',NULL,NULL,NULL,NULL,NULL,NULL,NULL,NULL,'CHECK_QUANTITY',_binary '\0',NULL,'product208',99999999,10.00000,NULL,NULL,NULL,NULL,NULL,NULL,'KILOGRAMS',NULL,817,NULL),(852,NULL,'2021-04-26 16:03:52',NULL,NULL,NULL,NULL,NULL,'CENTIMETERS',NULL,NULL,NULL,NULL,NULL,NULL,NULL,NULL,'CHECK_QUANTITY',_binary '\0',NULL,'product209',99999999,10.00000,NULL,NULL,NULL,NULL,NULL,NULL,'KILOGRAMS',NULL,818,NULL),(853,NULL,'2021-04-26 16:03:52',NULL,NULL,NULL,NULL,NULL,'CENTIMETERS',NULL,NULL,NULL,NULL,NULL,NULL,NULL,NULL,'CHECK_QUANTITY',_binary '\0',NULL,'product210',99999999,10.00000,NULL,NULL,NULL,NULL,NULL,NULL,'KILOGRAMS',NULL,819,NULL),(854,NULL,'2021-04-26 16:03:52',NULL,NULL,NULL,NULL,NULL,'CENTIMETERS',NULL,NULL,NULL,NULL,NULL,NULL,NULL,NULL,'CHECK_QUANTITY',_binary '\0',NULL,'product211',99999999,10.00000,NULL,NULL,NULL,NULL,NULL,NULL,'KILOGRAMS',NULL,820,NULL),(855,NULL,'2021-04-26 16:03:52',NULL,NULL,NULL,NULL,NULL,'CENTIMETERS',NULL,NULL,NULL,NULL,NULL,NULL,NULL,NULL,'CHECK_QUANTITY',_binary '\0',NULL,'product212',99999999,10.00000,NULL,NULL,NULL,NULL,NULL,NULL,'KILOGRAMS',NULL,821,NULL),(856,NULL,'2021-04-26 16:03:52',NULL,NULL,NULL,NULL,NULL,'CENTIMETERS',NULL,NULL,NULL,NULL,NULL,NULL,NULL,NULL,'CHECK_QUANTITY',_binary '\0',NULL,'product213',99999999,10.00000,NULL,NULL,NULL,NULL,NULL,NULL,'KILOGRAMS',NULL,822,NULL),(857,NULL,'2021-04-26 16:03:52',NULL,NULL,NULL,NULL,NULL,'CENTIMETERS',NULL,NULL,NULL,NULL,NULL,NULL,NULL,NULL,'CHECK_QUANTITY',_binary '\0',NULL,'product214',99999999,10.00000,NULL,NULL,NULL,NULL,NULL,NULL,'KILOGRAMS',NULL,823,NULL),(858,NULL,'2021-04-26 16:03:52',NULL,NULL,NULL,NULL,NULL,'CENTIMETERS',NULL,NULL,NULL,NULL,NULL,NULL,NULL,NULL,'CHECK_QUANTITY',_binary '\0',NULL,'product215',99999999,10.00000,NULL,NULL,NULL,NULL,NULL,NULL,'KILOGRAMS',NULL,824,NULL),(859,NULL,'2021-04-26 16:03:52',NULL,NULL,NULL,NULL,NULL,'CENTIMETERS',NULL,NULL,NULL,NULL,NULL,NULL,NULL,NULL,'CHECK_QUANTITY',_binary '\0',NULL,'product216',99999999,10.00000,NULL,NULL,NULL,NULL,NULL,NULL,'KILOGRAMS',NULL,825,NULL),(860,NULL,'2021-04-26 16:03:52',NULL,NULL,NULL,NULL,NULL,'CENTIMETERS',NULL,NULL,NULL,NULL,NULL,NULL,NULL,NULL,'CHECK_QUANTITY',_binary '\0',NULL,'product217',99999999,10.00000,NULL,NULL,NULL,NULL,NULL,NULL,'KILOGRAMS',NULL,826,NULL),(861,NULL,'2021-04-26 16:03:52',NULL,NULL,NULL,NULL,NULL,'CENTIMETERS',NULL,NULL,NULL,NULL,NULL,NULL,NULL,NULL,'CHECK_QUANTITY',_binary '\0',NULL,'product218',99999999,10.00000,NULL,NULL,NULL,NULL,NULL,NULL,'KILOGRAMS',NULL,827,NULL),(862,NULL,'2021-04-26 16:03:52',NULL,NULL,NULL,NULL,NULL,'CENTIMETERS',NULL,NULL,NULL,NULL,NULL,NULL,NULL,NULL,'CHECK_QUANTITY',_binary '\0',NULL,'product219',99999999,10.00000,NULL,NULL,NULL,NULL,NULL,NULL,'KILOGRAMS',NULL,828,NULL),(863,NULL,'2021-04-26 16:03:52',NULL,NULL,NULL,NULL,NULL,'CENTIMETERS',NULL,NULL,NULL,NULL,NULL,NULL,NULL,NULL,'CHECK_QUANTITY',_binary '\0',NULL,'product220',99999999,10.00000,NULL,NULL,NULL,NULL,NULL,NULL,'KILOGRAMS',NULL,829,NULL),(864,NULL,'2021-04-26 16:03:52',NULL,NULL,NULL,NULL,NULL,'CENTIMETERS',NULL,NULL,NULL,NULL,NULL,NULL,NULL,NULL,'CHECK_QUANTITY',_binary '\0',NULL,'product221',99999999,10.00000,NULL,NULL,NULL,NULL,NULL,NULL,'KILOGRAMS',NULL,830,NULL),(865,NULL,'2021-04-26 16:03:52',NULL,NULL,NULL,NULL,NULL,'CENTIMETERS',NULL,NULL,NULL,NULL,NULL,NULL,NULL,NULL,'CHECK_QUANTITY',_binary '\0',NULL,'product222',99999999,10.00000,NULL,NULL,NULL,NULL,NULL,NULL,'KILOGRAMS',NULL,831,NULL),(866,NULL,'2021-04-26 16:03:52',NULL,NULL,NULL,NULL,NULL,'CENTIMETERS',NULL,NULL,NULL,NULL,NULL,NULL,NULL,NULL,'CHECK_QUANTITY',_binary '\0',NULL,'product223',99999999,10.00000,NULL,NULL,NULL,NULL,NULL,NULL,'KILOGRAMS',NULL,832,NULL),(867,NULL,'2021-04-26 16:03:52',NULL,NULL,NULL,NULL,NULL,'CENTIMETERS',NULL,NULL,NULL,NULL,NULL,NULL,NULL,NULL,'CHECK_QUANTITY',_binary '\0',NULL,'product224',99999999,10.00000,NULL,NULL,NULL,NULL,NULL,NULL,'KILOGRAMS',NULL,833,NULL),(868,NULL,'2021-04-26 16:03:52',NULL,NULL,NULL,NULL,NULL,'CENTIMETERS',NULL,NULL,NULL,NULL,NULL,NULL,NULL,NULL,'CHECK_QUANTITY',_binary '\0',NULL,'product225',99999999,10.00000,NULL,NULL,NULL,NULL,NULL,NULL,'KILOGRAMS',NULL,834,NULL),(869,NULL,'2021-04-26 16:03:52',NULL,NULL,NULL,NULL,NULL,'CENTIMETERS',NULL,NULL,NULL,NULL,NULL,NULL,NULL,NULL,'CHECK_QUANTITY',_binary '\0',NULL,'product226',99999999,10.00000,NULL,NULL,NULL,NULL,NULL,NULL,'KILOGRAMS',NULL,835,NULL),(870,NULL,'2021-04-26 16:03:52',NULL,NULL,NULL,NULL,NULL,'CENTIMETERS',NULL,NULL,NULL,NULL,NULL,NULL,NULL,NULL,'CHECK_QUANTITY',_binary '\0',NULL,'product227',99999999,10.00000,NULL,NULL,NULL,NULL,NULL,NULL,'KILOGRAMS',NULL,836,NULL),(871,NULL,'2021-04-26 16:03:52',NULL,NULL,NULL,NULL,NULL,'CENTIMETERS',NULL,NULL,NULL,NULL,NULL,NULL,NULL,NULL,'CHECK_QUANTITY',_binary '\0',NULL,'product228',99999999,10.00000,NULL,NULL,NULL,NULL,NULL,NULL,'KILOGRAMS',NULL,837,NULL),(872,NULL,'2021-04-26 16:03:52',NULL,NULL,NULL,NULL,NULL,'CENTIMETERS',NULL,NULL,NULL,NULL,NULL,NULL,NULL,NULL,'CHECK_QUANTITY',_binary '\0',NULL,'product229',99999999,10.00000,NULL,NULL,NULL,NULL,NULL,NULL,'KILOGRAMS',NULL,838,NULL),(873,NULL,'2021-04-26 16:03:52',NULL,NULL,NULL,NULL,NULL,'CENTIMETERS',NULL,NULL,NULL,NULL,NULL,NULL,NULL,NULL,'CHECK_QUANTITY',_binary '\0',NULL,'product230',99999999,10.00000,NULL,NULL,NULL,NULL,NULL,NULL,'KILOGRAMS',NULL,839,NULL),(874,NULL,'2021-04-26 16:03:52',NULL,NULL,NULL,NULL,NULL,'CENTIMETERS',NULL,NULL,NULL,NULL,NULL,NULL,NULL,NULL,'CHECK_QUANTITY',_binary '\0',NULL,'product231',99999999,10.00000,NULL,NULL,NULL,NULL,NULL,NULL,'KILOGRAMS',NULL,840,NULL),(875,NULL,'2021-04-26 16:03:52',NULL,NULL,NULL,NULL,NULL,'CENTIMETERS',NULL,NULL,NULL,NULL,NULL,NULL,NULL,NULL,'CHECK_QUANTITY',_binary '\0',NULL,'product232',99999999,10.00000,NULL,NULL,NULL,NULL,NULL,NULL,'KILOGRAMS',NULL,841,NULL),(876,NULL,'2021-04-26 16:03:52',NULL,NULL,NULL,NULL,NULL,'CENTIMETERS',NULL,NULL,NULL,NULL,NULL,NULL,NULL,NULL,'CHECK_QUANTITY',_binary '\0',NULL,'product233',99999999,10.00000,NULL,NULL,NULL,NULL,NULL,NULL,'KILOGRAMS',NULL,842,NULL),(877,NULL,'2021-04-26 16:03:52',NULL,NULL,NULL,NULL,NULL,'CENTIMETERS',NULL,NULL,NULL,NULL,NULL,NULL,NULL,NULL,'CHECK_QUANTITY',_binary '\0',NULL,'product234',99999999,10.00000,NULL,NULL,NULL,NULL,NULL,NULL,'KILOGRAMS',NULL,843,NULL),(878,NULL,'2021-04-26 16:03:52',NULL,NULL,NULL,NULL,NULL,'CENTIMETERS',NULL,NULL,NULL,NULL,NULL,NULL,NULL,NULL,'CHECK_QUANTITY',_binary '\0',NULL,'product235',99999999,10.00000,NULL,NULL,NULL,NULL,NULL,NULL,'KILOGRAMS',NULL,844,NULL),(879,NULL,'2021-04-26 16:03:52',NULL,NULL,NULL,NULL,NULL,'CENTIMETERS',NULL,NULL,NULL,NULL,NULL,NULL,NULL,NULL,'CHECK_QUANTITY',_binary '\0',NULL,'product236',99999999,10.00000,NULL,NULL,NULL,NULL,NULL,NULL,'KILOGRAMS',NULL,845,NULL),(880,NULL,'2021-04-26 16:03:52',NULL,NULL,NULL,NULL,NULL,'CENTIMETERS',NULL,NULL,NULL,NULL,NULL,NULL,NULL,NULL,'CHECK_QUANTITY',_binary '\0',NULL,'product237',99999999,10.00000,NULL,NULL,NULL,NULL,NULL,NULL,'KILOGRAMS',NULL,846,NULL),(881,NULL,'2021-04-26 16:03:52',NULL,NULL,NULL,NULL,NULL,'CENTIMETERS',NULL,NULL,NULL,NULL,NULL,NULL,NULL,NULL,'CHECK_QUANTITY',_binary '\0',NULL,'product238',99999999,10.00000,NULL,NULL,NULL,NULL,NULL,NULL,'KILOGRAMS',NULL,847,NULL),(882,NULL,'2021-04-26 16:03:52',NULL,NULL,NULL,NULL,NULL,'CENTIMETERS',NULL,NULL,NULL,NULL,NULL,NULL,NULL,NULL,'CHECK_QUANTITY',_binary '\0',NULL,'product239',99999999,10.00000,NULL,NULL,NULL,NULL,NULL,NULL,'KILOGRAMS',NULL,848,NULL),(883,NULL,'2021-04-26 16:03:52',NULL,NULL,NULL,NULL,NULL,'CENTIMETERS',NULL,NULL,NULL,NULL,NULL,NULL,NULL,NULL,'CHECK_QUANTITY',_binary '\0',NULL,'product240',99999999,10.00000,NULL,NULL,NULL,NULL,NULL,NULL,'KILOGRAMS',NULL,849,NULL),(884,NULL,'2021-04-26 16:03:52',NULL,NULL,NULL,NULL,NULL,'CENTIMETERS',NULL,NULL,NULL,NULL,NULL,NULL,NULL,NULL,'CHECK_QUANTITY',_binary '\0',NULL,'product241',99999999,10.00000,NULL,NULL,NULL,NULL,NULL,NULL,'KILOGRAMS',NULL,850,NULL),(885,NULL,'2021-04-26 16:03:52',NULL,NULL,NULL,NULL,NULL,'CENTIMETERS',NULL,NULL,NULL,NULL,NULL,NULL,NULL,NULL,'CHECK_QUANTITY',_binary '\0',NULL,'product242',99999999,10.00000,NULL,NULL,NULL,NULL,NULL,NULL,'KILOGRAMS',NULL,851,NULL),(886,NULL,'2021-04-26 16:03:52',NULL,NULL,NULL,NULL,NULL,'CENTIMETERS',NULL,NULL,NULL,NULL,NULL,NULL,NULL,NULL,'CHECK_QUANTITY',_binary '\0',NULL,'product243',99999999,10.00000,NULL,NULL,NULL,NULL,NULL,NULL,'KILOGRAMS',NULL,852,NULL),(887,NULL,'2021-04-26 16:03:52',NULL,NULL,NULL,NULL,NULL,'CENTIMETERS',NULL,NULL,NULL,NULL,NULL,NULL,NULL,NULL,'CHECK_QUANTITY',_binary '\0',NULL,'product244',99999999,10.00000,NULL,NULL,NULL,NULL,NULL,NULL,'KILOGRAMS',NULL,853,NULL),(888,NULL,'2021-04-26 16:03:52',NULL,NULL,NULL,NULL,NULL,'CENTIMETERS',NULL,NULL,NULL,NULL,NULL,NULL,NULL,NULL,'CHECK_QUANTITY',_binary '\0',NULL,'product245',99999999,10.00000,NULL,NULL,NULL,NULL,NULL,NULL,'KILOGRAMS',NULL,854,NULL),(889,NULL,'2021-04-26 16:03:52',NULL,NULL,NULL,NULL,NULL,'CENTIMETERS',NULL,NULL,NULL,NULL,NULL,NULL,NULL,NULL,'CHECK_QUANTITY',_binary '\0',NULL,'product246',99999999,10.00000,NULL,NULL,NULL,NULL,NULL,NULL,'KILOGRAMS',NULL,855,NULL),(890,NULL,'2021-04-26 16:03:52',NULL,NULL,NULL,NULL,NULL,'CENTIMETERS',NULL,NULL,NULL,NULL,NULL,NULL,NULL,NULL,'CHECK_QUANTITY',_binary '\0',NULL,'product247',99999999,10.00000,NULL,NULL,NULL,NULL,NULL,NULL,'KILOGRAMS',NULL,856,NULL),(891,NULL,'2021-04-26 16:03:52',NULL,NULL,NULL,NULL,NULL,'CENTIMETERS',NULL,NULL,NULL,NULL,NULL,NULL,NULL,NULL,'CHECK_QUANTITY',_binary '\0',NULL,'product248',99999999,10.00000,NULL,NULL,NULL,NULL,NULL,NULL,'KILOGRAMS',NULL,857,NULL),(892,NULL,'2021-04-26 16:03:52',NULL,NULL,NULL,NULL,NULL,'CENTIMETERS',NULL,NULL,NULL,NULL,NULL,NULL,NULL,NULL,'CHECK_QUANTITY',_binary '\0',NULL,'product249',99999999,10.00000,NULL,NULL,NULL,NULL,NULL,NULL,'KILOGRAMS',NULL,858,NULL),(893,NULL,'2021-04-26 16:03:52',NULL,NULL,NULL,NULL,NULL,'CENTIMETERS',NULL,NULL,NULL,NULL,NULL,NULL,NULL,NULL,'CHECK_QUANTITY',_binary '\0',NULL,'product250',99999999,10.00000,NULL,NULL,NULL,NULL,NULL,NULL,'KILOGRAMS',NULL,859,NULL),(894,NULL,'2021-04-26 16:03:52',NULL,NULL,NULL,NULL,NULL,'CENTIMETERS',NULL,NULL,NULL,NULL,NULL,NULL,NULL,NULL,'CHECK_QUANTITY',_binary '\0',NULL,'product251',99999999,10.00000,NULL,NULL,NULL,NULL,NULL,NULL,'KILOGRAMS',NULL,860,NULL),(895,NULL,'2021-04-26 16:03:52',NULL,NULL,NULL,NULL,NULL,'CENTIMETERS',NULL,NULL,NULL,NULL,NULL,NULL,NULL,NULL,'CHECK_QUANTITY',_binary '\0',NULL,'product252',99999999,10.00000,NULL,NULL,NULL,NULL,NULL,NULL,'KILOGRAMS',NULL,861,NULL),(896,NULL,'2021-04-26 16:03:52',NULL,NULL,NULL,NULL,NULL,'CENTIMETERS',NULL,NULL,NULL,NULL,NULL,NULL,NULL,NULL,'CHECK_QUANTITY',_binary '\0',NULL,'product253',99999999,10.00000,NULL,NULL,NULL,NULL,NULL,NULL,'KILOGRAMS',NULL,862,NULL),(897,NULL,'2021-04-26 16:03:52',NULL,NULL,NULL,NULL,NULL,'CENTIMETERS',NULL,NULL,NULL,NULL,NULL,NULL,NULL,NULL,'CHECK_QUANTITY',_binary '\0',NULL,'product254',99999999,10.00000,NULL,NULL,NULL,NULL,NULL,NULL,'KILOGRAMS',NULL,863,NULL),(898,NULL,'2021-04-26 16:03:52',NULL,NULL,NULL,NULL,NULL,'CENTIMETERS',NULL,NULL,NULL,NULL,NULL,NULL,NULL,NULL,'CHECK_QUANTITY',_binary '\0',NULL,'product255',99999999,10.00000,NULL,NULL,NULL,NULL,NULL,NULL,'KILOGRAMS',NULL,864,NULL),(899,NULL,'2021-04-26 16:03:52',NULL,NULL,NULL,NULL,NULL,'CENTIMETERS',NULL,NULL,NULL,NULL,NULL,NULL,NULL,NULL,'CHECK_QUANTITY',_binary '\0',NULL,'product256',99999999,10.00000,NULL,NULL,NULL,NULL,NULL,NULL,'KILOGRAMS',NULL,865,NULL),(900,NULL,'2021-04-26 16:03:52',NULL,NULL,NULL,NULL,NULL,'CENTIMETERS',NULL,NULL,NULL,NULL,NULL,NULL,NULL,NULL,'CHECK_QUANTITY',_binary '\0',NULL,'product257',99999999,10.00000,NULL,NULL,NULL,NULL,NULL,NULL,'KILOGRAMS',NULL,866,NULL),(901,NULL,'2021-04-26 16:03:52',NULL,NULL,NULL,NULL,NULL,'CENTIMETERS',NULL,NULL,NULL,NULL,NULL,NULL,NULL,NULL,'CHECK_QUANTITY',_binary '\0',NULL,'product258',99999999,10.00000,NULL,NULL,NULL,NULL,NULL,NULL,'KILOGRAMS',NULL,867,NULL),(902,NULL,'2021-04-26 16:03:52',NULL,NULL,NULL,NULL,NULL,'CENTIMETERS',NULL,NULL,NULL,NULL,NULL,NULL,NULL,NULL,'CHECK_QUANTITY',_binary '\0',NULL,'product259',99999999,10.00000,NULL,NULL,NULL,NULL,NULL,NULL,'KILOGRAMS',NULL,868,NULL),(903,NULL,'2021-04-26 16:03:52',NULL,NULL,NULL,NULL,NULL,'CENTIMETERS',NULL,NULL,NULL,NULL,NULL,NULL,NULL,NULL,'CHECK_QUANTITY',_binary '\0',NULL,'product260',99999999,10.00000,NULL,NULL,NULL,NULL,NULL,NULL,'KILOGRAMS',NULL,869,NULL),(904,NULL,'2021-04-26 16:03:52',NULL,NULL,NULL,NULL,NULL,'CENTIMETERS',NULL,NULL,NULL,NULL,NULL,NULL,NULL,NULL,'CHECK_QUANTITY',_binary '\0',NULL,'product261',99999999,10.00000,NULL,NULL,NULL,NULL,NULL,NULL,'KILOGRAMS',NULL,870,NULL),(905,NULL,'2021-04-26 16:03:52',NULL,NULL,NULL,NULL,NULL,'CENTIMETERS',NULL,NULL,NULL,NULL,NULL,NULL,NULL,NULL,'CHECK_QUANTITY',_binary '\0',NULL,'product262',99999999,10.00000,NULL,NULL,NULL,NULL,NULL,NULL,'KILOGRAMS',NULL,871,NULL),(906,NULL,'2021-04-26 16:03:52',NULL,NULL,NULL,NULL,NULL,'CENTIMETERS',NULL,NULL,NULL,NULL,NULL,NULL,NULL,NULL,'CHECK_QUANTITY',_binary '\0',NULL,'product263',99999999,10.00000,NULL,NULL,NULL,NULL,NULL,NULL,'KILOGRAMS',NULL,872,NULL),(907,NULL,'2021-04-26 16:03:52',NULL,NULL,NULL,NULL,NULL,'CENTIMETERS',NULL,NULL,NULL,NULL,NULL,NULL,NULL,NULL,'CHECK_QUANTITY',_binary '\0',NULL,'product264',99999999,10.00000,NULL,NULL,NULL,NULL,NULL,NULL,'KILOGRAMS',NULL,873,NULL),(908,NULL,'2021-04-26 16:03:52',NULL,NULL,NULL,NULL,NULL,'CENTIMETERS',NULL,NULL,NULL,NULL,NULL,NULL,NULL,NULL,'CHECK_QUANTITY',_binary '\0',NULL,'product265',99999999,10.00000,NULL,NULL,NULL,NULL,NULL,NULL,'KILOGRAMS',NULL,874,NULL),(909,NULL,'2021-04-26 16:03:52',NULL,NULL,NULL,NULL,NULL,'CENTIMETERS',NULL,NULL,NULL,NULL,NULL,NULL,NULL,NULL,'CHECK_QUANTITY',_binary '\0',NULL,'product266',99999999,10.00000,NULL,NULL,NULL,NULL,NULL,NULL,'KILOGRAMS',NULL,875,NULL),(910,NULL,'2021-04-26 16:03:52',NULL,NULL,NULL,NULL,NULL,'CENTIMETERS',NULL,NULL,NULL,NULL,NULL,NULL,NULL,NULL,'CHECK_QUANTITY',_binary '\0',NULL,'product267',99999999,10.00000,NULL,NULL,NULL,NULL,NULL,NULL,'KILOGRAMS',NULL,876,NULL),(911,NULL,'2021-04-26 16:03:52',NULL,NULL,NULL,NULL,NULL,'CENTIMETERS',NULL,NULL,NULL,NULL,NULL,NULL,NULL,NULL,'CHECK_QUANTITY',_binary '\0',NULL,'product268',99999999,10.00000,NULL,NULL,NULL,NULL,NULL,NULL,'KILOGRAMS',NULL,877,NULL),(912,NULL,'2021-04-26 16:03:52',NULL,NULL,NULL,NULL,NULL,'CENTIMETERS',NULL,NULL,NULL,NULL,NULL,NULL,NULL,NULL,'CHECK_QUANTITY',_binary '\0',NULL,'product269',99999999,10.00000,NULL,NULL,NULL,NULL,NULL,NULL,'KILOGRAMS',NULL,878,NULL),(913,NULL,'2021-04-26 16:03:52',NULL,NULL,NULL,NULL,NULL,'CENTIMETERS',NULL,NULL,NULL,NULL,NULL,NULL,NULL,NULL,'CHECK_QUANTITY',_binary '\0',NULL,'product270',99999999,10.00000,NULL,NULL,NULL,NULL,NULL,NULL,'KILOGRAMS',NULL,879,NULL),(914,NULL,'2021-04-26 16:03:52',NULL,NULL,NULL,NULL,NULL,'CENTIMETERS',NULL,NULL,NULL,NULL,NULL,NULL,NULL,NULL,'CHECK_QUANTITY',_binary '\0',NULL,'product271',99999999,10.00000,NULL,NULL,NULL,NULL,NULL,NULL,'KILOGRAMS',NULL,880,NULL),(915,NULL,'2021-04-26 16:03:52',NULL,NULL,NULL,NULL,NULL,'CENTIMETERS',NULL,NULL,NULL,NULL,NULL,NULL,NULL,NULL,'CHECK_QUANTITY',_binary '\0',NULL,'product272',99999999,10.00000,NULL,NULL,NULL,NULL,NULL,NULL,'KILOGRAMS',NULL,881,NULL),(916,NULL,'2021-04-26 16:03:52',NULL,NULL,NULL,NULL,NULL,'CENTIMETERS',NULL,NULL,NULL,NULL,NULL,NULL,NULL,NULL,'CHECK_QUANTITY',_binary '\0',NULL,'product273',99999999,10.00000,NULL,NULL,NULL,NULL,NULL,NULL,'KILOGRAMS',NULL,882,NULL),(917,NULL,'2021-04-26 16:03:52',NULL,NULL,NULL,NULL,NULL,'CENTIMETERS',NULL,NULL,NULL,NULL,NULL,NULL,NULL,NULL,'CHECK_QUANTITY',_binary '\0',NULL,'product274',99999999,10.00000,NULL,NULL,NULL,NULL,NULL,NULL,'KILOGRAMS',NULL,883,NULL),(918,NULL,'2021-04-26 16:03:52',NULL,NULL,NULL,NULL,NULL,'CENTIMETERS',NULL,NULL,NULL,NULL,NULL,NULL,NULL,NULL,'CHECK_QUANTITY',_binary '\0',NULL,'product275',99999999,10.00000,NULL,NULL,NULL,NULL,NULL,NULL,'KILOGRAMS',NULL,884,NULL),(919,NULL,'2021-04-26 16:03:52',NULL,NULL,NULL,NULL,NULL,'CENTIMETERS',NULL,NULL,NULL,NULL,NULL,NULL,NULL,NULL,'CHECK_QUANTITY',_binary '\0',NULL,'product276',99999999,10.00000,NULL,NULL,NULL,NULL,NULL,NULL,'KILOGRAMS',NULL,885,NULL),(920,NULL,'2021-04-26 16:03:52',NULL,NULL,NULL,NULL,NULL,'CENTIMETERS',NULL,NULL,NULL,NULL,NULL,NULL,NULL,NULL,'CHECK_QUANTITY',_binary '\0',NULL,'product277',99999999,10.00000,NULL,NULL,NULL,NULL,NULL,NULL,'KILOGRAMS',NULL,886,NULL),(921,NULL,'2021-04-26 16:03:52',NULL,NULL,NULL,NULL,NULL,'CENTIMETERS',NULL,NULL,NULL,NULL,NULL,NULL,NULL,NULL,'CHECK_QUANTITY',_binary '\0',NULL,'product278',99999999,10.00000,NULL,NULL,NULL,NULL,NULL,NULL,'KILOGRAMS',NULL,887,NULL),(922,NULL,'2021-04-26 16:03:52',NULL,NULL,NULL,NULL,NULL,'CENTIMETERS',NULL,NULL,NULL,NULL,NULL,NULL,NULL,NULL,'CHECK_QUANTITY',_binary '\0',NULL,'product279',99999999,10.00000,NULL,NULL,NULL,NULL,NULL,NULL,'KILOGRAMS',NULL,888,NULL),(923,NULL,'2021-04-26 16:03:52',NULL,NULL,NULL,NULL,NULL,'CENTIMETERS',NULL,NULL,NULL,NULL,NULL,NULL,NULL,NULL,'CHECK_QUANTITY',_binary '\0',NULL,'product280',99999999,10.00000,NULL,NULL,NULL,NULL,NULL,NULL,'KILOGRAMS',NULL,889,NULL),(924,NULL,'2021-04-26 16:03:52',NULL,NULL,NULL,NULL,NULL,'CENTIMETERS',NULL,NULL,NULL,NULL,NULL,NULL,NULL,NULL,'CHECK_QUANTITY',_binary '\0',NULL,'product281',99999999,10.00000,NULL,NULL,NULL,NULL,NULL,NULL,'KILOGRAMS',NULL,890,NULL),(925,NULL,'2021-04-26 16:03:52',NULL,NULL,NULL,NULL,NULL,'CENTIMETERS',NULL,NULL,NULL,NULL,NULL,NULL,NULL,NULL,'CHECK_QUANTITY',_binary '\0',NULL,'product282',99999999,10.00000,NULL,NULL,NULL,NULL,NULL,NULL,'KILOGRAMS',NULL,891,NULL),(926,NULL,'2021-04-26 16:03:52',NULL,NULL,NULL,NULL,NULL,'CENTIMETERS',NULL,NULL,NULL,NULL,NULL,NULL,NULL,NULL,'CHECK_QUANTITY',_binary '\0',NULL,'product283',99999999,10.00000,NULL,NULL,NULL,NULL,NULL,NULL,'KILOGRAMS',NULL,892,NULL),(927,NULL,'2021-04-26 16:03:52',NULL,NULL,NULL,NULL,NULL,'CENTIMETERS',NULL,NULL,NULL,NULL,NULL,NULL,NULL,NULL,'CHECK_QUANTITY',_binary '\0',NULL,'product284',99999999,10.00000,NULL,NULL,NULL,NULL,NULL,NULL,'KILOGRAMS',NULL,893,NULL),(928,NULL,'2021-04-26 16:03:52',NULL,NULL,NULL,NULL,NULL,'CENTIMETERS',NULL,NULL,NULL,NULL,NULL,NULL,NULL,NULL,'CHECK_QUANTITY',_binary '\0',NULL,'product285',99999999,10.00000,NULL,NULL,NULL,NULL,NULL,NULL,'KILOGRAMS',NULL,894,NULL),(929,NULL,'2021-04-26 16:03:52',NULL,NULL,NULL,NULL,NULL,'CENTIMETERS',NULL,NULL,NULL,NULL,NULL,NULL,NULL,NULL,'CHECK_QUANTITY',_binary '\0',NULL,'product286',99999999,10.00000,NULL,NULL,NULL,NULL,NULL,NULL,'KILOGRAMS',NULL,895,NULL),(930,NULL,'2021-04-26 16:03:52',NULL,NULL,NULL,NULL,NULL,'CENTIMETERS',NULL,NULL,NULL,NULL,NULL,NULL,NULL,NULL,'CHECK_QUANTITY',_binary '\0',NULL,'product287',99999999,10.00000,NULL,NULL,NULL,NULL,NULL,NULL,'KILOGRAMS',NULL,896,NULL),(931,NULL,'2021-04-26 16:03:52',NULL,NULL,NULL,NULL,NULL,'CENTIMETERS',NULL,NULL,NULL,NULL,NULL,NULL,NULL,NULL,'CHECK_QUANTITY',_binary '\0',NULL,'product288',99999999,10.00000,NULL,NULL,NULL,NULL,NULL,NULL,'KILOGRAMS',NULL,897,NULL),(932,NULL,'2021-04-26 16:03:52',NULL,NULL,NULL,NULL,NULL,'CENTIMETERS',NULL,NULL,NULL,NULL,NULL,NULL,NULL,NULL,'CHECK_QUANTITY',_binary '\0',NULL,'product289',99999999,10.00000,NULL,NULL,NULL,NULL,NULL,NULL,'KILOGRAMS',NULL,898,NULL),(933,NULL,'2021-04-26 16:03:52',NULL,NULL,NULL,NULL,NULL,'CENTIMETERS',NULL,NULL,NULL,NULL,NULL,NULL,NULL,NULL,'CHECK_QUANTITY',_binary '\0',NULL,'product290',99999999,10.00000,NULL,NULL,NULL,NULL,NULL,NULL,'KILOGRAMS',NULL,899,NULL),(934,NULL,'2021-04-26 16:03:52',NULL,NULL,NULL,NULL,NULL,'CENTIMETERS',NULL,NULL,NULL,NULL,NULL,NULL,NULL,NULL,'CHECK_QUANTITY',_binary '\0',NULL,'product291',99999999,10.00000,NULL,NULL,NULL,NULL,NULL,NULL,'KILOGRAMS',NULL,900,NULL),(935,NULL,'2021-04-26 16:03:52',NULL,NULL,NULL,NULL,NULL,'CENTIMETERS',NULL,NULL,NULL,NULL,NULL,NULL,NULL,NULL,'CHECK_QUANTITY',_binary '\0',NULL,'product292',99999999,10.00000,NULL,NULL,NULL,NULL,NULL,NULL,'KILOGRAMS',NULL,901,NULL),(936,NULL,'2021-04-26 16:03:52',NULL,NULL,NULL,NULL,NULL,'CENTIMETERS',NULL,NULL,NULL,NULL,NULL,NULL,NULL,NULL,'CHECK_QUANTITY',_binary '\0',NULL,'product293',99999999,10.00000,NULL,NULL,NULL,NULL,NULL,NULL,'KILOGRAMS',NULL,902,NULL),(937,NULL,'2021-04-26 16:03:52',NULL,NULL,NULL,NULL,NULL,'CENTIMETERS',NULL,NULL,NULL,NULL,NULL,NULL,NULL,NULL,'CHECK_QUANTITY',_binary '\0',NULL,'product294',99999999,10.00000,NULL,NULL,NULL,NULL,NULL,NULL,'KILOGRAMS',NULL,903,NULL),(938,NULL,'2021-04-26 16:03:52',NULL,NULL,NULL,NULL,NULL,'CENTIMETERS',NULL,NULL,NULL,NULL,NULL,NULL,NULL,NULL,'CHECK_QUANTITY',_binary '\0',NULL,'product295',99999999,10.00000,NULL,NULL,NULL,NULL,NULL,NULL,'KILOGRAMS',NULL,904,NULL),(939,NULL,'2021-04-26 16:03:52',NULL,NULL,NULL,NULL,NULL,'CENTIMETERS',NULL,NULL,NULL,NULL,NULL,NULL,NULL,NULL,'CHECK_QUANTITY',_binary '\0',NULL,'product296',99999999,10.00000,NULL,NULL,NULL,NULL,NULL,NULL,'KILOGRAMS',NULL,905,NULL),(940,NULL,'2021-04-26 16:03:52',NULL,NULL,NULL,NULL,NULL,'CENTIMETERS',NULL,NULL,NULL,NULL,NULL,NULL,NULL,NULL,'CHECK_QUANTITY',_binary '\0',NULL,'product297',99999999,10.00000,NULL,NULL,NULL,NULL,NULL,NULL,'KILOGRAMS',NULL,906,NULL),(941,NULL,'2021-04-26 16:03:52',NULL,NULL,NULL,NULL,NULL,'CENTIMETERS',NULL,NULL,NULL,NULL,NULL,NULL,NULL,NULL,'CHECK_QUANTITY',_binary '\0',NULL,'product298',99999999,10.00000,NULL,NULL,NULL,NULL,NULL,NULL,'KILOGRAMS',NULL,907,NULL),(942,NULL,'2021-04-26 16:03:52',NULL,NULL,NULL,NULL,NULL,'CENTIMETERS',NULL,NULL,NULL,NULL,NULL,NULL,NULL,NULL,'CHECK_QUANTITY',_binary '\0',NULL,'product299',99999999,10.00000,NULL,NULL,NULL,NULL,NULL,NULL,'KILOGRAMS',NULL,908,NULL),(943,NULL,'2021-04-26 16:03:52',NULL,NULL,NULL,NULL,NULL,'CENTIMETERS',NULL,NULL,NULL,NULL,NULL,NULL,NULL,NULL,'CHECK_QUANTITY',_binary '\0',NULL,'product300',99999999,10.00000,NULL,NULL,NULL,NULL,NULL,NULL,'KILOGRAMS',NULL,909,NULL),(944,NULL,'2021-04-26 16:03:52',NULL,NULL,NULL,NULL,NULL,'CENTIMETERS',NULL,NULL,NULL,NULL,NULL,NULL,NULL,NULL,'CHECK_QUANTITY',_binary '\0',NULL,'product301',99999999,10.00000,NULL,NULL,NULL,NULL,NULL,NULL,'KILOGRAMS',NULL,910,NULL),(945,NULL,'2021-04-26 16:03:52',NULL,NULL,NULL,NULL,NULL,'CENTIMETERS',NULL,NULL,NULL,NULL,NULL,NULL,NULL,NULL,'CHECK_QUANTITY',_binary '\0',NULL,'product302',99999999,10.00000,NULL,NULL,NULL,NULL,NULL,NULL,'KILOGRAMS',NULL,911,NULL),(946,NULL,'2021-04-26 16:03:52',NULL,NULL,NULL,NULL,NULL,'CENTIMETERS',NULL,NULL,NULL,NULL,NULL,NULL,NULL,NULL,'CHECK_QUANTITY',_binary '\0',NULL,'product303',99999999,10.00000,NULL,NULL,NULL,NULL,NULL,NULL,'KILOGRAMS',NULL,912,NULL),(947,NULL,'2021-04-26 16:03:52',NULL,NULL,NULL,NULL,NULL,'CENTIMETERS',NULL,NULL,NULL,NULL,NULL,NULL,NULL,NULL,'CHECK_QUANTITY',_binary '\0',NULL,'product304',99999999,10.00000,NULL,NULL,NULL,NULL,NULL,NULL,'KILOGRAMS',NULL,913,NULL),(948,NULL,'2021-04-26 16:03:52',NULL,NULL,NULL,NULL,NULL,'CENTIMETERS',NULL,NULL,NULL,NULL,NULL,NULL,NULL,NULL,'CHECK_QUANTITY',_binary '\0',NULL,'product305',99999999,10.00000,NULL,NULL,NULL,NULL,NULL,NULL,'KILOGRAMS',NULL,914,NULL),(949,NULL,'2021-04-26 16:03:52',NULL,NULL,NULL,NULL,NULL,'CENTIMETERS',NULL,NULL,NULL,NULL,NULL,NULL,NULL,NULL,'CHECK_QUANTITY',_binary '\0',NULL,'product306',99999999,10.00000,NULL,NULL,NULL,NULL,NULL,NULL,'KILOGRAMS',NULL,915,NULL),(950,NULL,'2021-04-26 16:03:52',NULL,NULL,NULL,NULL,NULL,'CENTIMETERS',NULL,NULL,NULL,NULL,NULL,NULL,NULL,NULL,'CHECK_QUANTITY',_binary '\0',NULL,'product307',99999999,10.00000,NULL,NULL,NULL,NULL,NULL,NULL,'KILOGRAMS',NULL,916,NULL),(951,NULL,'2021-04-26 16:03:52',NULL,NULL,NULL,NULL,NULL,'CENTIMETERS',NULL,NULL,NULL,NULL,NULL,NULL,NULL,NULL,'CHECK_QUANTITY',_binary '\0',NULL,'product308',99999999,10.00000,NULL,NULL,NULL,NULL,NULL,NULL,'KILOGRAMS',NULL,917,NULL),(952,NULL,'2021-04-26 16:03:52',NULL,NULL,NULL,NULL,NULL,'CENTIMETERS',NULL,NULL,NULL,NULL,NULL,NULL,NULL,NULL,'CHECK_QUANTITY',_binary '\0',NULL,'product309',99999999,10.00000,NULL,NULL,NULL,NULL,NULL,NULL,'KILOGRAMS',NULL,918,NULL),(953,NULL,'2021-04-26 16:03:52',NULL,NULL,NULL,NULL,NULL,'CENTIMETERS',NULL,NULL,NULL,NULL,NULL,NULL,NULL,NULL,'CHECK_QUANTITY',_binary '\0',NULL,'product310',99999999,10.00000,NULL,NULL,NULL,NULL,NULL,NULL,'KILOGRAMS',NULL,919,NULL),(954,NULL,'2021-04-26 16:03:52',NULL,NULL,NULL,NULL,NULL,'CENTIMETERS',NULL,NULL,NULL,NULL,NULL,NULL,NULL,NULL,'CHECK_QUANTITY',_binary '\0',NULL,'product311',99999999,10.00000,NULL,NULL,NULL,NULL,NULL,NULL,'KILOGRAMS',NULL,920,NULL),(955,NULL,'2021-04-26 16:03:52',NULL,NULL,NULL,NULL,NULL,'CENTIMETERS',NULL,NULL,NULL,NULL,NULL,NULL,NULL,NULL,'CHECK_QUANTITY',_binary '\0',NULL,'product312',99999999,10.00000,NULL,NULL,NULL,NULL,NULL,NULL,'KILOGRAMS',NULL,921,NULL),(956,NULL,'2021-04-26 16:03:52',NULL,NULL,NULL,NULL,NULL,'CENTIMETERS',NULL,NULL,NULL,NULL,NULL,NULL,NULL,NULL,'CHECK_QUANTITY',_binary '\0',NULL,'product313',99999999,10.00000,NULL,NULL,NULL,NULL,NULL,NULL,'KILOGRAMS',NULL,922,NULL),(957,NULL,'2021-04-26 16:03:52',NULL,NULL,NULL,NULL,NULL,'CENTIMETERS',NULL,NULL,NULL,NULL,NULL,NULL,NULL,NULL,'CHECK_QUANTITY',_binary '\0',NULL,'product314',99999999,10.00000,NULL,NULL,NULL,NULL,NULL,NULL,'KILOGRAMS',NULL,923,NULL),(958,NULL,'2021-04-26 16:03:52',NULL,NULL,NULL,NULL,NULL,'CENTIMETERS',NULL,NULL,NULL,NULL,NULL,NULL,NULL,NULL,'CHECK_QUANTITY',_binary '\0',NULL,'product315',99999999,10.00000,NULL,NULL,NULL,NULL,NULL,NULL,'KILOGRAMS',NULL,924,NULL),(959,NULL,'2021-04-26 16:03:52',NULL,NULL,NULL,NULL,NULL,'CENTIMETERS',NULL,NULL,NULL,NULL,NULL,NULL,NULL,NULL,'CHECK_QUANTITY',_binary '\0',NULL,'product316',99999999,10.00000,NULL,NULL,NULL,NULL,NULL,NULL,'KILOGRAMS',NULL,925,NULL),(960,NULL,'2021-04-26 16:03:52',NULL,NULL,NULL,NULL,NULL,'CENTIMETERS',NULL,NULL,NULL,NULL,NULL,NULL,NULL,NULL,'CHECK_QUANTITY',_binary '\0',NULL,'product317',99999999,10.00000,NULL,NULL,NULL,NULL,NULL,NULL,'KILOGRAMS',NULL,926,NULL),(961,NULL,'2021-04-26 16:03:52',NULL,NULL,NULL,NULL,NULL,'CENTIMETERS',NULL,NULL,NULL,NULL,NULL,NULL,NULL,NULL,'CHECK_QUANTITY',_binary '\0',NULL,'product318',99999999,10.00000,NULL,NULL,NULL,NULL,NULL,NULL,'KILOGRAMS',NULL,927,NULL),(962,NULL,'2021-04-26 16:03:52',NULL,NULL,NULL,NULL,NULL,'CENTIMETERS',NULL,NULL,NULL,NULL,NULL,NULL,NULL,NULL,'CHECK_QUANTITY',_binary '\0',NULL,'product319',99999999,10.00000,NULL,NULL,NULL,NULL,NULL,NULL,'KILOGRAMS',NULL,928,NULL),(963,NULL,'2021-04-26 16:03:52',NULL,NULL,NULL,NULL,NULL,'CENTIMETERS',NULL,NULL,NULL,NULL,NULL,NULL,NULL,NULL,'CHECK_QUANTITY',_binary '\0',NULL,'product320',99999999,10.00000,NULL,NULL,NULL,NULL,NULL,NULL,'KILOGRAMS',NULL,929,NULL),(964,NULL,'2021-04-26 16:03:52',NULL,NULL,NULL,NULL,NULL,'CENTIMETERS',NULL,NULL,NULL,NULL,NULL,NULL,NULL,NULL,'CHECK_QUANTITY',_binary '\0',NULL,'product321',99999999,10.00000,NULL,NULL,NULL,NULL,NULL,NULL,'KILOGRAMS',NULL,930,NULL),(965,NULL,'2021-04-26 16:03:52',NULL,NULL,NULL,NULL,NULL,'CENTIMETERS',NULL,NULL,NULL,NULL,NULL,NULL,NULL,NULL,'CHECK_QUANTITY',_binary '\0',NULL,'product322',99999999,10.00000,NULL,NULL,NULL,NULL,NULL,NULL,'KILOGRAMS',NULL,931,NULL),(966,NULL,'2021-04-26 16:03:52',NULL,NULL,NULL,NULL,NULL,'CENTIMETERS',NULL,NULL,NULL,NULL,NULL,NULL,NULL,NULL,'CHECK_QUANTITY',_binary '\0',NULL,'product323',99999999,10.00000,NULL,NULL,NULL,NULL,NULL,NULL,'KILOGRAMS',NULL,932,NULL),(967,NULL,'2021-04-26 16:03:52',NULL,NULL,NULL,NULL,NULL,'CENTIMETERS',NULL,NULL,NULL,NULL,NULL,NULL,NULL,NULL,'CHECK_QUANTITY',_binary '\0',NULL,'product324',99999999,10.00000,NULL,NULL,NULL,NULL,NULL,NULL,'KILOGRAMS',NULL,933,NULL),(968,NULL,'2021-04-26 16:03:52',NULL,NULL,NULL,NULL,NULL,'CENTIMETERS',NULL,NULL,NULL,NULL,NULL,NULL,NULL,NULL,'CHECK_QUANTITY',_binary '\0',NULL,'product325',99999999,10.00000,NULL,NULL,NULL,NULL,NULL,NULL,'KILOGRAMS',NULL,934,NULL),(969,NULL,'2021-04-26 16:03:52',NULL,NULL,NULL,NULL,NULL,'CENTIMETERS',NULL,NULL,NULL,NULL,NULL,NULL,NULL,NULL,'CHECK_QUANTITY',_binary '\0',NULL,'product326',99999999,10.00000,NULL,NULL,NULL,NULL,NULL,NULL,'KILOGRAMS',NULL,935,NULL),(970,NULL,'2021-04-26 16:03:52',NULL,NULL,NULL,NULL,NULL,'CENTIMETERS',NULL,NULL,NULL,NULL,NULL,NULL,NULL,NULL,'CHECK_QUANTITY',_binary '\0',NULL,'product327',99999999,10.00000,NULL,NULL,NULL,NULL,NULL,NULL,'KILOGRAMS',NULL,936,NULL),(971,NULL,'2021-04-26 16:03:52',NULL,NULL,NULL,NULL,NULL,'CENTIMETERS',NULL,NULL,NULL,NULL,NULL,NULL,NULL,NULL,'CHECK_QUANTITY',_binary '\0',NULL,'product328',99999999,10.00000,NULL,NULL,NULL,NULL,NULL,NULL,'KILOGRAMS',NULL,937,NULL),(972,NULL,'2021-04-26 16:03:52',NULL,NULL,NULL,NULL,NULL,'CENTIMETERS',NULL,NULL,NULL,NULL,NULL,NULL,NULL,NULL,'CHECK_QUANTITY',_binary '\0',NULL,'product329',99999999,10.00000,NULL,NULL,NULL,NULL,NULL,NULL,'KILOGRAMS',NULL,938,NULL),(973,NULL,'2021-04-26 16:03:52',NULL,NULL,NULL,NULL,NULL,'CENTIMETERS',NULL,NULL,NULL,NULL,NULL,NULL,NULL,NULL,'CHECK_QUANTITY',_binary '\0',NULL,'product330',99999999,10.00000,NULL,NULL,NULL,NULL,NULL,NULL,'KILOGRAMS',NULL,939,NULL),(974,NULL,'2021-04-26 16:03:52',NULL,NULL,NULL,NULL,NULL,'CENTIMETERS',NULL,NULL,NULL,NULL,NULL,NULL,NULL,NULL,'CHECK_QUANTITY',_binary '\0',NULL,'product331',99999999,10.00000,NULL,NULL,NULL,NULL,NULL,NULL,'KILOGRAMS',NULL,940,NULL),(975,NULL,'2021-04-26 16:03:52',NULL,NULL,NULL,NULL,NULL,'CENTIMETERS',NULL,NULL,NULL,NULL,NULL,NULL,NULL,NULL,'CHECK_QUANTITY',_binary '\0',NULL,'product332',99999999,10.00000,NULL,NULL,NULL,NULL,NULL,NULL,'KILOGRAMS',NULL,941,NULL),(976,NULL,'2021-04-26 16:03:52',NULL,NULL,NULL,NULL,NULL,'CENTIMETERS',NULL,NULL,NULL,NULL,NULL,NULL,NULL,NULL,'CHECK_QUANTITY',_binary '\0',NULL,'product333',99999999,10.00000,NULL,NULL,NULL,NULL,NULL,NULL,'KILOGRAMS',NULL,942,NULL),(977,NULL,'2021-04-26 16:03:52',NULL,NULL,NULL,NULL,NULL,'CENTIMETERS',NULL,NULL,NULL,NULL,NULL,NULL,NULL,NULL,'CHECK_QUANTITY',_binary '\0',NULL,'product334',99999999,10.00000,NULL,NULL,NULL,NULL,NULL,NULL,'KILOGRAMS',NULL,943,NULL),(978,NULL,'2021-04-26 16:03:52',NULL,NULL,NULL,NULL,NULL,'CENTIMETERS',NULL,NULL,NULL,NULL,NULL,NULL,NULL,NULL,'CHECK_QUANTITY',_binary '\0',NULL,'product335',99999999,10.00000,NULL,NULL,NULL,NULL,NULL,NULL,'KILOGRAMS',NULL,944,NULL),(979,NULL,'2021-04-26 16:03:52',NULL,NULL,NULL,NULL,NULL,'CENTIMETERS',NULL,NULL,NULL,NULL,NULL,NULL,NULL,NULL,'CHECK_QUANTITY',_binary '\0',NULL,'product336',99999999,10.00000,NULL,NULL,NULL,NULL,NULL,NULL,'KILOGRAMS',NULL,945,NULL),(980,NULL,'2021-04-26 16:03:52',NULL,NULL,NULL,NULL,NULL,'CENTIMETERS',NULL,NULL,NULL,NULL,NULL,NULL,NULL,NULL,'CHECK_QUANTITY',_binary '\0',NULL,'product337',99999999,10.00000,NULL,NULL,NULL,NULL,NULL,NULL,'KILOGRAMS',NULL,946,NULL),(981,NULL,'2021-04-26 16:03:52',NULL,NULL,NULL,NULL,NULL,'CENTIMETERS',NULL,NULL,NULL,NULL,NULL,NULL,NULL,NULL,'CHECK_QUANTITY',_binary '\0',NULL,'product338',99999999,10.00000,NULL,NULL,NULL,NULL,NULL,NULL,'KILOGRAMS',NULL,947,NULL),(982,NULL,'2021-04-26 16:03:52',NULL,NULL,NULL,NULL,NULL,'CENTIMETERS',NULL,NULL,NULL,NULL,NULL,NULL,NULL,NULL,'CHECK_QUANTITY',_binary '\0',NULL,'product339',99999999,10.00000,NULL,NULL,NULL,NULL,NULL,NULL,'KILOGRAMS',NULL,948,NULL),(983,NULL,'2021-04-26 16:03:52',NULL,NULL,NULL,NULL,NULL,'CENTIMETERS',NULL,NULL,NULL,NULL,NULL,NULL,NULL,NULL,'CHECK_QUANTITY',_binary '\0',NULL,'product340',99999999,10.00000,NULL,NULL,NULL,NULL,NULL,NULL,'KILOGRAMS',NULL,949,NULL),(984,NULL,'2021-04-26 16:03:52',NULL,NULL,NULL,NULL,NULL,'CENTIMETERS',NULL,NULL,NULL,NULL,NULL,NULL,NULL,NULL,'CHECK_QUANTITY',_binary '\0',NULL,'product341',99999999,10.00000,NULL,NULL,NULL,NULL,NULL,NULL,'KILOGRAMS',NULL,950,NULL),(985,NULL,'2021-04-26 16:03:52',NULL,NULL,NULL,NULL,NULL,'CENTIMETERS',NULL,NULL,NULL,NULL,NULL,NULL,NULL,NULL,'CHECK_QUANTITY',_binary '\0',NULL,'product342',99999999,10.00000,NULL,NULL,NULL,NULL,NULL,NULL,'KILOGRAMS',NULL,951,NULL),(986,NULL,'2021-04-26 16:03:52',NULL,NULL,NULL,NULL,NULL,'CENTIMETERS',NULL,NULL,NULL,NULL,NULL,NULL,NULL,NULL,'CHECK_QUANTITY',_binary '\0',NULL,'product343',99999999,10.00000,NULL,NULL,NULL,NULL,NULL,NULL,'KILOGRAMS',NULL,952,NULL),(987,NULL,'2021-04-26 16:03:52',NULL,NULL,NULL,NULL,NULL,'CENTIMETERS',NULL,NULL,NULL,NULL,NULL,NULL,NULL,NULL,'CHECK_QUANTITY',_binary '\0',NULL,'product344',99999999,10.00000,NULL,NULL,NULL,NULL,NULL,NULL,'KILOGRAMS',NULL,953,NULL),(988,NULL,'2021-04-26 16:03:52',NULL,NULL,NULL,NULL,NULL,'CENTIMETERS',NULL,NULL,NULL,NULL,NULL,NULL,NULL,NULL,'CHECK_QUANTITY',_binary '\0',NULL,'product345',99999999,10.00000,NULL,NULL,NULL,NULL,NULL,NULL,'KILOGRAMS',NULL,954,NULL),(989,NULL,'2021-04-26 16:03:52',NULL,NULL,NULL,NULL,NULL,'CENTIMETERS',NULL,NULL,NULL,NULL,NULL,NULL,NULL,NULL,'CHECK_QUANTITY',_binary '\0',NULL,'product346',99999999,10.00000,NULL,NULL,NULL,NULL,NULL,NULL,'KILOGRAMS',NULL,955,NULL),(990,NULL,'2021-04-26 16:03:52',NULL,NULL,NULL,NULL,NULL,'CENTIMETERS',NULL,NULL,NULL,NULL,NULL,NULL,NULL,NULL,'CHECK_QUANTITY',_binary '\0',NULL,'product347',99999999,10.00000,NULL,NULL,NULL,NULL,NULL,NULL,'KILOGRAMS',NULL,956,NULL),(991,NULL,'2021-04-26 16:03:52',NULL,NULL,NULL,NULL,NULL,'CENTIMETERS',NULL,NULL,NULL,NULL,NULL,NULL,NULL,NULL,'CHECK_QUANTITY',_binary '\0',NULL,'product348',99999999,10.00000,NULL,NULL,NULL,NULL,NULL,NULL,'KILOGRAMS',NULL,957,NULL),(992,NULL,'2021-04-26 16:03:52',NULL,NULL,NULL,NULL,NULL,'CENTIMETERS',NULL,NULL,NULL,NULL,NULL,NULL,NULL,NULL,'CHECK_QUANTITY',_binary '\0',NULL,'product349',99999999,10.00000,NULL,NULL,NULL,NULL,NULL,NULL,'KILOGRAMS',NULL,958,NULL),(993,NULL,'2021-04-26 16:03:52',NULL,NULL,NULL,NULL,NULL,'CENTIMETERS',NULL,NULL,NULL,NULL,NULL,NULL,NULL,NULL,'CHECK_QUANTITY',_binary '\0',NULL,'product350',99999999,10.00000,NULL,NULL,NULL,NULL,NULL,NULL,'KILOGRAMS',NULL,959,NULL),(994,NULL,'2021-04-26 16:03:52',NULL,NULL,NULL,NULL,NULL,'CENTIMETERS',NULL,NULL,NULL,NULL,NULL,NULL,NULL,NULL,'CHECK_QUANTITY',_binary '\0',NULL,'product351',99999999,10.00000,NULL,NULL,NULL,NULL,NULL,NULL,'KILOGRAMS',NULL,960,NULL),(995,NULL,'2021-04-26 16:03:52',NULL,NULL,NULL,NULL,NULL,'CENTIMETERS',NULL,NULL,NULL,NULL,NULL,NULL,NULL,NULL,'CHECK_QUANTITY',_binary '\0',NULL,'product352',99999999,10.00000,NULL,NULL,NULL,NULL,NULL,NULL,'KILOGRAMS',NULL,961,NULL),(996,NULL,'2021-04-26 16:03:52',NULL,NULL,NULL,NULL,NULL,'CENTIMETERS',NULL,NULL,NULL,NULL,NULL,NULL,NULL,NULL,'CHECK_QUANTITY',_binary '\0',NULL,'product353',99999999,10.00000,NULL,NULL,NULL,NULL,NULL,NULL,'KILOGRAMS',NULL,962,NULL),(997,NULL,'2021-04-26 16:03:52',NULL,NULL,NULL,NULL,NULL,'CENTIMETERS',NULL,NULL,NULL,NULL,NULL,NULL,NULL,NULL,'CHECK_QUANTITY',_binary '\0',NULL,'product354',99999999,10.00000,NULL,NULL,NULL,NULL,NULL,NULL,'KILOGRAMS',NULL,963,NULL),(998,NULL,'2021-04-26 16:03:52',NULL,NULL,NULL,NULL,NULL,'CENTIMETERS',NULL,NULL,NULL,NULL,NULL,NULL,NULL,NULL,'CHECK_QUANTITY',_binary '\0',NULL,'product355',99999999,10.00000,NULL,NULL,NULL,NULL,NULL,NULL,'KILOGRAMS',NULL,964,NULL),(999,NULL,'2021-04-26 16:03:52',NULL,NULL,NULL,NULL,NULL,'CENTIMETERS',NULL,NULL,NULL,NULL,NULL,NULL,NULL,NULL,'CHECK_QUANTITY',_binary '\0',NULL,'product356',99999999,10.00000,NULL,NULL,NULL,NULL,NULL,NULL,'KILOGRAMS',NULL,965,NULL),(1000,NULL,'2021-04-26 16:03:52',NULL,NULL,NULL,NULL,NULL,'CENTIMETERS',NULL,NULL,NULL,NULL,NULL,NULL,NULL,NULL,'CHECK_QUANTITY',_binary '\0',NULL,'product357',99999999,10.00000,NULL,NULL,NULL,NULL,NULL,NULL,'KILOGRAMS',NULL,966,NULL),(1001,NULL,'2021-04-26 16:03:52',NULL,NULL,NULL,NULL,NULL,'CENTIMETERS',NULL,NULL,NULL,NULL,NULL,NULL,NULL,NULL,'CHECK_QUANTITY',_binary '\0',NULL,'product358',99999999,10.00000,NULL,NULL,NULL,NULL,NULL,NULL,'KILOGRAMS',NULL,967,NULL),(1002,NULL,'2021-04-26 16:03:52',NULL,NULL,NULL,NULL,NULL,'CENTIMETERS',NULL,NULL,NULL,NULL,NULL,NULL,NULL,NULL,'CHECK_QUANTITY',_binary '\0',NULL,'product359',99999999,10.00000,NULL,NULL,NULL,NULL,NULL,NULL,'KILOGRAMS',NULL,968,NULL),(1003,NULL,'2021-04-26 16:03:52',NULL,NULL,NULL,NULL,NULL,'CENTIMETERS',NULL,NULL,NULL,NULL,NULL,NULL,NULL,NULL,'CHECK_QUANTITY',_binary '\0',NULL,'product360',99999999,10.00000,NULL,NULL,NULL,NULL,NULL,NULL,'KILOGRAMS',NULL,969,NULL),(1004,NULL,'2021-04-26 16:03:52',NULL,NULL,NULL,NULL,NULL,'CENTIMETERS',NULL,NULL,NULL,NULL,NULL,NULL,NULL,NULL,'CHECK_QUANTITY',_binary '\0',NULL,'product361',99999999,10.00000,NULL,NULL,NULL,NULL,NULL,NULL,'KILOGRAMS',NULL,970,NULL),(1005,NULL,'2021-04-26 16:03:52',NULL,NULL,NULL,NULL,NULL,'CENTIMETERS',NULL,NULL,NULL,NULL,NULL,NULL,NULL,NULL,'CHECK_QUANTITY',_binary '\0',NULL,'product362',99999999,10.00000,NULL,NULL,NULL,NULL,NULL,NULL,'KILOGRAMS',NULL,971,NULL),(1006,NULL,'2021-04-26 16:03:52',NULL,NULL,NULL,NULL,NULL,'CENTIMETERS',NULL,NULL,NULL,NULL,NULL,NULL,NULL,NULL,'CHECK_QUANTITY',_binary '\0',NULL,'product363',99999999,10.00000,NULL,NULL,NULL,NULL,NULL,NULL,'KILOGRAMS',NULL,972,NULL),(1007,NULL,'2021-04-26 16:03:52',NULL,NULL,NULL,NULL,NULL,'CENTIMETERS',NULL,NULL,NULL,NULL,NULL,NULL,NULL,NULL,'CHECK_QUANTITY',_binary '\0',NULL,'product364',99999999,10.00000,NULL,NULL,NULL,NULL,NULL,NULL,'KILOGRAMS',NULL,973,NULL),(1008,NULL,'2021-04-26 16:03:52',NULL,NULL,NULL,NULL,NULL,'CENTIMETERS',NULL,NULL,NULL,NULL,NULL,NULL,NULL,NULL,'CHECK_QUANTITY',_binary '\0',NULL,'product365',99999999,10.00000,NULL,NULL,NULL,NULL,NULL,NULL,'KILOGRAMS',NULL,974,NULL),(1009,NULL,'2021-04-26 16:03:52',NULL,NULL,NULL,NULL,NULL,'CENTIMETERS',NULL,NULL,NULL,NULL,NULL,NULL,NULL,NULL,'CHECK_QUANTITY',_binary '\0',NULL,'product366',99999999,10.00000,NULL,NULL,NULL,NULL,NULL,NULL,'KILOGRAMS',NULL,975,NULL),(1010,NULL,'2021-04-26 16:03:52',NULL,NULL,NULL,NULL,NULL,'CENTIMETERS',NULL,NULL,NULL,NULL,NULL,NULL,NULL,NULL,'CHECK_QUANTITY',_binary '\0',NULL,'product367',99999999,10.00000,NULL,NULL,NULL,NULL,NULL,NULL,'KILOGRAMS',NULL,976,NULL),(1011,NULL,'2021-04-26 16:03:52',NULL,NULL,NULL,NULL,NULL,'CENTIMETERS',NULL,NULL,NULL,NULL,NULL,NULL,NULL,NULL,'CHECK_QUANTITY',_binary '\0',NULL,'product368',99999999,10.00000,NULL,NULL,NULL,NULL,NULL,NULL,'KILOGRAMS',NULL,977,NULL),(1012,NULL,'2021-04-26 16:03:52',NULL,NULL,NULL,NULL,NULL,'CENTIMETERS',NULL,NULL,NULL,NULL,NULL,NULL,NULL,NULL,'CHECK_QUANTITY',_binary '\0',NULL,'product369',99999999,10.00000,NULL,NULL,NULL,NULL,NULL,NULL,'KILOGRAMS',NULL,978,NULL),(1013,NULL,'2021-04-26 16:03:52',NULL,NULL,NULL,NULL,NULL,'CENTIMETERS',NULL,NULL,NULL,NULL,NULL,NULL,NULL,NULL,'CHECK_QUANTITY',_binary '\0',NULL,'product370',99999999,10.00000,NULL,NULL,NULL,NULL,NULL,NULL,'KILOGRAMS',NULL,979,NULL),(1014,NULL,'2021-04-26 16:03:52',NULL,NULL,NULL,NULL,NULL,'CENTIMETERS',NULL,NULL,NULL,NULL,NULL,NULL,NULL,NULL,'CHECK_QUANTITY',_binary '\0',NULL,'product371',99999999,10.00000,NULL,NULL,NULL,NULL,NULL,NULL,'KILOGRAMS',NULL,980,NULL),(1015,NULL,'2021-04-26 16:03:52',NULL,NULL,NULL,NULL,NULL,'CENTIMETERS',NULL,NULL,NULL,NULL,NULL,NULL,NULL,NULL,'CHECK_QUANTITY',_binary '\0',NULL,'product372',99999999,10.00000,NULL,NULL,NULL,NULL,NULL,NULL,'KILOGRAMS',NULL,981,NULL),(1016,NULL,'2021-04-26 16:03:52',NULL,NULL,NULL,NULL,NULL,'CENTIMETERS',NULL,NULL,NULL,NULL,NULL,NULL,NULL,NULL,'CHECK_QUANTITY',_binary '\0',NULL,'product373',99999999,10.00000,NULL,NULL,NULL,NULL,NULL,NULL,'KILOGRAMS',NULL,982,NULL),(1017,NULL,'2021-04-26 16:03:52',NULL,NULL,NULL,NULL,NULL,'CENTIMETERS',NULL,NULL,NULL,NULL,NULL,NULL,NULL,NULL,'CHECK_QUANTITY',_binary '\0',NULL,'product374',99999999,10.00000,NULL,NULL,NULL,NULL,NULL,NULL,'KILOGRAMS',NULL,983,NULL),(1018,NULL,'2021-04-26 16:03:52',NULL,NULL,NULL,NULL,NULL,'CENTIMETERS',NULL,NULL,NULL,NULL,NULL,NULL,NULL,NULL,'CHECK_QUANTITY',_binary '\0',NULL,'product375',99999999,10.00000,NULL,NULL,NULL,NULL,NULL,NULL,'KILOGRAMS',NULL,984,NULL),(1019,NULL,'2021-04-26 16:03:52',NULL,NULL,NULL,NULL,NULL,'CENTIMETERS',NULL,NULL,NULL,NULL,NULL,NULL,NULL,NULL,'CHECK_QUANTITY',_binary '\0',NULL,'product376',99999999,10.00000,NULL,NULL,NULL,NULL,NULL,NULL,'KILOGRAMS',NULL,985,NULL),(1020,NULL,'2021-04-26 16:03:52',NULL,NULL,NULL,NULL,NULL,'CENTIMETERS',NULL,NULL,NULL,NULL,NULL,NULL,NULL,NULL,'CHECK_QUANTITY',_binary '\0',NULL,'product377',99999999,10.00000,NULL,NULL,NULL,NULL,NULL,NULL,'KILOGRAMS',NULL,986,NULL),(1021,NULL,'2021-04-26 16:03:52',NULL,NULL,NULL,NULL,NULL,'CENTIMETERS',NULL,NULL,NULL,NULL,NULL,NULL,NULL,NULL,'CHECK_QUANTITY',_binary '\0',NULL,'product378',99999999,10.00000,NULL,NULL,NULL,NULL,NULL,NULL,'KILOGRAMS',NULL,987,NULL),(1022,NULL,'2021-04-26 16:03:52',NULL,NULL,NULL,NULL,NULL,'CENTIMETERS',NULL,NULL,NULL,NULL,NULL,NULL,NULL,NULL,'CHECK_QUANTITY',_binary '\0',NULL,'product379',99999999,10.00000,NULL,NULL,NULL,NULL,NULL,NULL,'KILOGRAMS',NULL,988,NULL),(1023,NULL,'2021-04-26 16:03:52',NULL,NULL,NULL,NULL,NULL,'CENTIMETERS',NULL,NULL,NULL,NULL,NULL,NULL,NULL,NULL,'CHECK_QUANTITY',_binary '\0',NULL,'product380',99999999,10.00000,NULL,NULL,NULL,NULL,NULL,NULL,'KILOGRAMS',NULL,989,NULL),(1024,NULL,'2021-04-26 16:03:52',NULL,NULL,NULL,NULL,NULL,'CENTIMETERS',NULL,NULL,NULL,NULL,NULL,NULL,NULL,NULL,'CHECK_QUANTITY',_binary '\0',NULL,'product381',99999999,10.00000,NULL,NULL,NULL,NULL,NULL,NULL,'KILOGRAMS',NULL,990,NULL),(1025,NULL,'2021-04-26 16:03:52',NULL,NULL,NULL,NULL,NULL,'CENTIMETERS',NULL,NULL,NULL,NULL,NULL,NULL,NULL,NULL,'CHECK_QUANTITY',_binary '\0',NULL,'product382',99999999,10.00000,NULL,NULL,NULL,NULL,NULL,NULL,'KILOGRAMS',NULL,991,NULL),(1026,NULL,'2021-04-26 16:03:52',NULL,NULL,NULL,NULL,NULL,'CENTIMETERS',NULL,NULL,NULL,NULL,NULL,NULL,NULL,NULL,'CHECK_QUANTITY',_binary '\0',NULL,'product383',99999999,10.00000,NULL,NULL,NULL,NULL,NULL,NULL,'KILOGRAMS',NULL,992,NULL),(1027,NULL,'2021-04-26 16:03:52',NULL,NULL,NULL,NULL,NULL,'CENTIMETERS',NULL,NULL,NULL,NULL,NULL,NULL,NULL,NULL,'CHECK_QUANTITY',_binary '\0',NULL,'product384',99999999,10.00000,NULL,NULL,NULL,NULL,NULL,NULL,'KILOGRAMS',NULL,993,NULL),(1028,NULL,'2021-04-26 16:03:52',NULL,NULL,NULL,NULL,NULL,'CENTIMETERS',NULL,NULL,NULL,NULL,NULL,NULL,NULL,NULL,'CHECK_QUANTITY',_binary '\0',NULL,'product385',99999999,10.00000,NULL,NULL,NULL,NULL,NULL,NULL,'KILOGRAMS',NULL,994,NULL),(1029,NULL,'2021-04-26 16:03:52',NULL,NULL,NULL,NULL,NULL,'CENTIMETERS',NULL,NULL,NULL,NULL,NULL,NULL,NULL,NULL,'CHECK_QUANTITY',_binary '\0',NULL,'product386',99999999,10.00000,NULL,NULL,NULL,NULL,NULL,NULL,'KILOGRAMS',NULL,995,NULL),(1030,NULL,'2021-04-26 16:03:52',NULL,NULL,NULL,NULL,NULL,'CENTIMETERS',NULL,NULL,NULL,NULL,NULL,NULL,NULL,NULL,'CHECK_QUANTITY',_binary '\0',NULL,'product387',99999999,10.00000,NULL,NULL,NULL,NULL,NULL,NULL,'KILOGRAMS',NULL,996,NULL),(1031,NULL,'2021-04-26 16:03:52',NULL,NULL,NULL,NULL,NULL,'CENTIMETERS',NULL,NULL,NULL,NULL,NULL,NULL,NULL,NULL,'CHECK_QUANTITY',_binary '\0',NULL,'product388',99999999,10.00000,NULL,NULL,NULL,NULL,NULL,NULL,'KILOGRAMS',NULL,997,NULL),(1032,NULL,'2021-04-26 16:03:52',NULL,NULL,NULL,NULL,NULL,'CENTIMETERS',NULL,NULL,NULL,NULL,NULL,NULL,NULL,NULL,'CHECK_QUANTITY',_binary '\0',NULL,'product389',99999999,10.00000,NULL,NULL,NULL,NULL,NULL,NULL,'KILOGRAMS',NULL,998,NULL),(1033,NULL,'2021-04-26 16:03:52',NULL,NULL,NULL,NULL,NULL,'CENTIMETERS',NULL,NULL,NULL,NULL,NULL,NULL,NULL,NULL,'CHECK_QUANTITY',_binary '\0',NULL,'product390',99999999,10.00000,NULL,NULL,NULL,NULL,NULL,NULL,'KILOGRAMS',NULL,999,NULL),(1034,NULL,'2021-04-26 16:03:52',NULL,NULL,NULL,NULL,NULL,'CENTIMETERS',NULL,NULL,NULL,NULL,NULL,NULL,NULL,NULL,'CHECK_QUANTITY',_binary '\0',NULL,'product391',99999999,10.00000,NULL,NULL,NULL,NULL,NULL,NULL,'KILOGRAMS',NULL,1000,NULL),(1035,NULL,'2021-04-26 16:03:52',NULL,NULL,NULL,NULL,NULL,'CENTIMETERS',NULL,NULL,NULL,NULL,NULL,NULL,NULL,NULL,'CHECK_QUANTITY',_binary '\0',NULL,'product392',99999999,10.00000,NULL,NULL,NULL,NULL,NULL,NULL,'KILOGRAMS',NULL,1001,NULL),(1036,NULL,'2021-04-26 16:03:52',NULL,NULL,NULL,NULL,NULL,'CENTIMETERS',NULL,NULL,NULL,NULL,NULL,NULL,NULL,NULL,'CHECK_QUANTITY',_binary '\0',NULL,'product393',99999999,10.00000,NULL,NULL,NULL,NULL,NULL,NULL,'KILOGRAMS',NULL,1002,NULL),(1037,NULL,'2021-04-26 16:03:52',NULL,NULL,NULL,NULL,NULL,'CENTIMETERS',NULL,NULL,NULL,NULL,NULL,NULL,NULL,NULL,'CHECK_QUANTITY',_binary '\0',NULL,'product394',99999999,10.00000,NULL,NULL,NULL,NULL,NULL,NULL,'KILOGRAMS',NULL,1003,NULL),(1038,NULL,'2021-04-26 16:03:52',NULL,NULL,NULL,NULL,NULL,'CENTIMETERS',NULL,NULL,NULL,NULL,NULL,NULL,NULL,NULL,'CHECK_QUANTITY',_binary '\0',NULL,'product395',99999999,10.00000,NULL,NULL,NULL,NULL,NULL,NULL,'KILOGRAMS',NULL,1004,NULL),(1039,NULL,'2021-04-26 16:03:52',NULL,NULL,NULL,NULL,NULL,'CENTIMETERS',NULL,NULL,NULL,NULL,NULL,NULL,NULL,NULL,'CHECK_QUANTITY',_binary '\0',NULL,'product396',99999999,10.00000,NULL,NULL,NULL,NULL,NULL,NULL,'KILOGRAMS',NULL,1005,NULL),(1040,NULL,'2021-04-26 16:03:52',NULL,NULL,NULL,NULL,NULL,'CENTIMETERS',NULL,NULL,NULL,NULL,NULL,NULL,NULL,NULL,'CHECK_QUANTITY',_binary '\0',NULL,'product397',99999999,10.00000,NULL,NULL,NULL,NULL,NULL,NULL,'KILOGRAMS',NULL,1006,NULL),(1041,NULL,'2021-04-26 16:03:52',NULL,NULL,NULL,NULL,NULL,'CENTIMETERS',NULL,NULL,NULL,NULL,NULL,NULL,NULL,NULL,'CHECK_QUANTITY',_binary '\0',NULL,'product398',99999999,10.00000,NULL,NULL,NULL,NULL,NULL,NULL,'KILOGRAMS',NULL,1007,NULL),(1042,NULL,'2021-04-26 16:03:52',NULL,NULL,NULL,NULL,NULL,'CENTIMETERS',NULL,NULL,NULL,NULL,NULL,NULL,NULL,NULL,'CHECK_QUANTITY',_binary '\0',NULL,'product399',99999999,10.00000,NULL,NULL,NULL,NULL,NULL,NULL,'KILOGRAMS',NULL,1008,NULL),(1043,NULL,'2021-04-26 16:03:52',NULL,NULL,NULL,NULL,NULL,'CENTIMETERS',NULL,NULL,NULL,NULL,NULL,NULL,NULL,NULL,'CHECK_QUANTITY',_binary '\0',NULL,'product400',99999999,10.00000,NULL,NULL,NULL,NULL,NULL,NULL,'KILOGRAMS',NULL,1009,NULL),(1044,NULL,'2021-04-26 16:03:52',NULL,NULL,NULL,NULL,NULL,'CENTIMETERS',NULL,NULL,NULL,NULL,NULL,NULL,NULL,NULL,'CHECK_QUANTITY',_binary '\0',NULL,'product401',99999999,10.00000,NULL,NULL,NULL,NULL,NULL,NULL,'KILOGRAMS',NULL,1010,NULL),(1045,NULL,'2021-04-26 16:03:52',NULL,NULL,NULL,NULL,NULL,'CENTIMETERS',NULL,NULL,NULL,NULL,NULL,NULL,NULL,NULL,'CHECK_QUANTITY',_binary '\0',NULL,'product402',99999999,10.00000,NULL,NULL,NULL,NULL,NULL,NULL,'KILOGRAMS',NULL,1011,NULL),(1046,NULL,'2021-04-26 16:03:52',NULL,NULL,NULL,NULL,NULL,'CENTIMETERS',NULL,NULL,NULL,NULL,NULL,NULL,NULL,NULL,'CHECK_QUANTITY',_binary '\0',NULL,'product403',99999999,10.00000,NULL,NULL,NULL,NULL,NULL,NULL,'KILOGRAMS',NULL,1012,NULL),(1047,NULL,'2021-04-26 16:03:52',NULL,NULL,NULL,NULL,NULL,'CENTIMETERS',NULL,NULL,NULL,NULL,NULL,NULL,NULL,NULL,'CHECK_QUANTITY',_binary '\0',NULL,'product404',99999999,10.00000,NULL,NULL,NULL,NULL,NULL,NULL,'KILOGRAMS',NULL,1013,NULL),(1048,NULL,'2021-04-26 16:03:52',NULL,NULL,NULL,NULL,NULL,'CENTIMETERS',NULL,NULL,NULL,NULL,NULL,NULL,NULL,NULL,'CHECK_QUANTITY',_binary '\0',NULL,'product405',99999999,10.00000,NULL,NULL,NULL,NULL,NULL,NULL,'KILOGRAMS',NULL,1014,NULL),(1049,NULL,'2021-04-26 16:03:52',NULL,NULL,NULL,NULL,NULL,'CENTIMETERS',NULL,NULL,NULL,NULL,NULL,NULL,NULL,NULL,'CHECK_QUANTITY',_binary '\0',NULL,'product406',99999999,10.00000,NULL,NULL,NULL,NULL,NULL,NULL,'KILOGRAMS',NULL,1015,NULL),(1050,NULL,'2021-04-26 16:03:52',NULL,NULL,NULL,NULL,NULL,'CENTIMETERS',NULL,NULL,NULL,NULL,NULL,NULL,NULL,NULL,'CHECK_QUANTITY',_binary '\0',NULL,'product407',99999999,10.00000,NULL,NULL,NULL,NULL,NULL,NULL,'KILOGRAMS',NULL,1016,NULL),(1051,NULL,'2021-04-26 16:03:52',NULL,NULL,NULL,NULL,NULL,'CENTIMETERS',NULL,NULL,NULL,NULL,NULL,NULL,NULL,NULL,'CHECK_QUANTITY',_binary '\0',NULL,'product408',99999999,10.00000,NULL,NULL,NULL,NULL,NULL,NULL,'KILOGRAMS',NULL,1017,NULL),(1052,NULL,'2021-04-26 16:03:52',NULL,NULL,NULL,NULL,NULL,'CENTIMETERS',NULL,NULL,NULL,NULL,NULL,NULL,NULL,NULL,'CHECK_QUANTITY',_binary '\0',NULL,'product409',99999999,10.00000,NULL,NULL,NULL,NULL,NULL,NULL,'KILOGRAMS',NULL,1018,NULL),(1053,NULL,'2021-04-26 16:03:52',NULL,NULL,NULL,NULL,NULL,'CENTIMETERS',NULL,NULL,NULL,NULL,NULL,NULL,NULL,NULL,'CHECK_QUANTITY',_binary '\0',NULL,'product410',99999999,10.00000,NULL,NULL,NULL,NULL,NULL,NULL,'KILOGRAMS',NULL,1019,NULL),(1054,NULL,'2021-04-26 16:03:52',NULL,NULL,NULL,NULL,NULL,'CENTIMETERS',NULL,NULL,NULL,NULL,NULL,NULL,NULL,NULL,'CHECK_QUANTITY',_binary '\0',NULL,'product411',99999999,10.00000,NULL,NULL,NULL,NULL,NULL,NULL,'KILOGRAMS',NULL,1020,NULL),(1055,NULL,'2021-04-26 16:03:52',NULL,NULL,NULL,NULL,NULL,'CENTIMETERS',NULL,NULL,NULL,NULL,NULL,NULL,NULL,NULL,'CHECK_QUANTITY',_binary '\0',NULL,'product412',99999999,10.00000,NULL,NULL,NULL,NULL,NULL,NULL,'KILOGRAMS',NULL,1021,NULL),(1056,NULL,'2021-04-26 16:03:52',NULL,NULL,NULL,NULL,NULL,'CENTIMETERS',NULL,NULL,NULL,NULL,NULL,NULL,NULL,NULL,'CHECK_QUANTITY',_binary '\0',NULL,'product413',99999999,10.00000,NULL,NULL,NULL,NULL,NULL,NULL,'KILOGRAMS',NULL,1022,NULL),(1057,NULL,'2021-04-26 16:03:52',NULL,NULL,NULL,NULL,NULL,'CENTIMETERS',NULL,NULL,NULL,NULL,NULL,NULL,NULL,NULL,'CHECK_QUANTITY',_binary '\0',NULL,'product414',99999999,10.00000,NULL,NULL,NULL,NULL,NULL,NULL,'KILOGRAMS',NULL,1023,NULL),(1058,NULL,'2021-04-26 16:03:52',NULL,NULL,NULL,NULL,NULL,'CENTIMETERS',NULL,NULL,NULL,NULL,NULL,NULL,NULL,NULL,'CHECK_QUANTITY',_binary '\0',NULL,'product415',99999999,10.00000,NULL,NULL,NULL,NULL,NULL,NULL,'KILOGRAMS',NULL,1024,NULL),(1059,NULL,'2021-04-26 16:03:52',NULL,NULL,NULL,NULL,NULL,'CENTIMETERS',NULL,NULL,NULL,NULL,NULL,NULL,NULL,NULL,'CHECK_QUANTITY',_binary '\0',NULL,'product416',99999999,10.00000,NULL,NULL,NULL,NULL,NULL,NULL,'KILOGRAMS',NULL,1025,NULL),(1060,NULL,'2021-04-26 16:03:52',NULL,NULL,NULL,NULL,NULL,'CENTIMETERS',NULL,NULL,NULL,NULL,NULL,NULL,NULL,NULL,'CHECK_QUANTITY',_binary '\0',NULL,'product417',99999999,10.00000,NULL,NULL,NULL,NULL,NULL,NULL,'KILOGRAMS',NULL,1026,NULL),(1061,NULL,'2021-04-26 16:03:52',NULL,NULL,NULL,NULL,NULL,'CENTIMETERS',NULL,NULL,NULL,NULL,NULL,NULL,NULL,NULL,'CHECK_QUANTITY',_binary '\0',NULL,'product418',99999999,10.00000,NULL,NULL,NULL,NULL,NULL,NULL,'KILOGRAMS',NULL,1027,NULL),(1062,NULL,'2021-04-26 16:03:52',NULL,NULL,NULL,NULL,NULL,'CENTIMETERS',NULL,NULL,NULL,NULL,NULL,NULL,NULL,NULL,'CHECK_QUANTITY',_binary '\0',NULL,'product419',99999999,10.00000,NULL,NULL,NULL,NULL,NULL,NULL,'KILOGRAMS',NULL,1028,NULL),(1063,NULL,'2021-04-26 16:03:52',NULL,NULL,NULL,NULL,NULL,'CENTIMETERS',NULL,NULL,NULL,NULL,NULL,NULL,NULL,NULL,'CHECK_QUANTITY',_binary '\0',NULL,'product420',99999999,10.00000,NULL,NULL,NULL,NULL,NULL,NULL,'KILOGRAMS',NULL,1029,NULL),(1064,NULL,'2021-04-26 16:03:52',NULL,NULL,NULL,NULL,NULL,'CENTIMETERS',NULL,NULL,NULL,NULL,NULL,NULL,NULL,NULL,'CHECK_QUANTITY',_binary '\0',NULL,'product421',99999999,10.00000,NULL,NULL,NULL,NULL,NULL,NULL,'KILOGRAMS',NULL,1030,NULL),(1065,NULL,'2021-04-26 16:03:52',NULL,NULL,NULL,NULL,NULL,'CENTIMETERS',NULL,NULL,NULL,NULL,NULL,NULL,NULL,NULL,'CHECK_QUANTITY',_binary '\0',NULL,'product422',99999999,10.00000,NULL,NULL,NULL,NULL,NULL,NULL,'KILOGRAMS',NULL,1031,NULL),(1066,NULL,'2021-04-26 16:03:52',NULL,NULL,NULL,NULL,NULL,'CENTIMETERS',NULL,NULL,NULL,NULL,NULL,NULL,NULL,NULL,'CHECK_QUANTITY',_binary '\0',NULL,'product423',99999999,10.00000,NULL,NULL,NULL,NULL,NULL,NULL,'KILOGRAMS',NULL,1032,NULL),(1067,NULL,'2021-04-26 16:03:52',NULL,NULL,NULL,NULL,NULL,'CENTIMETERS',NULL,NULL,NULL,NULL,NULL,NULL,NULL,NULL,'CHECK_QUANTITY',_binary '\0',NULL,'product424',99999999,10.00000,NULL,NULL,NULL,NULL,NULL,NULL,'KILOGRAMS',NULL,1033,NULL),(1068,NULL,'2021-04-26 16:03:52',NULL,NULL,NULL,NULL,NULL,'CENTIMETERS',NULL,NULL,NULL,NULL,NULL,NULL,NULL,NULL,'CHECK_QUANTITY',_binary '\0',NULL,'product425',99999999,10.00000,NULL,NULL,NULL,NULL,NULL,NULL,'KILOGRAMS',NULL,1034,NULL),(1069,NULL,'2021-04-26 16:03:52',NULL,NULL,NULL,NULL,NULL,'CENTIMETERS',NULL,NULL,NULL,NULL,NULL,NULL,NULL,NULL,'CHECK_QUANTITY',_binary '\0',NULL,'product426',99999999,10.00000,NULL,NULL,NULL,NULL,NULL,NULL,'KILOGRAMS',NULL,1035,NULL),(1070,NULL,'2021-04-26 16:03:52',NULL,NULL,NULL,NULL,NULL,'CENTIMETERS',NULL,NULL,NULL,NULL,NULL,NULL,NULL,NULL,'CHECK_QUANTITY',_binary '\0',NULL,'product427',99999999,10.00000,NULL,NULL,NULL,NULL,NULL,NULL,'KILOGRAMS',NULL,1036,NULL),(1071,NULL,'2021-04-26 16:03:52',NULL,NULL,NULL,NULL,NULL,'CENTIMETERS',NULL,NULL,NULL,NULL,NULL,NULL,NULL,NULL,'CHECK_QUANTITY',_binary '\0',NULL,'product428',99999999,10.00000,NULL,NULL,NULL,NULL,NULL,NULL,'KILOGRAMS',NULL,1037,NULL),(1072,NULL,'2021-04-26 16:03:52',NULL,NULL,NULL,NULL,NULL,'CENTIMETERS',NULL,NULL,NULL,NULL,NULL,NULL,NULL,NULL,'CHECK_QUANTITY',_binary '\0',NULL,'product429',99999999,10.00000,NULL,NULL,NULL,NULL,NULL,NULL,'KILOGRAMS',NULL,1038,NULL),(1073,NULL,'2021-04-26 16:03:52',NULL,NULL,NULL,NULL,NULL,'CENTIMETERS',NULL,NULL,NULL,NULL,NULL,NULL,NULL,NULL,'CHECK_QUANTITY',_binary '\0',NULL,'product430',99999999,10.00000,NULL,NULL,NULL,NULL,NULL,NULL,'KILOGRAMS',NULL,1039,NULL),(1074,NULL,'2021-04-26 16:03:52',NULL,NULL,NULL,NULL,NULL,'CENTIMETERS',NULL,NULL,NULL,NULL,NULL,NULL,NULL,NULL,'CHECK_QUANTITY',_binary '\0',NULL,'product431',99999999,10.00000,NULL,NULL,NULL,NULL,NULL,NULL,'KILOGRAMS',NULL,1040,NULL),(1075,NULL,'2021-04-26 16:03:52',NULL,NULL,NULL,NULL,NULL,'CENTIMETERS',NULL,NULL,NULL,NULL,NULL,NULL,NULL,NULL,'CHECK_QUANTITY',_binary '\0',NULL,'product432',99999999,10.00000,NULL,NULL,NULL,NULL,NULL,NULL,'KILOGRAMS',NULL,1041,NULL),(1076,NULL,'2021-04-26 16:03:52',NULL,NULL,NULL,NULL,NULL,'CENTIMETERS',NULL,NULL,NULL,NULL,NULL,NULL,NULL,NULL,'CHECK_QUANTITY',_binary '\0',NULL,'product433',99999999,10.00000,NULL,NULL,NULL,NULL,NULL,NULL,'KILOGRAMS',NULL,1042,NULL),(1077,NULL,'2021-04-26 16:03:52',NULL,NULL,NULL,NULL,NULL,'CENTIMETERS',NULL,NULL,NULL,NULL,NULL,NULL,NULL,NULL,'CHECK_QUANTITY',_binary '\0',NULL,'product434',99999999,10.00000,NULL,NULL,NULL,NULL,NULL,NULL,'KILOGRAMS',NULL,1043,NULL),(1078,NULL,'2021-04-26 16:03:52',NULL,NULL,NULL,NULL,NULL,'CENTIMETERS',NULL,NULL,NULL,NULL,NULL,NULL,NULL,NULL,'CHECK_QUANTITY',_binary '\0',NULL,'product435',99999999,10.00000,NULL,NULL,NULL,NULL,NULL,NULL,'KILOGRAMS',NULL,1044,NULL),(1079,NULL,'2021-04-26 16:03:52',NULL,NULL,NULL,NULL,NULL,'CENTIMETERS',NULL,NULL,NULL,NULL,NULL,NULL,NULL,NULL,'CHECK_QUANTITY',_binary '\0',NULL,'product436',99999999,10.00000,NULL,NULL,NULL,NULL,NULL,NULL,'KILOGRAMS',NULL,1045,NULL),(1080,NULL,'2021-04-26 16:03:52',NULL,NULL,NULL,NULL,NULL,'CENTIMETERS',NULL,NULL,NULL,NULL,NULL,NULL,NULL,NULL,'CHECK_QUANTITY',_binary '\0',NULL,'product437',99999999,10.00000,NULL,NULL,NULL,NULL,NULL,NULL,'KILOGRAMS',NULL,1046,NULL),(1081,NULL,'2021-04-26 16:03:52',NULL,NULL,NULL,NULL,NULL,'CENTIMETERS',NULL,NULL,NULL,NULL,NULL,NULL,NULL,NULL,'CHECK_QUANTITY',_binary '\0',NULL,'product438',99999999,10.00000,NULL,NULL,NULL,NULL,NULL,NULL,'KILOGRAMS',NULL,1047,NULL),(1082,NULL,'2021-04-26 16:03:52',NULL,NULL,NULL,NULL,NULL,'CENTIMETERS',NULL,NULL,NULL,NULL,NULL,NULL,NULL,NULL,'CHECK_QUANTITY',_binary '\0',NULL,'product439',99999999,10.00000,NULL,NULL,NULL,NULL,NULL,NULL,'KILOGRAMS',NULL,1048,NULL),(1083,NULL,'2021-04-26 16:03:52',NULL,NULL,NULL,NULL,NULL,'CENTIMETERS',NULL,NULL,NULL,NULL,NULL,NULL,NULL,NULL,'CHECK_QUANTITY',_binary '\0',NULL,'product440',99999999,10.00000,NULL,NULL,NULL,NULL,NULL,NULL,'KILOGRAMS',NULL,1049,NULL),(1084,NULL,'2021-04-26 16:03:52',NULL,NULL,NULL,NULL,NULL,'CENTIMETERS',NULL,NULL,NULL,NULL,NULL,NULL,NULL,NULL,'CHECK_QUANTITY',_binary '\0',NULL,'product441',99999999,10.00000,NULL,NULL,NULL,NULL,NULL,NULL,'KILOGRAMS',NULL,1050,NULL),(1085,NULL,'2021-04-26 16:03:52',NULL,NULL,NULL,NULL,NULL,'CENTIMETERS',NULL,NULL,NULL,NULL,NULL,NULL,NULL,NULL,'CHECK_QUANTITY',_binary '\0',NULL,'product442',99999999,10.00000,NULL,NULL,NULL,NULL,NULL,NULL,'KILOGRAMS',NULL,1051,NULL),(1086,NULL,'2021-04-26 16:03:52',NULL,NULL,NULL,NULL,NULL,'CENTIMETERS',NULL,NULL,NULL,NULL,NULL,NULL,NULL,NULL,'CHECK_QUANTITY',_binary '\0',NULL,'product443',99999999,10.00000,NULL,NULL,NULL,NULL,NULL,NULL,'KILOGRAMS',NULL,1052,NULL),(1087,NULL,'2021-04-26 16:03:52',NULL,NULL,NULL,NULL,NULL,'CENTIMETERS',NULL,NULL,NULL,NULL,NULL,NULL,NULL,NULL,'CHECK_QUANTITY',_binary '\0',NULL,'product444',99999999,10.00000,NULL,NULL,NULL,NULL,NULL,NULL,'KILOGRAMS',NULL,1053,NULL),(1088,NULL,'2021-04-26 16:03:52',NULL,NULL,NULL,NULL,NULL,'CENTIMETERS',NULL,NULL,NULL,NULL,NULL,NULL,NULL,NULL,'CHECK_QUANTITY',_binary '\0',NULL,'product445',99999999,10.00000,NULL,NULL,NULL,NULL,NULL,NULL,'KILOGRAMS',NULL,1054,NULL),(1089,NULL,'2021-04-26 16:03:52',NULL,NULL,NULL,NULL,NULL,'CENTIMETERS',NULL,NULL,NULL,NULL,NULL,NULL,NULL,NULL,'CHECK_QUANTITY',_binary '\0',NULL,'product446',99999999,10.00000,NULL,NULL,NULL,NULL,NULL,NULL,'KILOGRAMS',NULL,1055,NULL),(1090,NULL,'2021-04-26 16:03:52',NULL,NULL,NULL,NULL,NULL,'CENTIMETERS',NULL,NULL,NULL,NULL,NULL,NULL,NULL,NULL,'CHECK_QUANTITY',_binary '\0',NULL,'product447',99999999,10.00000,NULL,NULL,NULL,NULL,NULL,NULL,'KILOGRAMS',NULL,1056,NULL),(1091,NULL,'2021-04-26 16:03:52',NULL,NULL,NULL,NULL,NULL,'CENTIMETERS',NULL,NULL,NULL,NULL,NULL,NULL,NULL,NULL,'CHECK_QUANTITY',_binary '\0',NULL,'product448',99999999,10.00000,NULL,NULL,NULL,NULL,NULL,NULL,'KILOGRAMS',NULL,1057,NULL),(1092,NULL,'2021-04-26 16:03:52',NULL,NULL,NULL,NULL,NULL,'CENTIMETERS',NULL,NULL,NULL,NULL,NULL,NULL,NULL,NULL,'CHECK_QUANTITY',_binary '\0',NULL,'product449',99999999,10.00000,NULL,NULL,NULL,NULL,NULL,NULL,'KILOGRAMS',NULL,1058,NULL),(1093,NULL,'2021-04-26 16:03:52',NULL,NULL,NULL,NULL,NULL,'CENTIMETERS',NULL,NULL,NULL,NULL,NULL,NULL,NULL,NULL,'CHECK_QUANTITY',_binary '\0',NULL,'product450',99999999,10.00000,NULL,NULL,NULL,NULL,NULL,NULL,'KILOGRAMS',NULL,1059,NULL),(1094,NULL,'2021-04-26 16:03:52',NULL,NULL,NULL,NULL,NULL,'CENTIMETERS',NULL,NULL,NULL,NULL,NULL,NULL,NULL,NULL,'CHECK_QUANTITY',_binary '\0',NULL,'product451',99999999,10.00000,NULL,NULL,NULL,NULL,NULL,NULL,'KILOGRAMS',NULL,1060,NULL),(1095,NULL,'2021-04-26 16:03:52',NULL,NULL,NULL,NULL,NULL,'CENTIMETERS',NULL,NULL,NULL,NULL,NULL,NULL,NULL,NULL,'CHECK_QUANTITY',_binary '\0',NULL,'product452',99999999,10.00000,NULL,NULL,NULL,NULL,NULL,NULL,'KILOGRAMS',NULL,1061,NULL),(1096,NULL,'2021-04-26 16:03:52',NULL,NULL,NULL,NULL,NULL,'CENTIMETERS',NULL,NULL,NULL,NULL,NULL,NULL,NULL,NULL,'CHECK_QUANTITY',_binary '\0',NULL,'product453',99999999,10.00000,NULL,NULL,NULL,NULL,NULL,NULL,'KILOGRAMS',NULL,1062,NULL),(1097,NULL,'2021-04-26 16:03:52',NULL,NULL,NULL,NULL,NULL,'CENTIMETERS',NULL,NULL,NULL,NULL,NULL,NULL,NULL,NULL,'CHECK_QUANTITY',_binary '\0',NULL,'product454',99999999,10.00000,NULL,NULL,NULL,NULL,NULL,NULL,'KILOGRAMS',NULL,1063,NULL),(1098,NULL,'2021-04-26 16:03:52',NULL,NULL,NULL,NULL,NULL,'CENTIMETERS',NULL,NULL,NULL,NULL,NULL,NULL,NULL,NULL,'CHECK_QUANTITY',_binary '\0',NULL,'product455',99999999,10.00000,NULL,NULL,NULL,NULL,NULL,NULL,'KILOGRAMS',NULL,1064,NULL),(1099,NULL,'2021-04-26 16:03:52',NULL,NULL,NULL,NULL,NULL,'CENTIMETERS',NULL,NULL,NULL,NULL,NULL,NULL,NULL,NULL,'CHECK_QUANTITY',_binary '\0',NULL,'product456',99999999,10.00000,NULL,NULL,NULL,NULL,NULL,NULL,'KILOGRAMS',NULL,1065,NULL),(1100,NULL,'2021-04-26 16:03:52',NULL,NULL,NULL,NULL,NULL,'CENTIMETERS',NULL,NULL,NULL,NULL,NULL,NULL,NULL,NULL,'CHECK_QUANTITY',_binary '\0',NULL,'product457',99999999,10.00000,NULL,NULL,NULL,NULL,NULL,NULL,'KILOGRAMS',NULL,1066,NULL),(1101,NULL,'2021-04-26 16:03:52',NULL,NULL,NULL,NULL,NULL,'CENTIMETERS',NULL,NULL,NULL,NULL,NULL,NULL,NULL,NULL,'CHECK_QUANTITY',_binary '\0',NULL,'product458',99999999,10.00000,NULL,NULL,NULL,NULL,NULL,NULL,'KILOGRAMS',NULL,1067,NULL),(1102,NULL,'2021-04-26 16:03:52',NULL,NULL,NULL,NULL,NULL,'CENTIMETERS',NULL,NULL,NULL,NULL,NULL,NULL,NULL,NULL,'CHECK_QUANTITY',_binary '\0',NULL,'product459',99999999,10.00000,NULL,NULL,NULL,NULL,NULL,NULL,'KILOGRAMS',NULL,1068,NULL),(1103,NULL,'2021-04-26 16:03:52',NULL,NULL,NULL,NULL,NULL,'CENTIMETERS',NULL,NULL,NULL,NULL,NULL,NULL,NULL,NULL,'CHECK_QUANTITY',_binary '\0',NULL,'product460',99999999,10.00000,NULL,NULL,NULL,NULL,NULL,NULL,'KILOGRAMS',NULL,1069,NULL),(1104,NULL,'2021-04-26 16:03:52',NULL,NULL,NULL,NULL,NULL,'CENTIMETERS',NULL,NULL,NULL,NULL,NULL,NULL,NULL,NULL,'CHECK_QUANTITY',_binary '\0',NULL,'product461',99999999,10.00000,NULL,NULL,NULL,NULL,NULL,NULL,'KILOGRAMS',NULL,1070,NULL),(1105,NULL,'2021-04-26 16:03:52',NULL,NULL,NULL,NULL,NULL,'CENTIMETERS',NULL,NULL,NULL,NULL,NULL,NULL,NULL,NULL,'CHECK_QUANTITY',_binary '\0',NULL,'product462',99999999,10.00000,NULL,NULL,NULL,NULL,NULL,NULL,'KILOGRAMS',NULL,1071,NULL),(1106,NULL,'2021-04-26 16:03:52',NULL,NULL,NULL,NULL,NULL,'CENTIMETERS',NULL,NULL,NULL,NULL,NULL,NULL,NULL,NULL,'CHECK_QUANTITY',_binary '\0',NULL,'product463',99999999,10.00000,NULL,NULL,NULL,NULL,NULL,NULL,'KILOGRAMS',NULL,1072,NULL),(1107,NULL,'2021-04-26 16:03:52',NULL,NULL,NULL,NULL,NULL,'CENTIMETERS',NULL,NULL,NULL,NULL,NULL,NULL,NULL,NULL,'CHECK_QUANTITY',_binary '\0',NULL,'product464',99999999,10.00000,NULL,NULL,NULL,NULL,NULL,NULL,'KILOGRAMS',NULL,1073,NULL),(1108,NULL,'2021-04-26 16:03:52',NULL,NULL,NULL,NULL,NULL,'CENTIMETERS',NULL,NULL,NULL,NULL,NULL,NULL,NULL,NULL,'CHECK_QUANTITY',_binary '\0',NULL,'product465',99999999,10.00000,NULL,NULL,NULL,NULL,NULL,NULL,'KILOGRAMS',NULL,1074,NULL),(1109,NULL,'2021-04-26 16:03:52',NULL,NULL,NULL,NULL,NULL,'CENTIMETERS',NULL,NULL,NULL,NULL,NULL,NULL,NULL,NULL,'CHECK_QUANTITY',_binary '\0',NULL,'product466',99999999,10.00000,NULL,NULL,NULL,NULL,NULL,NULL,'KILOGRAMS',NULL,1075,NULL),(1110,NULL,'2021-04-26 16:03:52',NULL,NULL,NULL,NULL,NULL,'CENTIMETERS',NULL,NULL,NULL,NULL,NULL,NULL,NULL,NULL,'CHECK_QUANTITY',_binary '\0',NULL,'product467',99999999,10.00000,NULL,NULL,NULL,NULL,NULL,NULL,'KILOGRAMS',NULL,1076,NULL),(1111,NULL,'2021-04-26 16:03:52',NULL,NULL,NULL,NULL,NULL,'CENTIMETERS',NULL,NULL,NULL,NULL,NULL,NULL,NULL,NULL,'CHECK_QUANTITY',_binary '\0',NULL,'product468',99999999,10.00000,NULL,NULL,NULL,NULL,NULL,NULL,'KILOGRAMS',NULL,1077,NULL),(1112,NULL,'2021-04-26 16:03:52',NULL,NULL,NULL,NULL,NULL,'CENTIMETERS',NULL,NULL,NULL,NULL,NULL,NULL,NULL,NULL,'CHECK_QUANTITY',_binary '\0',NULL,'product469',99999999,10.00000,NULL,NULL,NULL,NULL,NULL,NULL,'KILOGRAMS',NULL,1078,NULL),(1113,NULL,'2021-04-26 16:03:52',NULL,NULL,NULL,NULL,NULL,'CENTIMETERS',NULL,NULL,NULL,NULL,NULL,NULL,NULL,NULL,'CHECK_QUANTITY',_binary '\0',NULL,'product470',99999999,10.00000,NULL,NULL,NULL,NULL,NULL,NULL,'KILOGRAMS',NULL,1079,NULL),(1114,NULL,'2021-04-26 16:03:52',NULL,NULL,NULL,NULL,NULL,'CENTIMETERS',NULL,NULL,NULL,NULL,NULL,NULL,NULL,NULL,'CHECK_QUANTITY',_binary '\0',NULL,'product471',99999999,10.00000,NULL,NULL,NULL,NULL,NULL,NULL,'KILOGRAMS',NULL,1080,NULL),(1115,NULL,'2021-04-26 16:03:52',NULL,NULL,NULL,NULL,NULL,'CENTIMETERS',NULL,NULL,NULL,NULL,NULL,NULL,NULL,NULL,'CHECK_QUANTITY',_binary '\0',NULL,'product472',99999999,10.00000,NULL,NULL,NULL,NULL,NULL,NULL,'KILOGRAMS',NULL,1081,NULL),(1116,NULL,'2021-04-26 16:03:52',NULL,NULL,NULL,NULL,NULL,'CENTIMETERS',NULL,NULL,NULL,NULL,NULL,NULL,NULL,NULL,'CHECK_QUANTITY',_binary '\0',NULL,'product473',99999999,10.00000,NULL,NULL,NULL,NULL,NULL,NULL,'KILOGRAMS',NULL,1082,NULL),(1117,NULL,'2021-04-26 16:03:52',NULL,NULL,NULL,NULL,NULL,'CENTIMETERS',NULL,NULL,NULL,NULL,NULL,NULL,NULL,NULL,'CHECK_QUANTITY',_binary '\0',NULL,'product474',99999999,10.00000,NULL,NULL,NULL,NULL,NULL,NULL,'KILOGRAMS',NULL,1083,NULL),(1118,NULL,'2021-04-26 16:03:52',NULL,NULL,NULL,NULL,NULL,'CENTIMETERS',NULL,NULL,NULL,NULL,NULL,NULL,NULL,NULL,'CHECK_QUANTITY',_binary '\0',NULL,'product475',99999999,10.00000,NULL,NULL,NULL,NULL,NULL,NULL,'KILOGRAMS',NULL,1084,NULL),(1119,NULL,'2021-04-26 16:03:52',NULL,NULL,NULL,NULL,NULL,'CENTIMETERS',NULL,NULL,NULL,NULL,NULL,NULL,NULL,NULL,'CHECK_QUANTITY',_binary '\0',NULL,'product476',99999999,10.00000,NULL,NULL,NULL,NULL,NULL,NULL,'KILOGRAMS',NULL,1085,NULL),(1120,NULL,'2021-04-26 16:03:52',NULL,NULL,NULL,NULL,NULL,'CENTIMETERS',NULL,NULL,NULL,NULL,NULL,NULL,NULL,NULL,'CHECK_QUANTITY',_binary '\0',NULL,'product477',99999999,10.00000,NULL,NULL,NULL,NULL,NULL,NULL,'KILOGRAMS',NULL,1086,NULL),(1121,NULL,'2021-04-26 16:03:52',NULL,NULL,NULL,NULL,NULL,'CENTIMETERS',NULL,NULL,NULL,NULL,NULL,NULL,NULL,NULL,'CHECK_QUANTITY',_binary '\0',NULL,'product478',99999999,10.00000,NULL,NULL,NULL,NULL,NULL,NULL,'KILOGRAMS',NULL,1087,NULL),(1122,NULL,'2021-04-26 16:03:52',NULL,NULL,NULL,NULL,NULL,'CENTIMETERS',NULL,NULL,NULL,NULL,NULL,NULL,NULL,NULL,'CHECK_QUANTITY',_binary '\0',NULL,'product479',99999999,10.00000,NULL,NULL,NULL,NULL,NULL,NULL,'KILOGRAMS',NULL,1088,NULL),(1123,NULL,'2021-04-26 16:03:52',NULL,NULL,NULL,NULL,NULL,'CENTIMETERS',NULL,NULL,NULL,NULL,NULL,NULL,NULL,NULL,'CHECK_QUANTITY',_binary '\0',NULL,'product480',99999999,10.00000,NULL,NULL,NULL,NULL,NULL,NULL,'KILOGRAMS',NULL,1089,NULL),(1124,NULL,'2021-04-26 16:03:52',NULL,NULL,NULL,NULL,NULL,'CENTIMETERS',NULL,NULL,NULL,NULL,NULL,NULL,NULL,NULL,'CHECK_QUANTITY',_binary '\0',NULL,'product481',99999999,10.00000,NULL,NULL,NULL,NULL,NULL,NULL,'KILOGRAMS',NULL,1090,NULL),(1125,NULL,'2021-04-26 16:03:52',NULL,NULL,NULL,NULL,NULL,'CENTIMETERS',NULL,NULL,NULL,NULL,NULL,NULL,NULL,NULL,'CHECK_QUANTITY',_binary '\0',NULL,'product482',99999999,10.00000,NULL,NULL,NULL,NULL,NULL,NULL,'KILOGRAMS',NULL,1091,NULL),(1126,NULL,'2021-04-26 16:03:52',NULL,NULL,NULL,NULL,NULL,'CENTIMETERS',NULL,NULL,NULL,NULL,NULL,NULL,NULL,NULL,'CHECK_QUANTITY',_binary '\0',NULL,'product483',99999999,10.00000,NULL,NULL,NULL,NULL,NULL,NULL,'KILOGRAMS',NULL,1092,NULL),(1127,NULL,'2021-04-26 16:03:52',NULL,NULL,NULL,NULL,NULL,'CENTIMETERS',NULL,NULL,NULL,NULL,NULL,NULL,NULL,NULL,'CHECK_QUANTITY',_binary '\0',NULL,'product484',99999999,10.00000,NULL,NULL,NULL,NULL,NULL,NULL,'KILOGRAMS',NULL,1093,NULL),(1128,NULL,'2021-04-26 16:03:52',NULL,NULL,NULL,NULL,NULL,'CENTIMETERS',NULL,NULL,NULL,NULL,NULL,NULL,NULL,NULL,'CHECK_QUANTITY',_binary '\0',NULL,'product485',99999999,10.00000,NULL,NULL,NULL,NULL,NULL,NULL,'KILOGRAMS',NULL,1094,NULL),(1129,NULL,'2021-04-26 16:03:52',NULL,NULL,NULL,NULL,NULL,'CENTIMETERS',NULL,NULL,NULL,NULL,NULL,NULL,NULL,NULL,'CHECK_QUANTITY',_binary '\0',NULL,'product486',99999999,10.00000,NULL,NULL,NULL,NULL,NULL,NULL,'KILOGRAMS',NULL,1095,NULL),(1130,NULL,'2021-04-26 16:03:52',NULL,NULL,NULL,NULL,NULL,'CENTIMETERS',NULL,NULL,NULL,NULL,NULL,NULL,NULL,NULL,'CHECK_QUANTITY',_binary '\0',NULL,'product487',99999999,10.00000,NULL,NULL,NULL,NULL,NULL,NULL,'KILOGRAMS',NULL,1096,NULL),(1131,NULL,'2021-04-26 16:03:52',NULL,NULL,NULL,NULL,NULL,'CENTIMETERS',NULL,NULL,NULL,NULL,NULL,NULL,NULL,NULL,'CHECK_QUANTITY',_binary '\0',NULL,'product488',99999999,10.00000,NULL,NULL,NULL,NULL,NULL,NULL,'KILOGRAMS',NULL,1097,NULL),(1132,NULL,'2021-04-26 16:03:52',NULL,NULL,NULL,NULL,NULL,'CENTIMETERS',NULL,NULL,NULL,NULL,NULL,NULL,NULL,NULL,'CHECK_QUANTITY',_binary '\0',NULL,'product489',99999999,10.00000,NULL,NULL,NULL,NULL,NULL,NULL,'KILOGRAMS',NULL,1098,NULL),(1133,NULL,'2021-04-26 16:03:52',NULL,NULL,NULL,NULL,NULL,'CENTIMETERS',NULL,NULL,NULL,NULL,NULL,NULL,NULL,NULL,'CHECK_QUANTITY',_binary '\0',NULL,'product490',99999999,10.00000,NULL,NULL,NULL,NULL,NULL,NULL,'KILOGRAMS',NULL,1099,NULL),(1134,NULL,'2021-04-26 16:03:52',NULL,NULL,NULL,NULL,NULL,'CENTIMETERS',NULL,NULL,NULL,NULL,NULL,NULL,NULL,NULL,'CHECK_QUANTITY',_binary '\0',NULL,'product491',99999999,10.00000,NULL,NULL,NULL,NULL,NULL,NULL,'KILOGRAMS',NULL,1100,NULL),(1135,NULL,'2021-04-26 16:03:52',NULL,NULL,NULL,NULL,NULL,'CENTIMETERS',NULL,NULL,NULL,NULL,NULL,NULL,NULL,NULL,'CHECK_QUANTITY',_binary '\0',NULL,'product492',99999999,10.00000,NULL,NULL,NULL,NULL,NULL,NULL,'KILOGRAMS',NULL,1101,NULL),(1136,NULL,'2021-04-26 16:03:52',NULL,NULL,NULL,NULL,NULL,'CENTIMETERS',NULL,NULL,NULL,NULL,NULL,NULL,NULL,NULL,'CHECK_QUANTITY',_binary '\0',NULL,'product493',99999999,10.00000,NULL,NULL,NULL,NULL,NULL,NULL,'KILOGRAMS',NULL,1102,NULL),(1137,NULL,'2021-04-26 16:03:52',NULL,NULL,NULL,NULL,NULL,'CENTIMETERS',NULL,NULL,NULL,NULL,NULL,NULL,NULL,NULL,'CHECK_QUANTITY',_binary '\0',NULL,'product494',99999999,10.00000,NULL,NULL,NULL,NULL,NULL,NULL,'KILOGRAMS',NULL,1103,NULL),(1138,NULL,'2021-04-26 16:03:52',NULL,NULL,NULL,NULL,NULL,'CENTIMETERS',NULL,NULL,NULL,NULL,NULL,NULL,NULL,NULL,'CHECK_QUANTITY',_binary '\0',NULL,'product495',99999999,10.00000,NULL,NULL,NULL,NULL,NULL,NULL,'KILOGRAMS',NULL,1104,NULL),(1139,NULL,'2021-04-26 16:03:52',NULL,NULL,NULL,NULL,NULL,'CENTIMETERS',NULL,NULL,NULL,NULL,NULL,NULL,NULL,NULL,'CHECK_QUANTITY',_binary '\0',NULL,'product496',99999999,10.00000,NULL,NULL,NULL,NULL,NULL,NULL,'KILOGRAMS',NULL,1105,NULL),(1140,NULL,'2021-04-26 16:03:52',NULL,NULL,NULL,NULL,NULL,'CENTIMETERS',NULL,NULL,NULL,NULL,NULL,NULL,NULL,NULL,'CHECK_QUANTITY',_binary '\0',NULL,'product497',99999999,10.00000,NULL,NULL,NULL,NULL,NULL,NULL,'KILOGRAMS',NULL,1106,NULL),(1141,NULL,'2021-04-26 16:03:52',NULL,NULL,NULL,NULL,NULL,'CENTIMETERS',NULL,NULL,NULL,NULL,NULL,NULL,NULL,NULL,'CHECK_QUANTITY',_binary '\0',NULL,'product498',99999999,10.00000,NULL,NULL,NULL,NULL,NULL,NULL,'KILOGRAMS',NULL,1107,NULL),(1142,NULL,'2021-04-26 16:03:52',NULL,NULL,NULL,NULL,NULL,'CENTIMETERS',NULL,NULL,NULL,NULL,NULL,NULL,NULL,NULL,'CHECK_QUANTITY',_binary '\0',NULL,'product499',99999999,10.00000,NULL,NULL,NULL,NULL,NULL,NULL,'KILOGRAMS',NULL,1108,NULL),(1143,NULL,'2021-04-26 16:03:52',NULL,NULL,NULL,NULL,NULL,'CENTIMETERS',NULL,NULL,NULL,NULL,NULL,NULL,NULL,NULL,'CHECK_QUANTITY',_binary '\0',NULL,'product500',99999999,10.00000,NULL,NULL,NULL,NULL,NULL,NULL,'KILOGRAMS',NULL,1109,NULL),(1144,NULL,'2021-04-26 16:03:52',NULL,NULL,NULL,NULL,NULL,'CENTIMETERS',NULL,NULL,NULL,NULL,NULL,NULL,NULL,NULL,'CHECK_QUANTITY',_binary '\0',NULL,'product501',99999999,10.00000,NULL,NULL,NULL,NULL,NULL,NULL,'KILOGRAMS',NULL,1110,NULL),(1145,NULL,'2021-04-26 16:03:52',NULL,NULL,NULL,NULL,NULL,'CENTIMETERS',NULL,NULL,NULL,NULL,NULL,NULL,NULL,NULL,'CHECK_QUANTITY',_binary '\0',NULL,'product502',99999999,10.00000,NULL,NULL,NULL,NULL,NULL,NULL,'KILOGRAMS',NULL,1111,NULL),(1146,NULL,'2021-04-26 16:03:52',NULL,NULL,NULL,NULL,NULL,'CENTIMETERS',NULL,NULL,NULL,NULL,NULL,NULL,NULL,NULL,'CHECK_QUANTITY',_binary '\0',NULL,'product503',99999999,10.00000,NULL,NULL,NULL,NULL,NULL,NULL,'KILOGRAMS',NULL,1112,NULL),(1147,NULL,'2021-04-26 16:03:52',NULL,NULL,NULL,NULL,NULL,'CENTIMETERS',NULL,NULL,NULL,NULL,NULL,NULL,NULL,NULL,'CHECK_QUANTITY',_binary '\0',NULL,'product504',99999999,10.00000,NULL,NULL,NULL,NULL,NULL,NULL,'KILOGRAMS',NULL,1113,NULL),(1148,NULL,'2021-04-26 16:03:52',NULL,NULL,NULL,NULL,NULL,'CENTIMETERS',NULL,NULL,NULL,NULL,NULL,NULL,NULL,NULL,'CHECK_QUANTITY',_binary '\0',NULL,'product505',99999999,10.00000,NULL,NULL,NULL,NULL,NULL,NULL,'KILOGRAMS',NULL,1114,NULL),(1149,NULL,'2021-04-26 16:03:52',NULL,NULL,NULL,NULL,NULL,'CENTIMETERS',NULL,NULL,NULL,NULL,NULL,NULL,NULL,NULL,'CHECK_QUANTITY',_binary '\0',NULL,'product506',99999999,10.00000,NULL,NULL,NULL,NULL,NULL,NULL,'KILOGRAMS',NULL,1115,NULL),(1150,NULL,'2021-04-26 16:03:52',NULL,NULL,NULL,NULL,NULL,'CENTIMETERS',NULL,NULL,NULL,NULL,NULL,NULL,NULL,NULL,'CHECK_QUANTITY',_binary '\0',NULL,'product507',99999999,10.00000,NULL,NULL,NULL,NULL,NULL,NULL,'KILOGRAMS',NULL,1116,NULL),(1151,NULL,'2021-04-26 16:03:52',NULL,NULL,NULL,NULL,NULL,'CENTIMETERS',NULL,NULL,NULL,NULL,NULL,NULL,NULL,NULL,'CHECK_QUANTITY',_binary '\0',NULL,'product508',99999999,10.00000,NULL,NULL,NULL,NULL,NULL,NULL,'KILOGRAMS',NULL,1117,NULL),(1152,NULL,'2021-04-26 16:03:52',NULL,NULL,NULL,NULL,NULL,'CENTIMETERS',NULL,NULL,NULL,NULL,NULL,NULL,NULL,NULL,'CHECK_QUANTITY',_binary '\0',NULL,'product509',99999999,10.00000,NULL,NULL,NULL,NULL,NULL,NULL,'KILOGRAMS',NULL,1118,NULL),(1153,NULL,'2021-04-26 16:03:52',NULL,NULL,NULL,NULL,NULL,'CENTIMETERS',NULL,NULL,NULL,NULL,NULL,NULL,NULL,NULL,'CHECK_QUANTITY',_binary '\0',NULL,'product510',99999999,10.00000,NULL,NULL,NULL,NULL,NULL,NULL,'KILOGRAMS',NULL,1119,NULL),(1154,NULL,'2021-04-26 16:03:52',NULL,NULL,NULL,NULL,NULL,'CENTIMETERS',NULL,NULL,NULL,NULL,NULL,NULL,NULL,NULL,'CHECK_QUANTITY',_binary '\0',NULL,'product511',99999999,10.00000,NULL,NULL,NULL,NULL,NULL,NULL,'KILOGRAMS',NULL,1120,NULL),(1155,NULL,'2021-04-26 16:03:52',NULL,NULL,NULL,NULL,NULL,'CENTIMETERS',NULL,NULL,NULL,NULL,NULL,NULL,NULL,NULL,'CHECK_QUANTITY',_binary '\0',NULL,'product512',99999999,10.00000,NULL,NULL,NULL,NULL,NULL,NULL,'KILOGRAMS',NULL,1121,NULL),(1156,NULL,'2021-04-26 16:03:52',NULL,NULL,NULL,NULL,NULL,'CENTIMETERS',NULL,NULL,NULL,NULL,NULL,NULL,NULL,NULL,'CHECK_QUANTITY',_binary '\0',NULL,'product513',99999999,10.00000,NULL,NULL,NULL,NULL,NULL,NULL,'KILOGRAMS',NULL,1122,NULL),(1157,NULL,'2021-04-26 16:03:52',NULL,NULL,NULL,NULL,NULL,'CENTIMETERS',NULL,NULL,NULL,NULL,NULL,NULL,NULL,NULL,'CHECK_QUANTITY',_binary '\0',NULL,'product514',99999999,10.00000,NULL,NULL,NULL,NULL,NULL,NULL,'KILOGRAMS',NULL,1123,NULL),(1158,NULL,'2021-04-26 16:03:52',NULL,NULL,NULL,NULL,NULL,'CENTIMETERS',NULL,NULL,NULL,NULL,NULL,NULL,NULL,NULL,'CHECK_QUANTITY',_binary '\0',NULL,'product515',99999999,10.00000,NULL,NULL,NULL,NULL,NULL,NULL,'KILOGRAMS',NULL,1124,NULL),(1159,NULL,'2021-04-26 16:03:52',NULL,NULL,NULL,NULL,NULL,'CENTIMETERS',NULL,NULL,NULL,NULL,NULL,NULL,NULL,NULL,'CHECK_QUANTITY',_binary '\0',NULL,'product516',99999999,10.00000,NULL,NULL,NULL,NULL,NULL,NULL,'KILOGRAMS',NULL,1125,NULL),(1160,NULL,'2021-04-26 16:03:52',NULL,NULL,NULL,NULL,NULL,'CENTIMETERS',NULL,NULL,NULL,NULL,NULL,NULL,NULL,NULL,'CHECK_QUANTITY',_binary '\0',NULL,'product517',99999999,10.00000,NULL,NULL,NULL,NULL,NULL,NULL,'KILOGRAMS',NULL,1126,NULL),(1161,NULL,'2021-04-26 16:03:52',NULL,NULL,NULL,NULL,NULL,'CENTIMETERS',NULL,NULL,NULL,NULL,NULL,NULL,NULL,NULL,'CHECK_QUANTITY',_binary '\0',NULL,'product518',99999999,10.00000,NULL,NULL,NULL,NULL,NULL,NULL,'KILOGRAMS',NULL,1127,NULL),(1162,NULL,'2021-04-26 16:03:52',NULL,NULL,NULL,NULL,NULL,'CENTIMETERS',NULL,NULL,NULL,NULL,NULL,NULL,NULL,NULL,'CHECK_QUANTITY',_binary '\0',NULL,'product519',99999999,10.00000,NULL,NULL,NULL,NULL,NULL,NULL,'KILOGRAMS',NULL,1128,NULL),(1163,NULL,'2021-04-26 16:03:52',NULL,NULL,NULL,NULL,NULL,'CENTIMETERS',NULL,NULL,NULL,NULL,NULL,NULL,NULL,NULL,'CHECK_QUANTITY',_binary '\0',NULL,'product520',99999999,10.00000,NULL,NULL,NULL,NULL,NULL,NULL,'KILOGRAMS',NULL,1129,NULL),(1164,NULL,'2021-04-26 16:03:52',NULL,NULL,NULL,NULL,NULL,'CENTIMETERS',NULL,NULL,NULL,NULL,NULL,NULL,NULL,NULL,'CHECK_QUANTITY',_binary '\0',NULL,'product521',99999999,10.00000,NULL,NULL,NULL,NULL,NULL,NULL,'KILOGRAMS',NULL,1130,NULL),(1165,NULL,'2021-04-26 16:03:52',NULL,NULL,NULL,NULL,NULL,'CENTIMETERS',NULL,NULL,NULL,NULL,NULL,NULL,NULL,NULL,'CHECK_QUANTITY',_binary '\0',NULL,'product522',99999999,10.00000,NULL,NULL,NULL,NULL,NULL,NULL,'KILOGRAMS',NULL,1131,NULL),(1166,NULL,'2021-04-26 16:03:52',NULL,NULL,NULL,NULL,NULL,'CENTIMETERS',NULL,NULL,NULL,NULL,NULL,NULL,NULL,NULL,'CHECK_QUANTITY',_binary '\0',NULL,'product523',99999999,10.00000,NULL,NULL,NULL,NULL,NULL,NULL,'KILOGRAMS',NULL,1132,NULL),(1167,NULL,'2021-04-26 16:03:52',NULL,NULL,NULL,NULL,NULL,'CENTIMETERS',NULL,NULL,NULL,NULL,NULL,NULL,NULL,NULL,'CHECK_QUANTITY',_binary '\0',NULL,'product524',99999999,10.00000,NULL,NULL,NULL,NULL,NULL,NULL,'KILOGRAMS',NULL,1133,NULL),(1168,NULL,'2021-04-26 16:03:52',NULL,NULL,NULL,NULL,NULL,'CENTIMETERS',NULL,NULL,NULL,NULL,NULL,NULL,NULL,NULL,'CHECK_QUANTITY',_binary '\0',NULL,'product525',99999999,10.00000,NULL,NULL,NULL,NULL,NULL,NULL,'KILOGRAMS',NULL,1134,NULL),(1169,NULL,'2021-04-26 16:03:52',NULL,NULL,NULL,NULL,NULL,'CENTIMETERS',NULL,NULL,NULL,NULL,NULL,NULL,NULL,NULL,'CHECK_QUANTITY',_binary '\0',NULL,'product526',99999999,10.00000,NULL,NULL,NULL,NULL,NULL,NULL,'KILOGRAMS',NULL,1135,NULL),(1170,NULL,'2021-04-26 16:03:52',NULL,NULL,NULL,NULL,NULL,'CENTIMETERS',NULL,NULL,NULL,NULL,NULL,NULL,NULL,NULL,'CHECK_QUANTITY',_binary '\0',NULL,'product527',99999999,10.00000,NULL,NULL,NULL,NULL,NULL,NULL,'KILOGRAMS',NULL,1136,NULL),(1171,NULL,'2021-04-26 16:03:52',NULL,NULL,NULL,NULL,NULL,'CENTIMETERS',NULL,NULL,NULL,NULL,NULL,NULL,NULL,NULL,'CHECK_QUANTITY',_binary '\0',NULL,'product528',99999999,10.00000,NULL,NULL,NULL,NULL,NULL,NULL,'KILOGRAMS',NULL,1137,NULL),(1172,NULL,'2021-04-26 16:03:52',NULL,NULL,NULL,NULL,NULL,'CENTIMETERS',NULL,NULL,NULL,NULL,NULL,NULL,NULL,NULL,'CHECK_QUANTITY',_binary '\0',NULL,'product529',99999999,10.00000,NULL,NULL,NULL,NULL,NULL,NULL,'KILOGRAMS',NULL,1138,NULL),(1173,NULL,'2021-04-26 16:03:52',NULL,NULL,NULL,NULL,NULL,'CENTIMETERS',NULL,NULL,NULL,NULL,NULL,NULL,NULL,NULL,'CHECK_QUANTITY',_binary '\0',NULL,'product530',99999999,10.00000,NULL,NULL,NULL,NULL,NULL,NULL,'KILOGRAMS',NULL,1139,NULL),(1174,NULL,'2021-04-26 16:03:52',NULL,NULL,NULL,NULL,NULL,'CENTIMETERS',NULL,NULL,NULL,NULL,NULL,NULL,NULL,NULL,'CHECK_QUANTITY',_binary '\0',NULL,'product531',99999999,10.00000,NULL,NULL,NULL,NULL,NULL,NULL,'KILOGRAMS',NULL,1140,NULL),(1175,NULL,'2021-04-26 16:03:52',NULL,NULL,NULL,NULL,NULL,'CENTIMETERS',NULL,NULL,NULL,NULL,NULL,NULL,NULL,NULL,'CHECK_QUANTITY',_binary '\0',NULL,'product532',99999999,10.00000,NULL,NULL,NULL,NULL,NULL,NULL,'KILOGRAMS',NULL,1141,NULL),(1176,NULL,'2021-04-26 16:03:52',NULL,NULL,NULL,NULL,NULL,'CENTIMETERS',NULL,NULL,NULL,NULL,NULL,NULL,NULL,NULL,'CHECK_QUANTITY',_binary '\0',NULL,'product533',99999999,10.00000,NULL,NULL,NULL,NULL,NULL,NULL,'KILOGRAMS',NULL,1142,NULL),(1177,NULL,'2021-04-26 16:03:52',NULL,NULL,NULL,NULL,NULL,'CENTIMETERS',NULL,NULL,NULL,NULL,NULL,NULL,NULL,NULL,'CHECK_QUANTITY',_binary '\0',NULL,'product534',99999999,10.00000,NULL,NULL,NULL,NULL,NULL,NULL,'KILOGRAMS',NULL,1143,NULL),(1178,NULL,'2021-04-26 16:03:52',NULL,NULL,NULL,NULL,NULL,'CENTIMETERS',NULL,NULL,NULL,NULL,NULL,NULL,NULL,NULL,'CHECK_QUANTITY',_binary '\0',NULL,'product535',99999999,10.00000,NULL,NULL,NULL,NULL,NULL,NULL,'KILOGRAMS',NULL,1144,NULL),(1179,NULL,'2021-04-26 16:03:52',NULL,NULL,NULL,NULL,NULL,'CENTIMETERS',NULL,NULL,NULL,NULL,NULL,NULL,NULL,NULL,'CHECK_QUANTITY',_binary '\0',NULL,'product536',99999999,10.00000,NULL,NULL,NULL,NULL,NULL,NULL,'KILOGRAMS',NULL,1145,NULL),(1180,NULL,'2021-04-26 16:03:52',NULL,NULL,NULL,NULL,NULL,'CENTIMETERS',NULL,NULL,NULL,NULL,NULL,NULL,NULL,NULL,'CHECK_QUANTITY',_binary '\0',NULL,'product537',99999999,10.00000,NULL,NULL,NULL,NULL,NULL,NULL,'KILOGRAMS',NULL,1146,NULL),(1181,NULL,'2021-04-26 16:03:52',NULL,NULL,NULL,NULL,NULL,'CENTIMETERS',NULL,NULL,NULL,NULL,NULL,NULL,NULL,NULL,'CHECK_QUANTITY',_binary '\0',NULL,'product538',99999999,10.00000,NULL,NULL,NULL,NULL,NULL,NULL,'KILOGRAMS',NULL,1147,NULL),(1182,NULL,'2021-04-26 16:03:52',NULL,NULL,NULL,NULL,NULL,'CENTIMETERS',NULL,NULL,NULL,NULL,NULL,NULL,NULL,NULL,'CHECK_QUANTITY',_binary '\0',NULL,'product539',99999999,10.00000,NULL,NULL,NULL,NULL,NULL,NULL,'KILOGRAMS',NULL,1148,NULL),(1183,NULL,'2021-04-26 16:03:52',NULL,NULL,NULL,NULL,NULL,'CENTIMETERS',NULL,NULL,NULL,NULL,NULL,NULL,NULL,NULL,'CHECK_QUANTITY',_binary '\0',NULL,'product540',99999999,10.00000,NULL,NULL,NULL,NULL,NULL,NULL,'KILOGRAMS',NULL,1149,NULL),(1184,NULL,'2021-04-26 16:03:52',NULL,NULL,NULL,NULL,NULL,'CENTIMETERS',NULL,NULL,NULL,NULL,NULL,NULL,NULL,NULL,'CHECK_QUANTITY',_binary '\0',NULL,'product541',99999999,10.00000,NULL,NULL,NULL,NULL,NULL,NULL,'KILOGRAMS',NULL,1150,NULL),(1185,NULL,'2021-04-26 16:03:52',NULL,NULL,NULL,NULL,NULL,'CENTIMETERS',NULL,NULL,NULL,NULL,NULL,NULL,NULL,NULL,'CHECK_QUANTITY',_binary '\0',NULL,'product542',99999999,10.00000,NULL,NULL,NULL,NULL,NULL,NULL,'KILOGRAMS',NULL,1151,NULL),(1186,NULL,'2021-04-26 16:03:52',NULL,NULL,NULL,NULL,NULL,'CENTIMETERS',NULL,NULL,NULL,NULL,NULL,NULL,NULL,NULL,'CHECK_QUANTITY',_binary '\0',NULL,'product543',99999999,10.00000,NULL,NULL,NULL,NULL,NULL,NULL,'KILOGRAMS',NULL,1152,NULL),(1187,NULL,'2021-04-26 16:03:52',NULL,NULL,NULL,NULL,NULL,'CENTIMETERS',NULL,NULL,NULL,NULL,NULL,NULL,NULL,NULL,'CHECK_QUANTITY',_binary '\0',NULL,'product544',99999999,10.00000,NULL,NULL,NULL,NULL,NULL,NULL,'KILOGRAMS',NULL,1153,NULL),(1188,NULL,'2021-04-26 16:03:52',NULL,NULL,NULL,NULL,NULL,'CENTIMETERS',NULL,NULL,NULL,NULL,NULL,NULL,NULL,NULL,'CHECK_QUANTITY',_binary '\0',NULL,'product545',99999999,10.00000,NULL,NULL,NULL,NULL,NULL,NULL,'KILOGRAMS',NULL,1154,NULL),(1189,NULL,'2021-04-26 16:03:52',NULL,NULL,NULL,NULL,NULL,'CENTIMETERS',NULL,NULL,NULL,NULL,NULL,NULL,NULL,NULL,'CHECK_QUANTITY',_binary '\0',NULL,'product546',99999999,10.00000,NULL,NULL,NULL,NULL,NULL,NULL,'KILOGRAMS',NULL,1155,NULL),(1190,NULL,'2021-04-26 16:03:52',NULL,NULL,NULL,NULL,NULL,'CENTIMETERS',NULL,NULL,NULL,NULL,NULL,NULL,NULL,NULL,'CHECK_QUANTITY',_binary '\0',NULL,'product547',99999999,10.00000,NULL,NULL,NULL,NULL,NULL,NULL,'KILOGRAMS',NULL,1156,NULL),(1191,NULL,'2021-04-26 16:03:52',NULL,NULL,NULL,NULL,NULL,'CENTIMETERS',NULL,NULL,NULL,NULL,NULL,NULL,NULL,NULL,'CHECK_QUANTITY',_binary '\0',NULL,'product548',99999999,10.00000,NULL,NULL,NULL,NULL,NULL,NULL,'KILOGRAMS',NULL,1157,NULL),(1192,NULL,'2021-04-26 16:03:52',NULL,NULL,NULL,NULL,NULL,'CENTIMETERS',NULL,NULL,NULL,NULL,NULL,NULL,NULL,NULL,'CHECK_QUANTITY',_binary '\0',NULL,'product549',99999999,10.00000,NULL,NULL,NULL,NULL,NULL,NULL,'KILOGRAMS',NULL,1158,NULL),(1193,NULL,'2021-04-26 16:03:52',NULL,NULL,NULL,NULL,NULL,'CENTIMETERS',NULL,NULL,NULL,NULL,NULL,NULL,NULL,NULL,'CHECK_QUANTITY',_binary '\0',NULL,'product550',99999999,10.00000,NULL,NULL,NULL,NULL,NULL,NULL,'KILOGRAMS',NULL,1159,NULL),(1194,NULL,'2021-04-26 16:03:52',NULL,NULL,NULL,NULL,NULL,'CENTIMETERS',NULL,NULL,NULL,NULL,NULL,NULL,NULL,NULL,'CHECK_QUANTITY',_binary '\0',NULL,'product551',99999999,10.00000,NULL,NULL,NULL,NULL,NULL,NULL,'KILOGRAMS',NULL,1160,NULL),(1195,NULL,'2021-04-26 16:03:52',NULL,NULL,NULL,NULL,NULL,'CENTIMETERS',NULL,NULL,NULL,NULL,NULL,NULL,NULL,NULL,'CHECK_QUANTITY',_binary '\0',NULL,'product552',99999999,10.00000,NULL,NULL,NULL,NULL,NULL,NULL,'KILOGRAMS',NULL,1161,NULL),(1196,NULL,'2021-04-26 16:03:52',NULL,NULL,NULL,NULL,NULL,'CENTIMETERS',NULL,NULL,NULL,NULL,NULL,NULL,NULL,NULL,'CHECK_QUANTITY',_binary '\0',NULL,'product553',99999999,10.00000,NULL,NULL,NULL,NULL,NULL,NULL,'KILOGRAMS',NULL,1162,NULL),(1197,NULL,'2021-04-26 16:03:52',NULL,NULL,NULL,NULL,NULL,'CENTIMETERS',NULL,NULL,NULL,NULL,NULL,NULL,NULL,NULL,'CHECK_QUANTITY',_binary '\0',NULL,'product554',99999999,10.00000,NULL,NULL,NULL,NULL,NULL,NULL,'KILOGRAMS',NULL,1163,NULL),(1198,NULL,'2021-04-26 16:03:52',NULL,NULL,NULL,NULL,NULL,'CENTIMETERS',NULL,NULL,NULL,NULL,NULL,NULL,NULL,NULL,'CHECK_QUANTITY',_binary '\0',NULL,'product555',99999999,10.00000,NULL,NULL,NULL,NULL,NULL,NULL,'KILOGRAMS',NULL,1164,NULL),(1199,NULL,'2021-04-26 16:03:52',NULL,NULL,NULL,NULL,NULL,'CENTIMETERS',NULL,NULL,NULL,NULL,NULL,NULL,NULL,NULL,'CHECK_QUANTITY',_binary '\0',NULL,'product556',99999999,10.00000,NULL,NULL,NULL,NULL,NULL,NULL,'KILOGRAMS',NULL,1165,NULL),(1200,NULL,'2021-04-26 16:03:52',NULL,NULL,NULL,NULL,NULL,'CENTIMETERS',NULL,NULL,NULL,NULL,NULL,NULL,NULL,NULL,'CHECK_QUANTITY',_binary '\0',NULL,'product557',99999999,10.00000,NULL,NULL,NULL,NULL,NULL,NULL,'KILOGRAMS',NULL,1166,NULL),(1201,NULL,'2021-04-26 16:03:52',NULL,NULL,NULL,NULL,NULL,'CENTIMETERS',NULL,NULL,NULL,NULL,NULL,NULL,NULL,NULL,'CHECK_QUANTITY',_binary '\0',NULL,'product558',99999999,10.00000,NULL,NULL,NULL,NULL,NULL,NULL,'KILOGRAMS',NULL,1167,NULL),(1202,NULL,'2021-04-26 16:03:52',NULL,NULL,NULL,NULL,NULL,'CENTIMETERS',NULL,NULL,NULL,NULL,NULL,NULL,NULL,NULL,'CHECK_QUANTITY',_binary '\0',NULL,'product559',99999999,10.00000,NULL,NULL,NULL,NULL,NULL,NULL,'KILOGRAMS',NULL,1168,NULL),(1203,NULL,'2021-04-26 16:03:52',NULL,NULL,NULL,NULL,NULL,'CENTIMETERS',NULL,NULL,NULL,NULL,NULL,NULL,NULL,NULL,'CHECK_QUANTITY',_binary '\0',NULL,'product560',99999999,10.00000,NULL,NULL,NULL,NULL,NULL,NULL,'KILOGRAMS',NULL,1169,NULL),(1204,NULL,'2021-04-26 16:03:52',NULL,NULL,NULL,NULL,NULL,'CENTIMETERS',NULL,NULL,NULL,NULL,NULL,NULL,NULL,NULL,'CHECK_QUANTITY',_binary '\0',NULL,'product561',99999999,10.00000,NULL,NULL,NULL,NULL,NULL,NULL,'KILOGRAMS',NULL,1170,NULL),(1205,NULL,'2021-04-26 16:03:52',NULL,NULL,NULL,NULL,NULL,'CENTIMETERS',NULL,NULL,NULL,NULL,NULL,NULL,NULL,NULL,'CHECK_QUANTITY',_binary '\0',NULL,'product562',99999999,10.00000,NULL,NULL,NULL,NULL,NULL,NULL,'KILOGRAMS',NULL,1171,NULL),(1206,NULL,'2021-04-26 16:03:52',NULL,NULL,NULL,NULL,NULL,'CENTIMETERS',NULL,NULL,NULL,NULL,NULL,NULL,NULL,NULL,'CHECK_QUANTITY',_binary '\0',NULL,'product563',99999999,10.00000,NULL,NULL,NULL,NULL,NULL,NULL,'KILOGRAMS',NULL,1172,NULL),(1207,NULL,'2021-04-26 16:03:52',NULL,NULL,NULL,NULL,NULL,'CENTIMETERS',NULL,NULL,NULL,NULL,NULL,NULL,NULL,NULL,'CHECK_QUANTITY',_binary '\0',NULL,'product564',99999999,10.00000,NULL,NULL,NULL,NULL,NULL,NULL,'KILOGRAMS',NULL,1173,NULL),(1208,NULL,'2021-04-26 16:03:52',NULL,NULL,NULL,NULL,NULL,'CENTIMETERS',NULL,NULL,NULL,NULL,NULL,NULL,NULL,NULL,'CHECK_QUANTITY',_binary '\0',NULL,'product565',99999999,10.00000,NULL,NULL,NULL,NULL,NULL,NULL,'KILOGRAMS',NULL,1174,NULL),(1209,NULL,'2021-04-26 16:03:52',NULL,NULL,NULL,NULL,NULL,'CENTIMETERS',NULL,NULL,NULL,NULL,NULL,NULL,NULL,NULL,'CHECK_QUANTITY',_binary '\0',NULL,'product566',99999999,10.00000,NULL,NULL,NULL,NULL,NULL,NULL,'KILOGRAMS',NULL,1175,NULL),(1210,NULL,'2021-04-26 16:03:52',NULL,NULL,NULL,NULL,NULL,'CENTIMETERS',NULL,NULL,NULL,NULL,NULL,NULL,NULL,NULL,'CHECK_QUANTITY',_binary '\0',NULL,'product567',99999999,10.00000,NULL,NULL,NULL,NULL,NULL,NULL,'KILOGRAMS',NULL,1176,NULL),(1211,NULL,'2021-04-26 16:03:52',NULL,NULL,NULL,NULL,NULL,'CENTIMETERS',NULL,NULL,NULL,NULL,NULL,NULL,NULL,NULL,'CHECK_QUANTITY',_binary '\0',NULL,'product568',99999999,10.00000,NULL,NULL,NULL,NULL,NULL,NULL,'KILOGRAMS',NULL,1177,NULL),(1212,NULL,'2021-04-26 16:03:52',NULL,NULL,NULL,NULL,NULL,'CENTIMETERS',NULL,NULL,NULL,NULL,NULL,NULL,NULL,NULL,'CHECK_QUANTITY',_binary '\0',NULL,'product569',99999999,10.00000,NULL,NULL,NULL,NULL,NULL,NULL,'KILOGRAMS',NULL,1178,NULL),(1213,NULL,'2021-04-26 16:03:52',NULL,NULL,NULL,NULL,NULL,'CENTIMETERS',NULL,NULL,NULL,NULL,NULL,NULL,NULL,NULL,'CHECK_QUANTITY',_binary '\0',NULL,'product570',99999999,10.00000,NULL,NULL,NULL,NULL,NULL,NULL,'KILOGRAMS',NULL,1179,NULL),(1214,NULL,'2021-04-26 16:03:52',NULL,NULL,NULL,NULL,NULL,'CENTIMETERS',NULL,NULL,NULL,NULL,NULL,NULL,NULL,NULL,'CHECK_QUANTITY',_binary '\0',NULL,'product571',99999999,10.00000,NULL,NULL,NULL,NULL,NULL,NULL,'KILOGRAMS',NULL,1180,NULL),(1215,NULL,'2021-04-26 16:03:52',NULL,NULL,NULL,NULL,NULL,'CENTIMETERS',NULL,NULL,NULL,NULL,NULL,NULL,NULL,NULL,'CHECK_QUANTITY',_binary '\0',NULL,'product572',99999999,10.00000,NULL,NULL,NULL,NULL,NULL,NULL,'KILOGRAMS',NULL,1181,NULL),(1216,NULL,'2021-04-26 16:03:52',NULL,NULL,NULL,NULL,NULL,'CENTIMETERS',NULL,NULL,NULL,NULL,NULL,NULL,NULL,NULL,'CHECK_QUANTITY',_binary '\0',NULL,'product573',99999999,10.00000,NULL,NULL,NULL,NULL,NULL,NULL,'KILOGRAMS',NULL,1182,NULL),(1217,NULL,'2021-04-26 16:03:52',NULL,NULL,NULL,NULL,NULL,'CENTIMETERS',NULL,NULL,NULL,NULL,NULL,NULL,NULL,NULL,'CHECK_QUANTITY',_binary '\0',NULL,'product574',99999999,10.00000,NULL,NULL,NULL,NULL,NULL,NULL,'KILOGRAMS',NULL,1183,NULL),(1218,NULL,'2021-04-26 16:03:52',NULL,NULL,NULL,NULL,NULL,'CENTIMETERS',NULL,NULL,NULL,NULL,NULL,NULL,NULL,NULL,'CHECK_QUANTITY',_binary '\0',NULL,'product575',99999999,10.00000,NULL,NULL,NULL,NULL,NULL,NULL,'KILOGRAMS',NULL,1184,NULL),(1219,NULL,'2021-04-26 16:03:52',NULL,NULL,NULL,NULL,NULL,'CENTIMETERS',NULL,NULL,NULL,NULL,NULL,NULL,NULL,NULL,'CHECK_QUANTITY',_binary '\0',NULL,'product576',99999999,10.00000,NULL,NULL,NULL,NULL,NULL,NULL,'KILOGRAMS',NULL,1185,NULL),(1220,NULL,'2021-04-26 16:03:52',NULL,NULL,NULL,NULL,NULL,'CENTIMETERS',NULL,NULL,NULL,NULL,NULL,NULL,NULL,NULL,'CHECK_QUANTITY',_binary '\0',NULL,'product577',99999999,10.00000,NULL,NULL,NULL,NULL,NULL,NULL,'KILOGRAMS',NULL,1186,NULL),(1221,NULL,'2021-04-26 16:03:52',NULL,NULL,NULL,NULL,NULL,'CENTIMETERS',NULL,NULL,NULL,NULL,NULL,NULL,NULL,NULL,'CHECK_QUANTITY',_binary '\0',NULL,'product578',99999999,10.00000,NULL,NULL,NULL,NULL,NULL,NULL,'KILOGRAMS',NULL,1187,NULL),(1222,NULL,'2021-04-26 16:03:52',NULL,NULL,NULL,NULL,NULL,'CENTIMETERS',NULL,NULL,NULL,NULL,NULL,NULL,NULL,NULL,'CHECK_QUANTITY',_binary '\0',NULL,'product579',99999999,10.00000,NULL,NULL,NULL,NULL,NULL,NULL,'KILOGRAMS',NULL,1188,NULL),(1223,NULL,'2021-04-26 16:03:52',NULL,NULL,NULL,NULL,NULL,'CENTIMETERS',NULL,NULL,NULL,NULL,NULL,NULL,NULL,NULL,'CHECK_QUANTITY',_binary '\0',NULL,'product580',99999999,10.00000,NULL,NULL,NULL,NULL,NULL,NULL,'KILOGRAMS',NULL,1189,NULL),(1224,NULL,'2021-04-26 16:03:52',NULL,NULL,NULL,NULL,NULL,'CENTIMETERS',NULL,NULL,NULL,NULL,NULL,NULL,NULL,NULL,'CHECK_QUANTITY',_binary '\0',NULL,'product581',99999999,10.00000,NULL,NULL,NULL,NULL,NULL,NULL,'KILOGRAMS',NULL,1190,NULL),(1225,NULL,'2021-04-26 16:03:52',NULL,NULL,NULL,NULL,NULL,'CENTIMETERS',NULL,NULL,NULL,NULL,NULL,NULL,NULL,NULL,'CHECK_QUANTITY',_binary '\0',NULL,'product582',99999999,10.00000,NULL,NULL,NULL,NULL,NULL,NULL,'KILOGRAMS',NULL,1191,NULL),(1226,NULL,'2021-04-26 16:03:52',NULL,NULL,NULL,NULL,NULL,'CENTIMETERS',NULL,NULL,NULL,NULL,NULL,NULL,NULL,NULL,'CHECK_QUANTITY',_binary '\0',NULL,'product583',99999999,10.00000,NULL,NULL,NULL,NULL,NULL,NULL,'KILOGRAMS',NULL,1192,NULL),(1227,NULL,'2021-04-26 16:03:52',NULL,NULL,NULL,NULL,NULL,'CENTIMETERS',NULL,NULL,NULL,NULL,NULL,NULL,NULL,NULL,'CHECK_QUANTITY',_binary '\0',NULL,'product584',99999999,10.00000,NULL,NULL,NULL,NULL,NULL,NULL,'KILOGRAMS',NULL,1193,NULL),(1228,NULL,'2021-04-26 16:03:52',NULL,NULL,NULL,NULL,NULL,'CENTIMETERS',NULL,NULL,NULL,NULL,NULL,NULL,NULL,NULL,'CHECK_QUANTITY',_binary '\0',NULL,'product585',99999999,10.00000,NULL,NULL,NULL,NULL,NULL,NULL,'KILOGRAMS',NULL,1194,NULL),(1229,NULL,'2021-04-26 16:03:52',NULL,NULL,NULL,NULL,NULL,'CENTIMETERS',NULL,NULL,NULL,NULL,NULL,NULL,NULL,NULL,'CHECK_QUANTITY',_binary '\0',NULL,'product586',99999999,10.00000,NULL,NULL,NULL,NULL,NULL,NULL,'KILOGRAMS',NULL,1195,NULL),(1230,NULL,'2021-04-26 16:03:52',NULL,NULL,NULL,NULL,NULL,'CENTIMETERS',NULL,NULL,NULL,NULL,NULL,NULL,NULL,NULL,'CHECK_QUANTITY',_binary '\0',NULL,'product587',99999999,10.00000,NULL,NULL,NULL,NULL,NULL,NULL,'KILOGRAMS',NULL,1196,NULL),(1231,NULL,'2021-04-26 16:03:52',NULL,NULL,NULL,NULL,NULL,'CENTIMETERS',NULL,NULL,NULL,NULL,NULL,NULL,NULL,NULL,'CHECK_QUANTITY',_binary '\0',NULL,'product588',99999999,10.00000,NULL,NULL,NULL,NULL,NULL,NULL,'KILOGRAMS',NULL,1197,NULL),(1232,NULL,'2021-04-26 16:03:52',NULL,NULL,NULL,NULL,NULL,'CENTIMETERS',NULL,NULL,NULL,NULL,NULL,NULL,NULL,NULL,'CHECK_QUANTITY',_binary '\0',NULL,'product589',99999999,10.00000,NULL,NULL,NULL,NULL,NULL,NULL,'KILOGRAMS',NULL,1198,NULL),(1233,NULL,'2021-04-26 16:03:52',NULL,NULL,NULL,NULL,NULL,'CENTIMETERS',NULL,NULL,NULL,NULL,NULL,NULL,NULL,NULL,'CHECK_QUANTITY',_binary '\0',NULL,'product590',99999999,10.00000,NULL,NULL,NULL,NULL,NULL,NULL,'KILOGRAMS',NULL,1199,NULL),(1234,NULL,'2021-04-26 16:03:52',NULL,NULL,NULL,NULL,NULL,'CENTIMETERS',NULL,NULL,NULL,NULL,NULL,NULL,NULL,NULL,'CHECK_QUANTITY',_binary '\0',NULL,'product591',99999999,10.00000,NULL,NULL,NULL,NULL,NULL,NULL,'KILOGRAMS',NULL,1200,NULL),(1235,NULL,'2021-04-26 16:03:52',NULL,NULL,NULL,NULL,NULL,'CENTIMETERS',NULL,NULL,NULL,NULL,NULL,NULL,NULL,NULL,'CHECK_QUANTITY',_binary '\0',NULL,'product592',99999999,10.00000,NULL,NULL,NULL,NULL,NULL,NULL,'KILOGRAMS',NULL,1201,NULL),(1236,NULL,'2021-04-26 16:03:52',NULL,NULL,NULL,NULL,NULL,'CENTIMETERS',NULL,NULL,NULL,NULL,NULL,NULL,NULL,NULL,'CHECK_QUANTITY',_binary '\0',NULL,'product593',99999999,10.00000,NULL,NULL,NULL,NULL,NULL,NULL,'KILOGRAMS',NULL,1202,NULL),(1237,NULL,'2021-04-26 16:03:52',NULL,NULL,NULL,NULL,NULL,'CENTIMETERS',NULL,NULL,NULL,NULL,NULL,NULL,NULL,NULL,'CHECK_QUANTITY',_binary '\0',NULL,'product594',99999999,10.00000,NULL,NULL,NULL,NULL,NULL,NULL,'KILOGRAMS',NULL,1203,NULL),(1238,NULL,'2021-04-26 16:03:52',NULL,NULL,NULL,NULL,NULL,'CENTIMETERS',NULL,NULL,NULL,NULL,NULL,NULL,NULL,NULL,'CHECK_QUANTITY',_binary '\0',NULL,'product595',99999999,10.00000,NULL,NULL,NULL,NULL,NULL,NULL,'KILOGRAMS',NULL,1204,NULL),(1239,NULL,'2021-04-26 16:03:52',NULL,NULL,NULL,NULL,NULL,'CENTIMETERS',NULL,NULL,NULL,NULL,NULL,NULL,NULL,NULL,'CHECK_QUANTITY',_binary '\0',NULL,'product596',99999999,10.00000,NULL,NULL,NULL,NULL,NULL,NULL,'KILOGRAMS',NULL,1205,NULL),(1240,NULL,'2021-04-26 16:03:52',NULL,NULL,NULL,NULL,NULL,'CENTIMETERS',NULL,NULL,NULL,NULL,NULL,NULL,NULL,NULL,'CHECK_QUANTITY',_binary '\0',NULL,'product597',99999999,10.00000,NULL,NULL,NULL,NULL,NULL,NULL,'KILOGRAMS',NULL,1206,NULL),(1241,NULL,'2021-04-26 16:03:52',NULL,NULL,NULL,NULL,NULL,'CENTIMETERS',NULL,NULL,NULL,NULL,NULL,NULL,NULL,NULL,'CHECK_QUANTITY',_binary '\0',NULL,'product598',99999999,10.00000,NULL,NULL,NULL,NULL,NULL,NULL,'KILOGRAMS',NULL,1207,NULL),(1242,NULL,'2021-04-26 16:03:52',NULL,NULL,NULL,NULL,NULL,'CENTIMETERS',NULL,NULL,NULL,NULL,NULL,NULL,NULL,NULL,'CHECK_QUANTITY',_binary '\0',NULL,'product599',99999999,10.00000,NULL,NULL,NULL,NULL,NULL,NULL,'KILOGRAMS',NULL,1208,NULL),(1243,NULL,'2021-04-26 16:03:52',NULL,NULL,NULL,NULL,NULL,'CENTIMETERS',NULL,NULL,NULL,NULL,NULL,NULL,NULL,NULL,'CHECK_QUANTITY',_binary '\0',NULL,'product600',99999999,10.00000,NULL,NULL,NULL,NULL,NULL,NULL,'KILOGRAMS',NULL,1209,NULL),(1244,NULL,'2021-04-26 16:03:52',NULL,NULL,NULL,NULL,NULL,'CENTIMETERS',NULL,NULL,NULL,NULL,NULL,NULL,NULL,NULL,'CHECK_QUANTITY',_binary '\0',NULL,'product601',99999999,10.00000,NULL,NULL,NULL,NULL,NULL,NULL,'KILOGRAMS',NULL,1210,NULL),(1245,NULL,'2021-04-26 16:03:52',NULL,NULL,NULL,NULL,NULL,'CENTIMETERS',NULL,NULL,NULL,NULL,NULL,NULL,NULL,NULL,'CHECK_QUANTITY',_binary '\0',NULL,'product602',99999999,10.00000,NULL,NULL,NULL,NULL,NULL,NULL,'KILOGRAMS',NULL,1211,NULL),(1246,NULL,'2021-04-26 16:03:52',NULL,NULL,NULL,NULL,NULL,'CENTIMETERS',NULL,NULL,NULL,NULL,NULL,NULL,NULL,NULL,'CHECK_QUANTITY',_binary '\0',NULL,'product603',99999999,10.00000,NULL,NULL,NULL,NULL,NULL,NULL,'KILOGRAMS',NULL,1212,NULL),(1247,NULL,'2021-04-26 16:03:52',NULL,NULL,NULL,NULL,NULL,'CENTIMETERS',NULL,NULL,NULL,NULL,NULL,NULL,NULL,NULL,'CHECK_QUANTITY',_binary '\0',NULL,'product604',99999999,10.00000,NULL,NULL,NULL,NULL,NULL,NULL,'KILOGRAMS',NULL,1213,NULL),(1248,NULL,'2021-04-26 16:03:52',NULL,NULL,NULL,NULL,NULL,'CENTIMETERS',NULL,NULL,NULL,NULL,NULL,NULL,NULL,NULL,'CHECK_QUANTITY',_binary '\0',NULL,'product605',99999999,10.00000,NULL,NULL,NULL,NULL,NULL,NULL,'KILOGRAMS',NULL,1214,NULL),(1249,NULL,'2021-04-26 16:03:52',NULL,NULL,NULL,NULL,NULL,'CENTIMETERS',NULL,NULL,NULL,NULL,NULL,NULL,NULL,NULL,'CHECK_QUANTITY',_binary '\0',NULL,'product606',99999999,10.00000,NULL,NULL,NULL,NULL,NULL,NULL,'KILOGRAMS',NULL,1215,NULL),(1250,NULL,'2021-04-26 16:03:52',NULL,NULL,NULL,NULL,NULL,'CENTIMETERS',NULL,NULL,NULL,NULL,NULL,NULL,NULL,NULL,'CHECK_QUANTITY',_binary '\0',NULL,'product607',99999999,10.00000,NULL,NULL,NULL,NULL,NULL,NULL,'KILOGRAMS',NULL,1216,NULL),(1251,NULL,'2021-04-26 16:03:52',NULL,NULL,NULL,NULL,NULL,'CENTIMETERS',NULL,NULL,NULL,NULL,NULL,NULL,NULL,NULL,'CHECK_QUANTITY',_binary '\0',NULL,'product608',99999999,10.00000,NULL,NULL,NULL,NULL,NULL,NULL,'KILOGRAMS',NULL,1217,NULL),(1252,NULL,'2021-04-26 16:03:52',NULL,NULL,NULL,NULL,NULL,'CENTIMETERS',NULL,NULL,NULL,NULL,NULL,NULL,NULL,NULL,'CHECK_QUANTITY',_binary '\0',NULL,'product609',99999999,10.00000,NULL,NULL,NULL,NULL,NULL,NULL,'KILOGRAMS',NULL,1218,NULL),(1253,NULL,'2021-04-26 16:03:52',NULL,NULL,NULL,NULL,NULL,'CENTIMETERS',NULL,NULL,NULL,NULL,NULL,NULL,NULL,NULL,'CHECK_QUANTITY',_binary '\0',NULL,'product610',99999999,10.00000,NULL,NULL,NULL,NULL,NULL,NULL,'KILOGRAMS',NULL,1219,NULL),(1254,NULL,'2021-04-26 16:03:52',NULL,NULL,NULL,NULL,NULL,'CENTIMETERS',NULL,NULL,NULL,NULL,NULL,NULL,NULL,NULL,'CHECK_QUANTITY',_binary '\0',NULL,'product611',99999999,10.00000,NULL,NULL,NULL,NULL,NULL,NULL,'KILOGRAMS',NULL,1220,NULL),(1255,NULL,'2021-04-26 16:03:52',NULL,NULL,NULL,NULL,NULL,'CENTIMETERS',NULL,NULL,NULL,NULL,NULL,NULL,NULL,NULL,'CHECK_QUANTITY',_binary '\0',NULL,'product612',99999999,10.00000,NULL,NULL,NULL,NULL,NULL,NULL,'KILOGRAMS',NULL,1221,NULL),(1256,NULL,'2021-04-26 16:03:52',NULL,NULL,NULL,NULL,NULL,'CENTIMETERS',NULL,NULL,NULL,NULL,NULL,NULL,NULL,NULL,'CHECK_QUANTITY',_binary '\0',NULL,'product613',99999999,10.00000,NULL,NULL,NULL,NULL,NULL,NULL,'KILOGRAMS',NULL,1222,NULL),(1257,NULL,'2021-04-26 16:03:52',NULL,NULL,NULL,NULL,NULL,'CENTIMETERS',NULL,NULL,NULL,NULL,NULL,NULL,NULL,NULL,'CHECK_QUANTITY',_binary '\0',NULL,'product614',99999999,10.00000,NULL,NULL,NULL,NULL,NULL,NULL,'KILOGRAMS',NULL,1223,NULL),(1258,NULL,'2021-04-26 16:03:52',NULL,NULL,NULL,NULL,NULL,'CENTIMETERS',NULL,NULL,NULL,NULL,NULL,NULL,NULL,NULL,'CHECK_QUANTITY',_binary '\0',NULL,'product615',99999999,10.00000,NULL,NULL,NULL,NULL,NULL,NULL,'KILOGRAMS',NULL,1224,NULL),(1259,NULL,'2021-04-26 16:03:52',NULL,NULL,NULL,NULL,NULL,'CENTIMETERS',NULL,NULL,NULL,NULL,NULL,NULL,NULL,NULL,'CHECK_QUANTITY',_binary '\0',NULL,'product616',99999999,10.00000,NULL,NULL,NULL,NULL,NULL,NULL,'KILOGRAMS',NULL,1225,NULL),(1260,NULL,'2021-04-26 16:03:52',NULL,NULL,NULL,NULL,NULL,'CENTIMETERS',NULL,NULL,NULL,NULL,NULL,NULL,NULL,NULL,'CHECK_QUANTITY',_binary '\0',NULL,'product617',99999999,10.00000,NULL,NULL,NULL,NULL,NULL,NULL,'KILOGRAMS',NULL,1226,NULL),(1261,NULL,'2021-04-26 16:03:52',NULL,NULL,NULL,NULL,NULL,'CENTIMETERS',NULL,NULL,NULL,NULL,NULL,NULL,NULL,NULL,'CHECK_QUANTITY',_binary '\0',NULL,'product618',99999999,10.00000,NULL,NULL,NULL,NULL,NULL,NULL,'KILOGRAMS',NULL,1227,NULL),(1262,NULL,'2021-04-26 16:03:52',NULL,NULL,NULL,NULL,NULL,'CENTIMETERS',NULL,NULL,NULL,NULL,NULL,NULL,NULL,NULL,'CHECK_QUANTITY',_binary '\0',NULL,'product619',99999999,10.00000,NULL,NULL,NULL,NULL,NULL,NULL,'KILOGRAMS',NULL,1228,NULL),(1263,NULL,'2021-04-26 16:03:52',NULL,NULL,NULL,NULL,NULL,'CENTIMETERS',NULL,NULL,NULL,NULL,NULL,NULL,NULL,NULL,'CHECK_QUANTITY',_binary '\0',NULL,'product620',99999999,10.00000,NULL,NULL,NULL,NULL,NULL,NULL,'KILOGRAMS',NULL,1229,NULL),(1264,NULL,'2021-04-26 16:03:52',NULL,NULL,NULL,NULL,NULL,'CENTIMETERS',NULL,NULL,NULL,NULL,NULL,NULL,NULL,NULL,'CHECK_QUANTITY',_binary '\0',NULL,'product621',99999999,10.00000,NULL,NULL,NULL,NULL,NULL,NULL,'KILOGRAMS',NULL,1230,NULL),(1265,NULL,'2021-04-26 16:03:52',NULL,NULL,NULL,NULL,NULL,'CENTIMETERS',NULL,NULL,NULL,NULL,NULL,NULL,NULL,NULL,'CHECK_QUANTITY',_binary '\0',NULL,'product622',99999999,10.00000,NULL,NULL,NULL,NULL,NULL,NULL,'KILOGRAMS',NULL,1231,NULL),(1266,NULL,'2021-04-26 16:03:52',NULL,NULL,NULL,NULL,NULL,'CENTIMETERS',NULL,NULL,NULL,NULL,NULL,NULL,NULL,NULL,'CHECK_QUANTITY',_binary '\0',NULL,'product623',99999999,10.00000,NULL,NULL,NULL,NULL,NULL,NULL,'KILOGRAMS',NULL,1232,NULL),(1267,NULL,'2021-04-26 16:03:52',NULL,NULL,NULL,NULL,NULL,'CENTIMETERS',NULL,NULL,NULL,NULL,NULL,NULL,NULL,NULL,'CHECK_QUANTITY',_binary '\0',NULL,'product624',99999999,10.00000,NULL,NULL,NULL,NULL,NULL,NULL,'KILOGRAMS',NULL,1233,NULL),(1268,NULL,'2021-04-26 16:03:52',NULL,NULL,NULL,NULL,NULL,'CENTIMETERS',NULL,NULL,NULL,NULL,NULL,NULL,NULL,NULL,'CHECK_QUANTITY',_binary '\0',NULL,'product625',99999999,10.00000,NULL,NULL,NULL,NULL,NULL,NULL,'KILOGRAMS',NULL,1234,NULL),(1269,NULL,'2021-04-26 16:03:52',NULL,NULL,NULL,NULL,NULL,'CENTIMETERS',NULL,NULL,NULL,NULL,NULL,NULL,NULL,NULL,'CHECK_QUANTITY',_binary '\0',NULL,'product626',99999999,10.00000,NULL,NULL,NULL,NULL,NULL,NULL,'KILOGRAMS',NULL,1235,NULL),(1270,NULL,'2021-04-26 16:03:52',NULL,NULL,NULL,NULL,NULL,'CENTIMETERS',NULL,NULL,NULL,NULL,NULL,NULL,NULL,NULL,'CHECK_QUANTITY',_binary '\0',NULL,'product627',99999999,10.00000,NULL,NULL,NULL,NULL,NULL,NULL,'KILOGRAMS',NULL,1236,NULL),(1271,NULL,'2021-04-26 16:03:52',NULL,NULL,NULL,NULL,NULL,'CENTIMETERS',NULL,NULL,NULL,NULL,NULL,NULL,NULL,NULL,'CHECK_QUANTITY',_binary '\0',NULL,'product628',99999999,10.00000,NULL,NULL,NULL,NULL,NULL,NULL,'KILOGRAMS',NULL,1237,NULL),(1272,NULL,'2021-04-26 16:03:52',NULL,NULL,NULL,NULL,NULL,'CENTIMETERS',NULL,NULL,NULL,NULL,NULL,NULL,NULL,NULL,'CHECK_QUANTITY',_binary '\0',NULL,'product629',99999999,10.00000,NULL,NULL,NULL,NULL,NULL,NULL,'KILOGRAMS',NULL,1238,NULL),(1273,NULL,'2021-04-26 16:03:52',NULL,NULL,NULL,NULL,NULL,'CENTIMETERS',NULL,NULL,NULL,NULL,NULL,NULL,NULL,NULL,'CHECK_QUANTITY',_binary '\0',NULL,'product630',99999999,10.00000,NULL,NULL,NULL,NULL,NULL,NULL,'KILOGRAMS',NULL,1239,NULL),(1274,NULL,'2021-04-26 16:03:52',NULL,NULL,NULL,NULL,NULL,'CENTIMETERS',NULL,NULL,NULL,NULL,NULL,NULL,NULL,NULL,'CHECK_QUANTITY',_binary '\0',NULL,'product631',99999999,10.00000,NULL,NULL,NULL,NULL,NULL,NULL,'KILOGRAMS',NULL,1240,NULL),(1275,NULL,'2021-04-26 16:03:52',NULL,NULL,NULL,NULL,NULL,'CENTIMETERS',NULL,NULL,NULL,NULL,NULL,NULL,NULL,NULL,'CHECK_QUANTITY',_binary '\0',NULL,'product632',99999999,10.00000,NULL,NULL,NULL,NULL,NULL,NULL,'KILOGRAMS',NULL,1241,NULL),(1276,NULL,'2021-04-26 16:03:52',NULL,NULL,NULL,NULL,NULL,'CENTIMETERS',NULL,NULL,NULL,NULL,NULL,NULL,NULL,NULL,'CHECK_QUANTITY',_binary '\0',NULL,'product633',99999999,10.00000,NULL,NULL,NULL,NULL,NULL,NULL,'KILOGRAMS',NULL,1242,NULL),(1277,NULL,'2021-04-26 16:03:52',NULL,NULL,NULL,NULL,NULL,'CENTIMETERS',NULL,NULL,NULL,NULL,NULL,NULL,NULL,NULL,'CHECK_QUANTITY',_binary '\0',NULL,'product634',99999999,10.00000,NULL,NULL,NULL,NULL,NULL,NULL,'KILOGRAMS',NULL,1243,NULL),(1278,NULL,'2021-04-26 16:03:52',NULL,NULL,NULL,NULL,NULL,'CENTIMETERS',NULL,NULL,NULL,NULL,NULL,NULL,NULL,NULL,'CHECK_QUANTITY',_binary '\0',NULL,'product635',99999999,10.00000,NULL,NULL,NULL,NULL,NULL,NULL,'KILOGRAMS',NULL,1244,NULL),(1279,NULL,'2021-04-26 16:03:52',NULL,NULL,NULL,NULL,NULL,'CENTIMETERS',NULL,NULL,NULL,NULL,NULL,NULL,NULL,NULL,'CHECK_QUANTITY',_binary '\0',NULL,'product636',99999999,10.00000,NULL,NULL,NULL,NULL,NULL,NULL,'KILOGRAMS',NULL,1245,NULL),(1280,NULL,'2021-04-26 16:03:52',NULL,NULL,NULL,NULL,NULL,'CENTIMETERS',NULL,NULL,NULL,NULL,NULL,NULL,NULL,NULL,'CHECK_QUANTITY',_binary '\0',NULL,'product637',99999999,10.00000,NULL,NULL,NULL,NULL,NULL,NULL,'KILOGRAMS',NULL,1246,NULL),(1281,NULL,'2021-04-26 16:03:52',NULL,NULL,NULL,NULL,NULL,'CENTIMETERS',NULL,NULL,NULL,NULL,NULL,NULL,NULL,NULL,'CHECK_QUANTITY',_binary '\0',NULL,'product638',99999999,10.00000,NULL,NULL,NULL,NULL,NULL,NULL,'KILOGRAMS',NULL,1247,NULL),(1282,NULL,'2021-04-26 16:03:52',NULL,NULL,NULL,NULL,NULL,'CENTIMETERS',NULL,NULL,NULL,NULL,NULL,NULL,NULL,NULL,'CHECK_QUANTITY',_binary '\0',NULL,'product639',99999999,10.00000,NULL,NULL,NULL,NULL,NULL,NULL,'KILOGRAMS',NULL,1248,NULL),(1283,NULL,'2021-04-26 16:03:52',NULL,NULL,NULL,NULL,NULL,'CENTIMETERS',NULL,NULL,NULL,NULL,NULL,NULL,NULL,NULL,'CHECK_QUANTITY',_binary '\0',NULL,'product640',99999999,10.00000,NULL,NULL,NULL,NULL,NULL,NULL,'KILOGRAMS',NULL,1249,NULL),(1284,NULL,'2021-04-26 16:03:52',NULL,NULL,NULL,NULL,NULL,'CENTIMETERS',NULL,NULL,NULL,NULL,NULL,NULL,NULL,NULL,'CHECK_QUANTITY',_binary '\0',NULL,'product641',99999999,10.00000,NULL,NULL,NULL,NULL,NULL,NULL,'KILOGRAMS',NULL,1250,NULL),(1285,NULL,'2021-04-26 16:03:52',NULL,NULL,NULL,NULL,NULL,'CENTIMETERS',NULL,NULL,NULL,NULL,NULL,NULL,NULL,NULL,'CHECK_QUANTITY',_binary '\0',NULL,'product642',99999999,10.00000,NULL,NULL,NULL,NULL,NULL,NULL,'KILOGRAMS',NULL,1251,NULL),(1286,NULL,'2021-04-26 16:03:52',NULL,NULL,NULL,NULL,NULL,'CENTIMETERS',NULL,NULL,NULL,NULL,NULL,NULL,NULL,NULL,'CHECK_QUANTITY',_binary '\0',NULL,'product643',99999999,10.00000,NULL,NULL,NULL,NULL,NULL,NULL,'KILOGRAMS',NULL,1252,NULL),(1287,NULL,'2021-04-26 16:03:52',NULL,NULL,NULL,NULL,NULL,'CENTIMETERS',NULL,NULL,NULL,NULL,NULL,NULL,NULL,NULL,'CHECK_QUANTITY',_binary '\0',NULL,'product644',99999999,10.00000,NULL,NULL,NULL,NULL,NULL,NULL,'KILOGRAMS',NULL,1253,NULL),(1288,NULL,'2021-04-26 16:03:52',NULL,NULL,NULL,NULL,NULL,'CENTIMETERS',NULL,NULL,NULL,NULL,NULL,NULL,NULL,NULL,'CHECK_QUANTITY',_binary '\0',NULL,'product645',99999999,10.00000,NULL,NULL,NULL,NULL,NULL,NULL,'KILOGRAMS',NULL,1254,NULL),(1289,NULL,'2021-04-26 16:03:52',NULL,NULL,NULL,NULL,NULL,'CENTIMETERS',NULL,NULL,NULL,NULL,NULL,NULL,NULL,NULL,'CHECK_QUANTITY',_binary '\0',NULL,'product646',99999999,10.00000,NULL,NULL,NULL,NULL,NULL,NULL,'KILOGRAMS',NULL,1255,NULL),(1290,NULL,'2021-04-26 16:03:52',NULL,NULL,NULL,NULL,NULL,'CENTIMETERS',NULL,NULL,NULL,NULL,NULL,NULL,NULL,NULL,'CHECK_QUANTITY',_binary '\0',NULL,'product647',99999999,10.00000,NULL,NULL,NULL,NULL,NULL,NULL,'KILOGRAMS',NULL,1256,NULL),(1291,NULL,'2021-04-26 16:03:52',NULL,NULL,NULL,NULL,NULL,'CENTIMETERS',NULL,NULL,NULL,NULL,NULL,NULL,NULL,NULL,'CHECK_QUANTITY',_binary '\0',NULL,'product648',99999999,10.00000,NULL,NULL,NULL,NULL,NULL,NULL,'KILOGRAMS',NULL,1257,NULL),(1292,NULL,'2021-04-26 16:03:52',NULL,NULL,NULL,NULL,NULL,'CENTIMETERS',NULL,NULL,NULL,NULL,NULL,NULL,NULL,NULL,'CHECK_QUANTITY',_binary '\0',NULL,'product649',99999999,10.00000,NULL,NULL,NULL,NULL,NULL,NULL,'KILOGRAMS',NULL,1258,NULL),(1293,NULL,'2021-04-26 16:03:52',NULL,NULL,NULL,NULL,NULL,'CENTIMETERS',NULL,NULL,NULL,NULL,NULL,NULL,NULL,NULL,'CHECK_QUANTITY',_binary '\0',NULL,'product650',99999999,10.00000,NULL,NULL,NULL,NULL,NULL,NULL,'KILOGRAMS',NULL,1259,NULL),(1294,NULL,'2021-04-26 16:03:52',NULL,NULL,NULL,NULL,NULL,'CENTIMETERS',NULL,NULL,NULL,NULL,NULL,NULL,NULL,NULL,'CHECK_QUANTITY',_binary '\0',NULL,'product651',99999999,10.00000,NULL,NULL,NULL,NULL,NULL,NULL,'KILOGRAMS',NULL,1260,NULL),(1295,NULL,'2021-04-26 16:03:52',NULL,NULL,NULL,NULL,NULL,'CENTIMETERS',NULL,NULL,NULL,NULL,NULL,NULL,NULL,NULL,'CHECK_QUANTITY',_binary '\0',NULL,'product652',99999999,10.00000,NULL,NULL,NULL,NULL,NULL,NULL,'KILOGRAMS',NULL,1261,NULL),(1296,NULL,'2021-04-26 16:03:52',NULL,NULL,NULL,NULL,NULL,'CENTIMETERS',NULL,NULL,NULL,NULL,NULL,NULL,NULL,NULL,'CHECK_QUANTITY',_binary '\0',NULL,'product653',99999999,10.00000,NULL,NULL,NULL,NULL,NULL,NULL,'KILOGRAMS',NULL,1262,NULL),(1297,NULL,'2021-04-26 16:03:52',NULL,NULL,NULL,NULL,NULL,'CENTIMETERS',NULL,NULL,NULL,NULL,NULL,NULL,NULL,NULL,'CHECK_QUANTITY',_binary '\0',NULL,'product654',99999999,10.00000,NULL,NULL,NULL,NULL,NULL,NULL,'KILOGRAMS',NULL,1263,NULL),(1298,NULL,'2021-04-26 16:03:52',NULL,NULL,NULL,NULL,NULL,'CENTIMETERS',NULL,NULL,NULL,NULL,NULL,NULL,NULL,NULL,'CHECK_QUANTITY',_binary '\0',NULL,'product655',99999999,10.00000,NULL,NULL,NULL,NULL,NULL,NULL,'KILOGRAMS',NULL,1264,NULL),(1299,NULL,'2021-04-26 16:03:52',NULL,NULL,NULL,NULL,NULL,'CENTIMETERS',NULL,NULL,NULL,NULL,NULL,NULL,NULL,NULL,'CHECK_QUANTITY',_binary '\0',NULL,'product656',99999999,10.00000,NULL,NULL,NULL,NULL,NULL,NULL,'KILOGRAMS',NULL,1265,NULL),(1300,NULL,'2021-04-26 16:03:52',NULL,NULL,NULL,NULL,NULL,'CENTIMETERS',NULL,NULL,NULL,NULL,NULL,NULL,NULL,NULL,'CHECK_QUANTITY',_binary '\0',NULL,'product657',99999999,10.00000,NULL,NULL,NULL,NULL,NULL,NULL,'KILOGRAMS',NULL,1266,NULL),(1301,NULL,'2021-04-26 16:03:52',NULL,NULL,NULL,NULL,NULL,'CENTIMETERS',NULL,NULL,NULL,NULL,NULL,NULL,NULL,NULL,'CHECK_QUANTITY',_binary '\0',NULL,'product658',99999999,10.00000,NULL,NULL,NULL,NULL,NULL,NULL,'KILOGRAMS',NULL,1267,NULL),(1302,NULL,'2021-04-26 16:03:52',NULL,NULL,NULL,NULL,NULL,'CENTIMETERS',NULL,NULL,NULL,NULL,NULL,NULL,NULL,NULL,'CHECK_QUANTITY',_binary '\0',NULL,'product659',99999999,10.00000,NULL,NULL,NULL,NULL,NULL,NULL,'KILOGRAMS',NULL,1268,NULL),(1303,NULL,'2021-04-26 16:03:52',NULL,NULL,NULL,NULL,NULL,'CENTIMETERS',NULL,NULL,NULL,NULL,NULL,NULL,NULL,NULL,'CHECK_QUANTITY',_binary '\0',NULL,'product660',99999999,10.00000,NULL,NULL,NULL,NULL,NULL,NULL,'KILOGRAMS',NULL,1269,NULL),(1304,NULL,'2021-04-26 16:03:52',NULL,NULL,NULL,NULL,NULL,'CENTIMETERS',NULL,NULL,NULL,NULL,NULL,NULL,NULL,NULL,'CHECK_QUANTITY',_binary '\0',NULL,'product661',99999999,10.00000,NULL,NULL,NULL,NULL,NULL,NULL,'KILOGRAMS',NULL,1270,NULL),(1305,NULL,'2021-04-26 16:03:52',NULL,NULL,NULL,NULL,NULL,'CENTIMETERS',NULL,NULL,NULL,NULL,NULL,NULL,NULL,NULL,'CHECK_QUANTITY',_binary '\0',NULL,'product662',99999999,10.00000,NULL,NULL,NULL,NULL,NULL,NULL,'KILOGRAMS',NULL,1271,NULL),(1306,NULL,'2021-04-26 16:03:52',NULL,NULL,NULL,NULL,NULL,'CENTIMETERS',NULL,NULL,NULL,NULL,NULL,NULL,NULL,NULL,'CHECK_QUANTITY',_binary '\0',NULL,'product663',99999999,10.00000,NULL,NULL,NULL,NULL,NULL,NULL,'KILOGRAMS',NULL,1272,NULL),(1307,NULL,'2021-04-26 16:03:52',NULL,NULL,NULL,NULL,NULL,'CENTIMETERS',NULL,NULL,NULL,NULL,NULL,NULL,NULL,NULL,'CHECK_QUANTITY',_binary '\0',NULL,'product664',99999999,10.00000,NULL,NULL,NULL,NULL,NULL,NULL,'KILOGRAMS',NULL,1273,NULL),(1308,NULL,'2021-04-26 16:03:52',NULL,NULL,NULL,NULL,NULL,'CENTIMETERS',NULL,NULL,NULL,NULL,NULL,NULL,NULL,NULL,'CHECK_QUANTITY',_binary '\0',NULL,'product665',99999999,10.00000,NULL,NULL,NULL,NULL,NULL,NULL,'KILOGRAMS',NULL,1274,NULL),(1309,NULL,'2021-04-26 16:03:52',NULL,NULL,NULL,NULL,NULL,'CENTIMETERS',NULL,NULL,NULL,NULL,NULL,NULL,NULL,NULL,'CHECK_QUANTITY',_binary '\0',NULL,'product666',99999999,10.00000,NULL,NULL,NULL,NULL,NULL,NULL,'KILOGRAMS',NULL,1275,NULL),(1310,NULL,'2021-04-26 16:03:52',NULL,NULL,NULL,NULL,NULL,'CENTIMETERS',NULL,NULL,NULL,NULL,NULL,NULL,NULL,NULL,'CHECK_QUANTITY',_binary '\0',NULL,'product667',99999999,10.00000,NULL,NULL,NULL,NULL,NULL,NULL,'KILOGRAMS',NULL,1276,NULL),(1311,NULL,'2021-04-26 16:03:52',NULL,NULL,NULL,NULL,NULL,'CENTIMETERS',NULL,NULL,NULL,NULL,NULL,NULL,NULL,NULL,'CHECK_QUANTITY',_binary '\0',NULL,'product668',99999999,10.00000,NULL,NULL,NULL,NULL,NULL,NULL,'KILOGRAMS',NULL,1277,NULL),(1312,NULL,'2021-04-26 16:03:52',NULL,NULL,NULL,NULL,NULL,'CENTIMETERS',NULL,NULL,NULL,NULL,NULL,NULL,NULL,NULL,'CHECK_QUANTITY',_binary '\0',NULL,'product669',99999999,10.00000,NULL,NULL,NULL,NULL,NULL,NULL,'KILOGRAMS',NULL,1278,NULL),(1313,NULL,'2021-04-26 16:03:52',NULL,NULL,NULL,NULL,NULL,'CENTIMETERS',NULL,NULL,NULL,NULL,NULL,NULL,NULL,NULL,'CHECK_QUANTITY',_binary '\0',NULL,'product670',99999999,10.00000,NULL,NULL,NULL,NULL,NULL,NULL,'KILOGRAMS',NULL,1279,NULL),(1314,NULL,'2021-04-26 16:03:52',NULL,NULL,NULL,NULL,NULL,'CENTIMETERS',NULL,NULL,NULL,NULL,NULL,NULL,NULL,NULL,'CHECK_QUANTITY',_binary '\0',NULL,'product671',99999999,10.00000,NULL,NULL,NULL,NULL,NULL,NULL,'KILOGRAMS',NULL,1280,NULL),(1315,NULL,'2021-04-26 16:03:52',NULL,NULL,NULL,NULL,NULL,'CENTIMETERS',NULL,NULL,NULL,NULL,NULL,NULL,NULL,NULL,'CHECK_QUANTITY',_binary '\0',NULL,'product672',99999999,10.00000,NULL,NULL,NULL,NULL,NULL,NULL,'KILOGRAMS',NULL,1281,NULL),(1316,NULL,'2021-04-26 16:03:52',NULL,NULL,NULL,NULL,NULL,'CENTIMETERS',NULL,NULL,NULL,NULL,NULL,NULL,NULL,NULL,'CHECK_QUANTITY',_binary '\0',NULL,'product673',99999999,10.00000,NULL,NULL,NULL,NULL,NULL,NULL,'KILOGRAMS',NULL,1282,NULL),(1317,NULL,'2021-04-26 16:03:52',NULL,NULL,NULL,NULL,NULL,'CENTIMETERS',NULL,NULL,NULL,NULL,NULL,NULL,NULL,NULL,'CHECK_QUANTITY',_binary '\0',NULL,'product674',99999999,10.00000,NULL,NULL,NULL,NULL,NULL,NULL,'KILOGRAMS',NULL,1283,NULL),(1318,NULL,'2021-04-26 16:03:52',NULL,NULL,NULL,NULL,NULL,'CENTIMETERS',NULL,NULL,NULL,NULL,NULL,NULL,NULL,NULL,'CHECK_QUANTITY',_binary '\0',NULL,'product675',99999999,10.00000,NULL,NULL,NULL,NULL,NULL,NULL,'KILOGRAMS',NULL,1284,NULL),(1319,NULL,'2021-04-26 16:03:52',NULL,NULL,NULL,NULL,NULL,'CENTIMETERS',NULL,NULL,NULL,NULL,NULL,NULL,NULL,NULL,'CHECK_QUANTITY',_binary '\0',NULL,'product676',99999999,10.00000,NULL,NULL,NULL,NULL,NULL,NULL,'KILOGRAMS',NULL,1285,NULL),(1320,NULL,'2021-04-26 16:03:52',NULL,NULL,NULL,NULL,NULL,'CENTIMETERS',NULL,NULL,NULL,NULL,NULL,NULL,NULL,NULL,'CHECK_QUANTITY',_binary '\0',NULL,'product677',99999999,10.00000,NULL,NULL,NULL,NULL,NULL,NULL,'KILOGRAMS',NULL,1286,NULL),(1321,NULL,'2021-04-26 16:03:52',NULL,NULL,NULL,NULL,NULL,'CENTIMETERS',NULL,NULL,NULL,NULL,NULL,NULL,NULL,NULL,'CHECK_QUANTITY',_binary '\0',NULL,'product678',99999999,10.00000,NULL,NULL,NULL,NULL,NULL,NULL,'KILOGRAMS',NULL,1287,NULL),(1322,NULL,'2021-04-26 16:03:52',NULL,NULL,NULL,NULL,NULL,'CENTIMETERS',NULL,NULL,NULL,NULL,NULL,NULL,NULL,NULL,'CHECK_QUANTITY',_binary '\0',NULL,'product679',99999999,10.00000,NULL,NULL,NULL,NULL,NULL,NULL,'KILOGRAMS',NULL,1288,NULL),(1323,NULL,'2021-04-26 16:03:52',NULL,NULL,NULL,NULL,NULL,'CENTIMETERS',NULL,NULL,NULL,NULL,NULL,NULL,NULL,NULL,'CHECK_QUANTITY',_binary '\0',NULL,'product680',99999999,10.00000,NULL,NULL,NULL,NULL,NULL,NULL,'KILOGRAMS',NULL,1289,NULL),(1324,NULL,'2021-04-26 16:03:52',NULL,NULL,NULL,NULL,NULL,'CENTIMETERS',NULL,NULL,NULL,NULL,NULL,NULL,NULL,NULL,'CHECK_QUANTITY',_binary '\0',NULL,'product681',99999999,10.00000,NULL,NULL,NULL,NULL,NULL,NULL,'KILOGRAMS',NULL,1290,NULL),(1325,NULL,'2021-04-26 16:03:52',NULL,NULL,NULL,NULL,NULL,'CENTIMETERS',NULL,NULL,NULL,NULL,NULL,NULL,NULL,NULL,'CHECK_QUANTITY',_binary '\0',NULL,'product682',99999999,10.00000,NULL,NULL,NULL,NULL,NULL,NULL,'KILOGRAMS',NULL,1291,NULL),(1326,NULL,'2021-04-26 16:03:52',NULL,NULL,NULL,NULL,NULL,'CENTIMETERS',NULL,NULL,NULL,NULL,NULL,NULL,NULL,NULL,'CHECK_QUANTITY',_binary '\0',NULL,'product683',99999999,10.00000,NULL,NULL,NULL,NULL,NULL,NULL,'KILOGRAMS',NULL,1292,NULL),(1327,NULL,'2021-04-26 16:03:52',NULL,NULL,NULL,NULL,NULL,'CENTIMETERS',NULL,NULL,NULL,NULL,NULL,NULL,NULL,NULL,'CHECK_QUANTITY',_binary '\0',NULL,'product684',99999999,10.00000,NULL,NULL,NULL,NULL,NULL,NULL,'KILOGRAMS',NULL,1293,NULL),(1328,NULL,'2021-04-26 16:03:52',NULL,NULL,NULL,NULL,NULL,'CENTIMETERS',NULL,NULL,NULL,NULL,NULL,NULL,NULL,NULL,'CHECK_QUANTITY',_binary '\0',NULL,'product685',99999999,10.00000,NULL,NULL,NULL,NULL,NULL,NULL,'KILOGRAMS',NULL,1294,NULL),(1329,NULL,'2021-04-26 16:03:52',NULL,NULL,NULL,NULL,NULL,'CENTIMETERS',NULL,NULL,NULL,NULL,NULL,NULL,NULL,NULL,'CHECK_QUANTITY',_binary '\0',NULL,'product686',99999999,10.00000,NULL,NULL,NULL,NULL,NULL,NULL,'KILOGRAMS',NULL,1295,NULL),(1330,NULL,'2021-04-26 16:03:52',NULL,NULL,NULL,NULL,NULL,'CENTIMETERS',NULL,NULL,NULL,NULL,NULL,NULL,NULL,NULL,'CHECK_QUANTITY',_binary '\0',NULL,'product687',99999999,10.00000,NULL,NULL,NULL,NULL,NULL,NULL,'KILOGRAMS',NULL,1296,NULL),(1331,NULL,'2021-04-26 16:03:52',NULL,NULL,NULL,NULL,NULL,'CENTIMETERS',NULL,NULL,NULL,NULL,NULL,NULL,NULL,NULL,'CHECK_QUANTITY',_binary '\0',NULL,'product688',99999999,10.00000,NULL,NULL,NULL,NULL,NULL,NULL,'KILOGRAMS',NULL,1297,NULL),(1332,NULL,'2021-04-26 16:03:52',NULL,NULL,NULL,NULL,NULL,'CENTIMETERS',NULL,NULL,NULL,NULL,NULL,NULL,NULL,NULL,'CHECK_QUANTITY',_binary '\0',NULL,'product689',99999999,10.00000,NULL,NULL,NULL,NULL,NULL,NULL,'KILOGRAMS',NULL,1298,NULL),(1333,NULL,'2021-04-26 16:03:52',NULL,NULL,NULL,NULL,NULL,'CENTIMETERS',NULL,NULL,NULL,NULL,NULL,NULL,NULL,NULL,'CHECK_QUANTITY',_binary '\0',NULL,'product690',99999999,10.00000,NULL,NULL,NULL,NULL,NULL,NULL,'KILOGRAMS',NULL,1299,NULL),(1334,NULL,'2021-04-26 16:03:52',NULL,NULL,NULL,NULL,NULL,'CENTIMETERS',NULL,NULL,NULL,NULL,NULL,NULL,NULL,NULL,'CHECK_QUANTITY',_binary '\0',NULL,'product691',99999999,10.00000,NULL,NULL,NULL,NULL,NULL,NULL,'KILOGRAMS',NULL,1300,NULL),(1335,NULL,'2021-04-26 16:03:52',NULL,NULL,NULL,NULL,NULL,'CENTIMETERS',NULL,NULL,NULL,NULL,NULL,NULL,NULL,NULL,'CHECK_QUANTITY',_binary '\0',NULL,'product692',99999999,10.00000,NULL,NULL,NULL,NULL,NULL,NULL,'KILOGRAMS',NULL,1301,NULL),(1336,NULL,'2021-04-26 16:03:52',NULL,NULL,NULL,NULL,NULL,'CENTIMETERS',NULL,NULL,NULL,NULL,NULL,NULL,NULL,NULL,'CHECK_QUANTITY',_binary '\0',NULL,'product693',99999999,10.00000,NULL,NULL,NULL,NULL,NULL,NULL,'KILOGRAMS',NULL,1302,NULL),(1337,NULL,'2021-04-26 16:03:52',NULL,NULL,NULL,NULL,NULL,'CENTIMETERS',NULL,NULL,NULL,NULL,NULL,NULL,NULL,NULL,'CHECK_QUANTITY',_binary '\0',NULL,'product694',99999999,10.00000,NULL,NULL,NULL,NULL,NULL,NULL,'KILOGRAMS',NULL,1303,NULL),(1338,NULL,'2021-04-26 16:03:52',NULL,NULL,NULL,NULL,NULL,'CENTIMETERS',NULL,NULL,NULL,NULL,NULL,NULL,NULL,NULL,'CHECK_QUANTITY',_binary '\0',NULL,'product695',99999999,10.00000,NULL,NULL,NULL,NULL,NULL,NULL,'KILOGRAMS',NULL,1304,NULL),(1339,NULL,'2021-04-26 16:03:52',NULL,NULL,NULL,NULL,NULL,'CENTIMETERS',NULL,NULL,NULL,NULL,NULL,NULL,NULL,NULL,'CHECK_QUANTITY',_binary '\0',NULL,'product696',99999999,10.00000,NULL,NULL,NULL,NULL,NULL,NULL,'KILOGRAMS',NULL,1305,NULL),(1340,NULL,'2021-04-26 16:03:52',NULL,NULL,NULL,NULL,NULL,'CENTIMETERS',NULL,NULL,NULL,NULL,NULL,NULL,NULL,NULL,'CHECK_QUANTITY',_binary '\0',NULL,'product697',99999999,10.00000,NULL,NULL,NULL,NULL,NULL,NULL,'KILOGRAMS',NULL,1306,NULL),(1341,NULL,'2021-04-26 16:03:52',NULL,NULL,NULL,NULL,NULL,'CENTIMETERS',NULL,NULL,NULL,NULL,NULL,NULL,NULL,NULL,'CHECK_QUANTITY',_binary '\0',NULL,'product698',99999999,10.00000,NULL,NULL,NULL,NULL,NULL,NULL,'KILOGRAMS',NULL,1307,NULL),(1342,NULL,'2021-04-26 16:03:52',NULL,NULL,NULL,NULL,NULL,'CENTIMETERS',NULL,NULL,NULL,NULL,NULL,NULL,NULL,NULL,'CHECK_QUANTITY',_binary '\0',NULL,'product699',99999999,10.00000,NULL,NULL,NULL,NULL,NULL,NULL,'KILOGRAMS',NULL,1308,NULL),(1343,NULL,'2021-04-26 16:03:52',NULL,NULL,NULL,NULL,NULL,'CENTIMETERS',NULL,NULL,NULL,NULL,NULL,NULL,NULL,NULL,'CHECK_QUANTITY',_binary '\0',NULL,'product700',99999999,10.00000,NULL,NULL,NULL,NULL,NULL,NULL,'KILOGRAMS',NULL,1309,NULL),(1344,NULL,'2021-04-26 16:03:52',NULL,NULL,NULL,NULL,NULL,'CENTIMETERS',NULL,NULL,NULL,NULL,NULL,NULL,NULL,NULL,'CHECK_QUANTITY',_binary '\0',NULL,'product701',99999999,10.00000,NULL,NULL,NULL,NULL,NULL,NULL,'KILOGRAMS',NULL,1310,NULL),(1345,NULL,'2021-04-26 16:03:52',NULL,NULL,NULL,NULL,NULL,'CENTIMETERS',NULL,NULL,NULL,NULL,NULL,NULL,NULL,NULL,'CHECK_QUANTITY',_binary '\0',NULL,'product702',99999999,10.00000,NULL,NULL,NULL,NULL,NULL,NULL,'KILOGRAMS',NULL,1311,NULL),(1346,NULL,'2021-04-26 16:03:52',NULL,NULL,NULL,NULL,NULL,'CENTIMETERS',NULL,NULL,NULL,NULL,NULL,NULL,NULL,NULL,'CHECK_QUANTITY',_binary '\0',NULL,'product703',99999999,10.00000,NULL,NULL,NULL,NULL,NULL,NULL,'KILOGRAMS',NULL,1312,NULL),(1347,NULL,'2021-04-26 16:03:52',NULL,NULL,NULL,NULL,NULL,'CENTIMETERS',NULL,NULL,NULL,NULL,NULL,NULL,NULL,NULL,'CHECK_QUANTITY',_binary '\0',NULL,'product704',99999999,10.00000,NULL,NULL,NULL,NULL,NULL,NULL,'KILOGRAMS',NULL,1313,NULL),(1348,NULL,'2021-04-26 16:03:52',NULL,NULL,NULL,NULL,NULL,'CENTIMETERS',NULL,NULL,NULL,NULL,NULL,NULL,NULL,NULL,'CHECK_QUANTITY',_binary '\0',NULL,'product705',99999999,10.00000,NULL,NULL,NULL,NULL,NULL,NULL,'KILOGRAMS',NULL,1314,NULL),(1349,NULL,'2021-04-26 16:03:52',NULL,NULL,NULL,NULL,NULL,'CENTIMETERS',NULL,NULL,NULL,NULL,NULL,NULL,NULL,NULL,'CHECK_QUANTITY',_binary '\0',NULL,'product706',99999999,10.00000,NULL,NULL,NULL,NULL,NULL,NULL,'KILOGRAMS',NULL,1315,NULL),(1350,NULL,'2021-04-26 16:03:52',NULL,NULL,NULL,NULL,NULL,'CENTIMETERS',NULL,NULL,NULL,NULL,NULL,NULL,NULL,NULL,'CHECK_QUANTITY',_binary '\0',NULL,'product707',99999999,10.00000,NULL,NULL,NULL,NULL,NULL,NULL,'KILOGRAMS',NULL,1316,NULL),(1351,NULL,'2021-04-26 16:03:52',NULL,NULL,NULL,NULL,NULL,'CENTIMETERS',NULL,NULL,NULL,NULL,NULL,NULL,NULL,NULL,'CHECK_QUANTITY',_binary '\0',NULL,'product708',99999999,10.00000,NULL,NULL,NULL,NULL,NULL,NULL,'KILOGRAMS',NULL,1317,NULL),(1352,NULL,'2021-04-26 16:03:52',NULL,NULL,NULL,NULL,NULL,'CENTIMETERS',NULL,NULL,NULL,NULL,NULL,NULL,NULL,NULL,'CHECK_QUANTITY',_binary '\0',NULL,'product709',99999999,10.00000,NULL,NULL,NULL,NULL,NULL,NULL,'KILOGRAMS',NULL,1318,NULL),(1353,NULL,'2021-04-26 16:03:52',NULL,NULL,NULL,NULL,NULL,'CENTIMETERS',NULL,NULL,NULL,NULL,NULL,NULL,NULL,NULL,'CHECK_QUANTITY',_binary '\0',NULL,'product710',99999999,10.00000,NULL,NULL,NULL,NULL,NULL,NULL,'KILOGRAMS',NULL,1319,NULL),(1354,NULL,'2021-04-26 16:03:52',NULL,NULL,NULL,NULL,NULL,'CENTIMETERS',NULL,NULL,NULL,NULL,NULL,NULL,NULL,NULL,'CHECK_QUANTITY',_binary '\0',NULL,'product711',99999999,10.00000,NULL,NULL,NULL,NULL,NULL,NULL,'KILOGRAMS',NULL,1320,NULL),(1355,NULL,'2021-04-26 16:03:52',NULL,NULL,NULL,NULL,NULL,'CENTIMETERS',NULL,NULL,NULL,NULL,NULL,NULL,NULL,NULL,'CHECK_QUANTITY',_binary '\0',NULL,'product712',99999999,10.00000,NULL,NULL,NULL,NULL,NULL,NULL,'KILOGRAMS',NULL,1321,NULL),(1356,NULL,'2021-04-26 16:03:52',NULL,NULL,NULL,NULL,NULL,'CENTIMETERS',NULL,NULL,NULL,NULL,NULL,NULL,NULL,NULL,'CHECK_QUANTITY',_binary '\0',NULL,'product713',99999999,10.00000,NULL,NULL,NULL,NULL,NULL,NULL,'KILOGRAMS',NULL,1322,NULL),(1357,NULL,'2021-04-26 16:03:52',NULL,NULL,NULL,NULL,NULL,'CENTIMETERS',NULL,NULL,NULL,NULL,NULL,NULL,NULL,NULL,'CHECK_QUANTITY',_binary '\0',NULL,'product714',99999999,10.00000,NULL,NULL,NULL,NULL,NULL,NULL,'KILOGRAMS',NULL,1323,NULL),(1358,NULL,'2021-04-26 16:03:52',NULL,NULL,NULL,NULL,NULL,'CENTIMETERS',NULL,NULL,NULL,NULL,NULL,NULL,NULL,NULL,'CHECK_QUANTITY',_binary '\0',NULL,'product715',99999999,10.00000,NULL,NULL,NULL,NULL,NULL,NULL,'KILOGRAMS',NULL,1324,NULL),(1359,NULL,'2021-04-26 16:03:52',NULL,NULL,NULL,NULL,NULL,'CENTIMETERS',NULL,NULL,NULL,NULL,NULL,NULL,NULL,NULL,'CHECK_QUANTITY',_binary '\0',NULL,'product716',99999999,10.00000,NULL,NULL,NULL,NULL,NULL,NULL,'KILOGRAMS',NULL,1325,NULL),(1360,NULL,'2021-04-26 16:03:52',NULL,NULL,NULL,NULL,NULL,'CENTIMETERS',NULL,NULL,NULL,NULL,NULL,NULL,NULL,NULL,'CHECK_QUANTITY',_binary '\0',NULL,'product717',99999999,10.00000,NULL,NULL,NULL,NULL,NULL,NULL,'KILOGRAMS',NULL,1326,NULL),(1361,NULL,'2021-04-26 16:03:52',NULL,NULL,NULL,NULL,NULL,'CENTIMETERS',NULL,NULL,NULL,NULL,NULL,NULL,NULL,NULL,'CHECK_QUANTITY',_binary '\0',NULL,'product718',99999999,10.00000,NULL,NULL,NULL,NULL,NULL,NULL,'KILOGRAMS',NULL,1327,NULL),(1362,NULL,'2021-04-26 16:03:52',NULL,NULL,NULL,NULL,NULL,'CENTIMETERS',NULL,NULL,NULL,NULL,NULL,NULL,NULL,NULL,'CHECK_QUANTITY',_binary '\0',NULL,'product719',99999999,10.00000,NULL,NULL,NULL,NULL,NULL,NULL,'KILOGRAMS',NULL,1328,NULL),(1363,NULL,'2021-04-26 16:03:52',NULL,NULL,NULL,NULL,NULL,'CENTIMETERS',NULL,NULL,NULL,NULL,NULL,NULL,NULL,NULL,'CHECK_QUANTITY',_binary '\0',NULL,'product720',99999999,10.00000,NULL,NULL,NULL,NULL,NULL,NULL,'KILOGRAMS',NULL,1329,NULL),(1364,NULL,'2021-04-26 16:03:52',NULL,NULL,NULL,NULL,NULL,'CENTIMETERS',NULL,NULL,NULL,NULL,NULL,NULL,NULL,NULL,'CHECK_QUANTITY',_binary '\0',NULL,'product721',99999999,10.00000,NULL,NULL,NULL,NULL,NULL,NULL,'KILOGRAMS',NULL,1330,NULL),(1365,NULL,'2021-04-26 16:03:52',NULL,NULL,NULL,NULL,NULL,'CENTIMETERS',NULL,NULL,NULL,NULL,NULL,NULL,NULL,NULL,'CHECK_QUANTITY',_binary '\0',NULL,'product722',99999999,10.00000,NULL,NULL,NULL,NULL,NULL,NULL,'KILOGRAMS',NULL,1331,NULL),(1366,NULL,'2021-04-26 16:03:52',NULL,NULL,NULL,NULL,NULL,'CENTIMETERS',NULL,NULL,NULL,NULL,NULL,NULL,NULL,NULL,'CHECK_QUANTITY',_binary '\0',NULL,'product723',99999999,10.00000,NULL,NULL,NULL,NULL,NULL,NULL,'KILOGRAMS',NULL,1332,NULL),(1367,NULL,'2021-04-26 16:03:52',NULL,NULL,NULL,NULL,NULL,'CENTIMETERS',NULL,NULL,NULL,NULL,NULL,NULL,NULL,NULL,'CHECK_QUANTITY',_binary '\0',NULL,'product724',99999999,10.00000,NULL,NULL,NULL,NULL,NULL,NULL,'KILOGRAMS',NULL,1333,NULL),(1368,NULL,'2021-04-26 16:03:52',NULL,NULL,NULL,NULL,NULL,'CENTIMETERS',NULL,NULL,NULL,NULL,NULL,NULL,NULL,NULL,'CHECK_QUANTITY',_binary '\0',NULL,'product725',99999999,10.00000,NULL,NULL,NULL,NULL,NULL,NULL,'KILOGRAMS',NULL,1334,NULL),(1369,NULL,'2021-04-26 16:03:52',NULL,NULL,NULL,NULL,NULL,'CENTIMETERS',NULL,NULL,NULL,NULL,NULL,NULL,NULL,NULL,'CHECK_QUANTITY',_binary '\0',NULL,'product726',99999999,10.00000,NULL,NULL,NULL,NULL,NULL,NULL,'KILOGRAMS',NULL,1335,NULL),(1370,NULL,'2021-04-26 16:03:52',NULL,NULL,NULL,NULL,NULL,'CENTIMETERS',NULL,NULL,NULL,NULL,NULL,NULL,NULL,NULL,'CHECK_QUANTITY',_binary '\0',NULL,'product727',99999999,10.00000,NULL,NULL,NULL,NULL,NULL,NULL,'KILOGRAMS',NULL,1336,NULL),(1371,NULL,'2021-04-26 16:03:52',NULL,NULL,NULL,NULL,NULL,'CENTIMETERS',NULL,NULL,NULL,NULL,NULL,NULL,NULL,NULL,'CHECK_QUANTITY',_binary '\0',NULL,'product728',99999999,10.00000,NULL,NULL,NULL,NULL,NULL,NULL,'KILOGRAMS',NULL,1337,NULL),(1372,NULL,'2021-04-26 16:03:52',NULL,NULL,NULL,NULL,NULL,'CENTIMETERS',NULL,NULL,NULL,NULL,NULL,NULL,NULL,NULL,'CHECK_QUANTITY',_binary '\0',NULL,'product729',99999999,10.00000,NULL,NULL,NULL,NULL,NULL,NULL,'KILOGRAMS',NULL,1338,NULL),(1373,NULL,'2021-04-26 16:03:52',NULL,NULL,NULL,NULL,NULL,'CENTIMETERS',NULL,NULL,NULL,NULL,NULL,NULL,NULL,NULL,'CHECK_QUANTITY',_binary '\0',NULL,'product730',99999999,10.00000,NULL,NULL,NULL,NULL,NULL,NULL,'KILOGRAMS',NULL,1339,NULL),(1374,NULL,'2021-04-26 16:03:52',NULL,NULL,NULL,NULL,NULL,'CENTIMETERS',NULL,NULL,NULL,NULL,NULL,NULL,NULL,NULL,'CHECK_QUANTITY',_binary '\0',NULL,'product731',99999999,10.00000,NULL,NULL,NULL,NULL,NULL,NULL,'KILOGRAMS',NULL,1340,NULL),(1375,NULL,'2021-04-26 16:03:52',NULL,NULL,NULL,NULL,NULL,'CENTIMETERS',NULL,NULL,NULL,NULL,NULL,NULL,NULL,NULL,'CHECK_QUANTITY',_binary '\0',NULL,'product732',99999999,10.00000,NULL,NULL,NULL,NULL,NULL,NULL,'KILOGRAMS',NULL,1341,NULL),(1376,NULL,'2021-04-26 16:03:52',NULL,NULL,NULL,NULL,NULL,'CENTIMETERS',NULL,NULL,NULL,NULL,NULL,NULL,NULL,NULL,'CHECK_QUANTITY',_binary '\0',NULL,'product733',99999999,10.00000,NULL,NULL,NULL,NULL,NULL,NULL,'KILOGRAMS',NULL,1342,NULL),(1377,NULL,'2021-04-26 16:03:52',NULL,NULL,NULL,NULL,NULL,'CENTIMETERS',NULL,NULL,NULL,NULL,NULL,NULL,NULL,NULL,'CHECK_QUANTITY',_binary '\0',NULL,'product734',99999999,10.00000,NULL,NULL,NULL,NULL,NULL,NULL,'KILOGRAMS',NULL,1343,NULL),(1378,NULL,'2021-04-26 16:03:52',NULL,NULL,NULL,NULL,NULL,'CENTIMETERS',NULL,NULL,NULL,NULL,NULL,NULL,NULL,NULL,'CHECK_QUANTITY',_binary '\0',NULL,'product735',99999999,10.00000,NULL,NULL,NULL,NULL,NULL,NULL,'KILOGRAMS',NULL,1344,NULL),(1379,NULL,'2021-04-26 16:03:52',NULL,NULL,NULL,NULL,NULL,'CENTIMETERS',NULL,NULL,NULL,NULL,NULL,NULL,NULL,NULL,'CHECK_QUANTITY',_binary '\0',NULL,'product736',99999999,10.00000,NULL,NULL,NULL,NULL,NULL,NULL,'KILOGRAMS',NULL,1345,NULL),(1380,NULL,'2021-04-26 16:03:52',NULL,NULL,NULL,NULL,NULL,'CENTIMETERS',NULL,NULL,NULL,NULL,NULL,NULL,NULL,NULL,'CHECK_QUANTITY',_binary '\0',NULL,'product737',99999999,10.00000,NULL,NULL,NULL,NULL,NULL,NULL,'KILOGRAMS',NULL,1346,NULL),(1381,NULL,'2021-04-26 16:03:52',NULL,NULL,NULL,NULL,NULL,'CENTIMETERS',NULL,NULL,NULL,NULL,NULL,NULL,NULL,NULL,'CHECK_QUANTITY',_binary '\0',NULL,'product738',99999999,10.00000,NULL,NULL,NULL,NULL,NULL,NULL,'KILOGRAMS',NULL,1347,NULL),(1382,NULL,'2021-04-26 16:03:52',NULL,NULL,NULL,NULL,NULL,'CENTIMETERS',NULL,NULL,NULL,NULL,NULL,NULL,NULL,NULL,'CHECK_QUANTITY',_binary '\0',NULL,'product739',99999999,10.00000,NULL,NULL,NULL,NULL,NULL,NULL,'KILOGRAMS',NULL,1348,NULL),(1383,NULL,'2021-04-26 16:03:52',NULL,NULL,NULL,NULL,NULL,'CENTIMETERS',NULL,NULL,NULL,NULL,NULL,NULL,NULL,NULL,'CHECK_QUANTITY',_binary '\0',NULL,'product740',99999999,10.00000,NULL,NULL,NULL,NULL,NULL,NULL,'KILOGRAMS',NULL,1349,NULL),(1384,NULL,'2021-04-26 16:03:52',NULL,NULL,NULL,NULL,NULL,'CENTIMETERS',NULL,NULL,NULL,NULL,NULL,NULL,NULL,NULL,'CHECK_QUANTITY',_binary '\0',NULL,'product741',99999999,10.00000,NULL,NULL,NULL,NULL,NULL,NULL,'KILOGRAMS',NULL,1350,NULL),(1385,NULL,'2021-04-26 16:03:52',NULL,NULL,NULL,NULL,NULL,'CENTIMETERS',NULL,NULL,NULL,NULL,NULL,NULL,NULL,NULL,'CHECK_QUANTITY',_binary '\0',NULL,'product742',99999999,10.00000,NULL,NULL,NULL,NULL,NULL,NULL,'KILOGRAMS',NULL,1351,NULL),(1386,NULL,'2021-04-26 16:03:52',NULL,NULL,NULL,NULL,NULL,'CENTIMETERS',NULL,NULL,NULL,NULL,NULL,NULL,NULL,NULL,'CHECK_QUANTITY',_binary '\0',NULL,'product743',99999999,10.00000,NULL,NULL,NULL,NULL,NULL,NULL,'KILOGRAMS',NULL,1352,NULL),(1387,NULL,'2021-04-26 16:03:52',NULL,NULL,NULL,NULL,NULL,'CENTIMETERS',NULL,NULL,NULL,NULL,NULL,NULL,NULL,NULL,'CHECK_QUANTITY',_binary '\0',NULL,'product744',99999999,10.00000,NULL,NULL,NULL,NULL,NULL,NULL,'KILOGRAMS',NULL,1353,NULL),(1388,NULL,'2021-04-26 16:03:52',NULL,NULL,NULL,NULL,NULL,'CENTIMETERS',NULL,NULL,NULL,NULL,NULL,NULL,NULL,NULL,'CHECK_QUANTITY',_binary '\0',NULL,'product745',99999999,10.00000,NULL,NULL,NULL,NULL,NULL,NULL,'KILOGRAMS',NULL,1354,NULL),(1389,NULL,'2021-04-26 16:03:52',NULL,NULL,NULL,NULL,NULL,'CENTIMETERS',NULL,NULL,NULL,NULL,NULL,NULL,NULL,NULL,'CHECK_QUANTITY',_binary '\0',NULL,'product746',99999999,10.00000,NULL,NULL,NULL,NULL,NULL,NULL,'KILOGRAMS',NULL,1355,NULL),(1390,NULL,'2021-04-26 16:03:52',NULL,NULL,NULL,NULL,NULL,'CENTIMETERS',NULL,NULL,NULL,NULL,NULL,NULL,NULL,NULL,'CHECK_QUANTITY',_binary '\0',NULL,'product747',99999999,10.00000,NULL,NULL,NULL,NULL,NULL,NULL,'KILOGRAMS',NULL,1356,NULL),(1391,NULL,'2021-04-26 16:03:52',NULL,NULL,NULL,NULL,NULL,'CENTIMETERS',NULL,NULL,NULL,NULL,NULL,NULL,NULL,NULL,'CHECK_QUANTITY',_binary '\0',NULL,'product748',99999999,10.00000,NULL,NULL,NULL,NULL,NULL,NULL,'KILOGRAMS',NULL,1357,NULL),(1392,NULL,'2021-04-26 16:03:52',NULL,NULL,NULL,NULL,NULL,'CENTIMETERS',NULL,NULL,NULL,NULL,NULL,NULL,NULL,NULL,'CHECK_QUANTITY',_binary '\0',NULL,'product749',99999999,10.00000,NULL,NULL,NULL,NULL,NULL,NULL,'KILOGRAMS',NULL,1358,NULL),(1393,NULL,'2021-04-26 16:03:52',NULL,NULL,NULL,NULL,NULL,'CENTIMETERS',NULL,NULL,NULL,NULL,NULL,NULL,NULL,NULL,'CHECK_QUANTITY',_binary '\0',NULL,'product750',99999999,10.00000,NULL,NULL,NULL,NULL,NULL,NULL,'KILOGRAMS',NULL,1359,NULL),(1394,NULL,'2021-04-26 16:03:52',NULL,NULL,NULL,NULL,NULL,'CENTIMETERS',NULL,NULL,NULL,NULL,NULL,NULL,NULL,NULL,'CHECK_QUANTITY',_binary '\0',NULL,'product751',99999999,10.00000,NULL,NULL,NULL,NULL,NULL,NULL,'KILOGRAMS',NULL,1360,NULL),(1395,NULL,'2021-04-26 16:03:52',NULL,NULL,NULL,NULL,NULL,'CENTIMETERS',NULL,NULL,NULL,NULL,NULL,NULL,NULL,NULL,'CHECK_QUANTITY',_binary '\0',NULL,'product752',99999999,10.00000,NULL,NULL,NULL,NULL,NULL,NULL,'KILOGRAMS',NULL,1361,NULL),(1396,NULL,'2021-04-26 16:03:52',NULL,NULL,NULL,NULL,NULL,'CENTIMETERS',NULL,NULL,NULL,NULL,NULL,NULL,NULL,NULL,'CHECK_QUANTITY',_binary '\0',NULL,'product753',99999999,10.00000,NULL,NULL,NULL,NULL,NULL,NULL,'KILOGRAMS',NULL,1362,NULL),(1397,NULL,'2021-04-26 16:03:52',NULL,NULL,NULL,NULL,NULL,'CENTIMETERS',NULL,NULL,NULL,NULL,NULL,NULL,NULL,NULL,'CHECK_QUANTITY',_binary '\0',NULL,'product754',99999999,10.00000,NULL,NULL,NULL,NULL,NULL,NULL,'KILOGRAMS',NULL,1363,NULL),(1398,NULL,'2021-04-26 16:03:52',NULL,NULL,NULL,NULL,NULL,'CENTIMETERS',NULL,NULL,NULL,NULL,NULL,NULL,NULL,NULL,'CHECK_QUANTITY',_binary '\0',NULL,'product755',99999999,10.00000,NULL,NULL,NULL,NULL,NULL,NULL,'KILOGRAMS',NULL,1364,NULL),(1399,NULL,'2021-04-26 16:03:52',NULL,NULL,NULL,NULL,NULL,'CENTIMETERS',NULL,NULL,NULL,NULL,NULL,NULL,NULL,NULL,'CHECK_QUANTITY',_binary '\0',NULL,'product756',99999999,10.00000,NULL,NULL,NULL,NULL,NULL,NULL,'KILOGRAMS',NULL,1365,NULL),(1400,NULL,'2021-04-26 16:03:52',NULL,NULL,NULL,NULL,NULL,'CENTIMETERS',NULL,NULL,NULL,NULL,NULL,NULL,NULL,NULL,'CHECK_QUANTITY',_binary '\0',NULL,'product757',99999999,10.00000,NULL,NULL,NULL,NULL,NULL,NULL,'KILOGRAMS',NULL,1366,NULL),(1401,NULL,'2021-04-26 16:03:52',NULL,NULL,NULL,NULL,NULL,'CENTIMETERS',NULL,NULL,NULL,NULL,NULL,NULL,NULL,NULL,'CHECK_QUANTITY',_binary '\0',NULL,'product758',99999999,10.00000,NULL,NULL,NULL,NULL,NULL,NULL,'KILOGRAMS',NULL,1367,NULL),(1402,NULL,'2021-04-26 16:03:52',NULL,NULL,NULL,NULL,NULL,'CENTIMETERS',NULL,NULL,NULL,NULL,NULL,NULL,NULL,NULL,'CHECK_QUANTITY',_binary '\0',NULL,'product759',99999999,10.00000,NULL,NULL,NULL,NULL,NULL,NULL,'KILOGRAMS',NULL,1368,NULL),(1403,NULL,'2021-04-26 16:03:52',NULL,NULL,NULL,NULL,NULL,'CENTIMETERS',NULL,NULL,NULL,NULL,NULL,NULL,NULL,NULL,'CHECK_QUANTITY',_binary '\0',NULL,'product760',99999999,10.00000,NULL,NULL,NULL,NULL,NULL,NULL,'KILOGRAMS',NULL,1369,NULL),(1404,NULL,'2021-04-26 16:03:52',NULL,NULL,NULL,NULL,NULL,'CENTIMETERS',NULL,NULL,NULL,NULL,NULL,NULL,NULL,NULL,'CHECK_QUANTITY',_binary '\0',NULL,'product761',99999999,10.00000,NULL,NULL,NULL,NULL,NULL,NULL,'KILOGRAMS',NULL,1370,NULL),(1405,NULL,'2021-04-26 16:03:52',NULL,NULL,NULL,NULL,NULL,'CENTIMETERS',NULL,NULL,NULL,NULL,NULL,NULL,NULL,NULL,'CHECK_QUANTITY',_binary '\0',NULL,'product762',99999999,10.00000,NULL,NULL,NULL,NULL,NULL,NULL,'KILOGRAMS',NULL,1371,NULL),(1406,NULL,'2021-04-26 16:03:52',NULL,NULL,NULL,NULL,NULL,'CENTIMETERS',NULL,NULL,NULL,NULL,NULL,NULL,NULL,NULL,'CHECK_QUANTITY',_binary '\0',NULL,'product763',99999999,10.00000,NULL,NULL,NULL,NULL,NULL,NULL,'KILOGRAMS',NULL,1372,NULL),(1407,NULL,'2021-04-26 16:03:52',NULL,NULL,NULL,NULL,NULL,'CENTIMETERS',NULL,NULL,NULL,NULL,NULL,NULL,NULL,NULL,'CHECK_QUANTITY',_binary '\0',NULL,'product764',99999999,10.00000,NULL,NULL,NULL,NULL,NULL,NULL,'KILOGRAMS',NULL,1373,NULL),(1408,NULL,'2021-04-26 16:03:52',NULL,NULL,NULL,NULL,NULL,'CENTIMETERS',NULL,NULL,NULL,NULL,NULL,NULL,NULL,NULL,'CHECK_QUANTITY',_binary '\0',NULL,'product765',99999999,10.00000,NULL,NULL,NULL,NULL,NULL,NULL,'KILOGRAMS',NULL,1374,NULL),(1409,NULL,'2021-04-26 16:03:52',NULL,NULL,NULL,NULL,NULL,'CENTIMETERS',NULL,NULL,NULL,NULL,NULL,NULL,NULL,NULL,'CHECK_QUANTITY',_binary '\0',NULL,'product766',99999999,10.00000,NULL,NULL,NULL,NULL,NULL,NULL,'KILOGRAMS',NULL,1375,NULL),(1410,NULL,'2021-04-26 16:03:52',NULL,NULL,NULL,NULL,NULL,'CENTIMETERS',NULL,NULL,NULL,NULL,NULL,NULL,NULL,NULL,'CHECK_QUANTITY',_binary '\0',NULL,'product767',99999999,10.00000,NULL,NULL,NULL,NULL,NULL,NULL,'KILOGRAMS',NULL,1376,NULL),(1411,NULL,'2021-04-26 16:03:52',NULL,NULL,NULL,NULL,NULL,'CENTIMETERS',NULL,NULL,NULL,NULL,NULL,NULL,NULL,NULL,'CHECK_QUANTITY',_binary '\0',NULL,'product768',99999999,10.00000,NULL,NULL,NULL,NULL,NULL,NULL,'KILOGRAMS',NULL,1377,NULL),(1412,NULL,'2021-04-26 16:03:52',NULL,NULL,NULL,NULL,NULL,'CENTIMETERS',NULL,NULL,NULL,NULL,NULL,NULL,NULL,NULL,'CHECK_QUANTITY',_binary '\0',NULL,'product769',99999999,10.00000,NULL,NULL,NULL,NULL,NULL,NULL,'KILOGRAMS',NULL,1378,NULL),(1413,NULL,'2021-04-26 16:03:52',NULL,NULL,NULL,NULL,NULL,'CENTIMETERS',NULL,NULL,NULL,NULL,NULL,NULL,NULL,NULL,'CHECK_QUANTITY',_binary '\0',NULL,'product770',99999999,10.00000,NULL,NULL,NULL,NULL,NULL,NULL,'KILOGRAMS',NULL,1379,NULL),(1414,NULL,'2021-04-26 16:03:52',NULL,NULL,NULL,NULL,NULL,'CENTIMETERS',NULL,NULL,NULL,NULL,NULL,NULL,NULL,NULL,'CHECK_QUANTITY',_binary '\0',NULL,'product771',99999999,10.00000,NULL,NULL,NULL,NULL,NULL,NULL,'KILOGRAMS',NULL,1380,NULL),(1415,NULL,'2021-04-26 16:03:52',NULL,NULL,NULL,NULL,NULL,'CENTIMETERS',NULL,NULL,NULL,NULL,NULL,NULL,NULL,NULL,'CHECK_QUANTITY',_binary '\0',NULL,'product772',99999999,10.00000,NULL,NULL,NULL,NULL,NULL,NULL,'KILOGRAMS',NULL,1381,NULL),(1416,NULL,'2021-04-26 16:03:52',NULL,NULL,NULL,NULL,NULL,'CENTIMETERS',NULL,NULL,NULL,NULL,NULL,NULL,NULL,NULL,'CHECK_QUANTITY',_binary '\0',NULL,'product773',99999999,10.00000,NULL,NULL,NULL,NULL,NULL,NULL,'KILOGRAMS',NULL,1382,NULL),(1417,NULL,'2021-04-26 16:03:52',NULL,NULL,NULL,NULL,NULL,'CENTIMETERS',NULL,NULL,NULL,NULL,NULL,NULL,NULL,NULL,'CHECK_QUANTITY',_binary '\0',NULL,'product774',99999999,10.00000,NULL,NULL,NULL,NULL,NULL,NULL,'KILOGRAMS',NULL,1383,NULL),(1418,NULL,'2021-04-26 16:03:52',NULL,NULL,NULL,NULL,NULL,'CENTIMETERS',NULL,NULL,NULL,NULL,NULL,NULL,NULL,NULL,'CHECK_QUANTITY',_binary '\0',NULL,'product775',99999999,10.00000,NULL,NULL,NULL,NULL,NULL,NULL,'KILOGRAMS',NULL,1384,NULL),(1419,NULL,'2021-04-26 16:03:52',NULL,NULL,NULL,NULL,NULL,'CENTIMETERS',NULL,NULL,NULL,NULL,NULL,NULL,NULL,NULL,'CHECK_QUANTITY',_binary '\0',NULL,'product776',99999999,10.00000,NULL,NULL,NULL,NULL,NULL,NULL,'KILOGRAMS',NULL,1385,NULL),(1420,NULL,'2021-04-26 16:03:52',NULL,NULL,NULL,NULL,NULL,'CENTIMETERS',NULL,NULL,NULL,NULL,NULL,NULL,NULL,NULL,'CHECK_QUANTITY',_binary '\0',NULL,'product777',99999999,10.00000,NULL,NULL,NULL,NULL,NULL,NULL,'KILOGRAMS',NULL,1386,NULL),(1421,NULL,'2021-04-26 16:03:52',NULL,NULL,NULL,NULL,NULL,'CENTIMETERS',NULL,NULL,NULL,NULL,NULL,NULL,NULL,NULL,'CHECK_QUANTITY',_binary '\0',NULL,'product778',99999999,10.00000,NULL,NULL,NULL,NULL,NULL,NULL,'KILOGRAMS',NULL,1387,NULL),(1422,NULL,'2021-04-26 16:03:52',NULL,NULL,NULL,NULL,NULL,'CENTIMETERS',NULL,NULL,NULL,NULL,NULL,NULL,NULL,NULL,'CHECK_QUANTITY',_binary '\0',NULL,'product779',99999999,10.00000,NULL,NULL,NULL,NULL,NULL,NULL,'KILOGRAMS',NULL,1388,NULL),(1423,NULL,'2021-04-26 16:03:52',NULL,NULL,NULL,NULL,NULL,'CENTIMETERS',NULL,NULL,NULL,NULL,NULL,NULL,NULL,NULL,'CHECK_QUANTITY',_binary '\0',NULL,'product780',99999999,10.00000,NULL,NULL,NULL,NULL,NULL,NULL,'KILOGRAMS',NULL,1389,NULL),(1424,NULL,'2021-04-26 16:03:52',NULL,NULL,NULL,NULL,NULL,'CENTIMETERS',NULL,NULL,NULL,NULL,NULL,NULL,NULL,NULL,'CHECK_QUANTITY',_binary '\0',NULL,'product781',99999999,10.00000,NULL,NULL,NULL,NULL,NULL,NULL,'KILOGRAMS',NULL,1390,NULL),(1425,NULL,'2021-04-26 16:03:52',NULL,NULL,NULL,NULL,NULL,'CENTIMETERS',NULL,NULL,NULL,NULL,NULL,NULL,NULL,NULL,'CHECK_QUANTITY',_binary '\0',NULL,'product782',99999999,10.00000,NULL,NULL,NULL,NULL,NULL,NULL,'KILOGRAMS',NULL,1391,NULL),(1426,NULL,'2021-04-26 16:03:52',NULL,NULL,NULL,NULL,NULL,'CENTIMETERS',NULL,NULL,NULL,NULL,NULL,NULL,NULL,NULL,'CHECK_QUANTITY',_binary '\0',NULL,'product783',99999999,10.00000,NULL,NULL,NULL,NULL,NULL,NULL,'KILOGRAMS',NULL,1392,NULL),(1427,NULL,'2021-04-26 16:03:52',NULL,NULL,NULL,NULL,NULL,'CENTIMETERS',NULL,NULL,NULL,NULL,NULL,NULL,NULL,NULL,'CHECK_QUANTITY',_binary '\0',NULL,'product784',99999999,10.00000,NULL,NULL,NULL,NULL,NULL,NULL,'KILOGRAMS',NULL,1393,NULL),(1428,NULL,'2021-04-26 16:03:52',NULL,NULL,NULL,NULL,NULL,'CENTIMETERS',NULL,NULL,NULL,NULL,NULL,NULL,NULL,NULL,'CHECK_QUANTITY',_binary '\0',NULL,'product785',99999999,10.00000,NULL,NULL,NULL,NULL,NULL,NULL,'KILOGRAMS',NULL,1394,NULL),(1429,NULL,'2021-04-26 16:03:52',NULL,NULL,NULL,NULL,NULL,'CENTIMETERS',NULL,NULL,NULL,NULL,NULL,NULL,NULL,NULL,'CHECK_QUANTITY',_binary '\0',NULL,'product786',99999999,10.00000,NULL,NULL,NULL,NULL,NULL,NULL,'KILOGRAMS',NULL,1395,NULL),(1430,NULL,'2021-04-26 16:03:52',NULL,NULL,NULL,NULL,NULL,'CENTIMETERS',NULL,NULL,NULL,NULL,NULL,NULL,NULL,NULL,'CHECK_QUANTITY',_binary '\0',NULL,'product787',99999999,10.00000,NULL,NULL,NULL,NULL,NULL,NULL,'KILOGRAMS',NULL,1396,NULL),(1431,NULL,'2021-04-26 16:03:52',NULL,NULL,NULL,NULL,NULL,'CENTIMETERS',NULL,NULL,NULL,NULL,NULL,NULL,NULL,NULL,'CHECK_QUANTITY',_binary '\0',NULL,'product788',99999999,10.00000,NULL,NULL,NULL,NULL,NULL,NULL,'KILOGRAMS',NULL,1397,NULL),(1432,NULL,'2021-04-26 16:03:52',NULL,NULL,NULL,NULL,NULL,'CENTIMETERS',NULL,NULL,NULL,NULL,NULL,NULL,NULL,NULL,'CHECK_QUANTITY',_binary '\0',NULL,'product789',99999999,10.00000,NULL,NULL,NULL,NULL,NULL,NULL,'KILOGRAMS',NULL,1398,NULL),(1433,NULL,'2021-04-26 16:03:52',NULL,NULL,NULL,NULL,NULL,'CENTIMETERS',NULL,NULL,NULL,NULL,NULL,NULL,NULL,NULL,'CHECK_QUANTITY',_binary '\0',NULL,'product790',99999999,10.00000,NULL,NULL,NULL,NULL,NULL,NULL,'KILOGRAMS',NULL,1399,NULL),(1434,NULL,'2021-04-26 16:03:52',NULL,NULL,NULL,NULL,NULL,'CENTIMETERS',NULL,NULL,NULL,NULL,NULL,NULL,NULL,NULL,'CHECK_QUANTITY',_binary '\0',NULL,'product791',99999999,10.00000,NULL,NULL,NULL,NULL,NULL,NULL,'KILOGRAMS',NULL,1400,NULL),(1435,NULL,'2021-04-26 16:03:52',NULL,NULL,NULL,NULL,NULL,'CENTIMETERS',NULL,NULL,NULL,NULL,NULL,NULL,NULL,NULL,'CHECK_QUANTITY',_binary '\0',NULL,'product792',99999999,10.00000,NULL,NULL,NULL,NULL,NULL,NULL,'KILOGRAMS',NULL,1401,NULL),(1436,NULL,'2021-04-26 16:03:52',NULL,NULL,NULL,NULL,NULL,'CENTIMETERS',NULL,NULL,NULL,NULL,NULL,NULL,NULL,NULL,'CHECK_QUANTITY',_binary '\0',NULL,'product793',99999999,10.00000,NULL,NULL,NULL,NULL,NULL,NULL,'KILOGRAMS',NULL,1402,NULL),(1437,NULL,'2021-04-26 16:03:52',NULL,NULL,NULL,NULL,NULL,'CENTIMETERS',NULL,NULL,NULL,NULL,NULL,NULL,NULL,NULL,'CHECK_QUANTITY',_binary '\0',NULL,'product794',99999999,10.00000,NULL,NULL,NULL,NULL,NULL,NULL,'KILOGRAMS',NULL,1403,NULL),(1438,NULL,'2021-04-26 16:03:52',NULL,NULL,NULL,NULL,NULL,'CENTIMETERS',NULL,NULL,NULL,NULL,NULL,NULL,NULL,NULL,'CHECK_QUANTITY',_binary '\0',NULL,'product795',99999999,10.00000,NULL,NULL,NULL,NULL,NULL,NULL,'KILOGRAMS',NULL,1404,NULL),(1439,NULL,'2021-04-26 16:03:52',NULL,NULL,NULL,NULL,NULL,'CENTIMETERS',NULL,NULL,NULL,NULL,NULL,NULL,NULL,NULL,'CHECK_QUANTITY',_binary '\0',NULL,'product796',99999999,10.00000,NULL,NULL,NULL,NULL,NULL,NULL,'KILOGRAMS',NULL,1405,NULL),(1440,NULL,'2021-04-26 16:03:52',NULL,NULL,NULL,NULL,NULL,'CENTIMETERS',NULL,NULL,NULL,NULL,NULL,NULL,NULL,NULL,'CHECK_QUANTITY',_binary '\0',NULL,'product797',99999999,10.00000,NULL,NULL,NULL,NULL,NULL,NULL,'KILOGRAMS',NULL,1406,NULL),(1441,NULL,'2021-04-26 16:03:52',NULL,NULL,NULL,NULL,NULL,'CENTIMETERS',NULL,NULL,NULL,NULL,NULL,NULL,NULL,NULL,'CHECK_QUANTITY',_binary '\0',NULL,'product798',99999999,10.00000,NULL,NULL,NULL,NULL,NULL,NULL,'KILOGRAMS',NULL,1407,NULL),(1442,NULL,'2021-04-26 16:03:52',NULL,NULL,NULL,NULL,NULL,'CENTIMETERS',NULL,NULL,NULL,NULL,NULL,NULL,NULL,NULL,'CHECK_QUANTITY',_binary '\0',NULL,'product799',99999999,10.00000,NULL,NULL,NULL,NULL,NULL,NULL,'KILOGRAMS',NULL,1408,NULL),(1443,NULL,'2021-04-26 16:03:52',NULL,NULL,NULL,NULL,NULL,'CENTIMETERS',NULL,NULL,NULL,NULL,NULL,NULL,NULL,NULL,'CHECK_QUANTITY',_binary '\0',NULL,'product800',99999999,10.00000,NULL,NULL,NULL,NULL,NULL,NULL,'KILOGRAMS',NULL,1409,NULL),(1444,NULL,'2021-04-26 16:03:52',NULL,NULL,NULL,NULL,NULL,'CENTIMETERS',NULL,NULL,NULL,NULL,NULL,NULL,NULL,NULL,'CHECK_QUANTITY',_binary '\0',NULL,'product801',99999999,10.00000,NULL,NULL,NULL,NULL,NULL,NULL,'KILOGRAMS',NULL,1410,NULL),(1445,NULL,'2021-04-26 16:03:52',NULL,NULL,NULL,NULL,NULL,'CENTIMETERS',NULL,NULL,NULL,NULL,NULL,NULL,NULL,NULL,'CHECK_QUANTITY',_binary '\0',NULL,'product802',99999999,10.00000,NULL,NULL,NULL,NULL,NULL,NULL,'KILOGRAMS',NULL,1411,NULL),(1446,NULL,'2021-04-26 16:03:52',NULL,NULL,NULL,NULL,NULL,'CENTIMETERS',NULL,NULL,NULL,NULL,NULL,NULL,NULL,NULL,'CHECK_QUANTITY',_binary '\0',NULL,'product803',99999999,10.00000,NULL,NULL,NULL,NULL,NULL,NULL,'KILOGRAMS',NULL,1412,NULL),(1447,NULL,'2021-04-26 16:03:52',NULL,NULL,NULL,NULL,NULL,'CENTIMETERS',NULL,NULL,NULL,NULL,NULL,NULL,NULL,NULL,'CHECK_QUANTITY',_binary '\0',NULL,'product804',99999999,10.00000,NULL,NULL,NULL,NULL,NULL,NULL,'KILOGRAMS',NULL,1413,NULL),(1448,NULL,'2021-04-26 16:03:52',NULL,NULL,NULL,NULL,NULL,'CENTIMETERS',NULL,NULL,NULL,NULL,NULL,NULL,NULL,NULL,'CHECK_QUANTITY',_binary '\0',NULL,'product805',99999999,10.00000,NULL,NULL,NULL,NULL,NULL,NULL,'KILOGRAMS',NULL,1414,NULL),(1449,NULL,'2021-04-26 16:03:52',NULL,NULL,NULL,NULL,NULL,'CENTIMETERS',NULL,NULL,NULL,NULL,NULL,NULL,NULL,NULL,'CHECK_QUANTITY',_binary '\0',NULL,'product806',99999999,10.00000,NULL,NULL,NULL,NULL,NULL,NULL,'KILOGRAMS',NULL,1415,NULL),(1450,NULL,'2021-04-26 16:03:52',NULL,NULL,NULL,NULL,NULL,'CENTIMETERS',NULL,NULL,NULL,NULL,NULL,NULL,NULL,NULL,'CHECK_QUANTITY',_binary '\0',NULL,'product807',99999999,10.00000,NULL,NULL,NULL,NULL,NULL,NULL,'KILOGRAMS',NULL,1416,NULL),(1451,NULL,'2021-04-26 16:03:52',NULL,NULL,NULL,NULL,NULL,'CENTIMETERS',NULL,NULL,NULL,NULL,NULL,NULL,NULL,NULL,'CHECK_QUANTITY',_binary '\0',NULL,'product808',99999999,10.00000,NULL,NULL,NULL,NULL,NULL,NULL,'KILOGRAMS',NULL,1417,NULL),(1452,NULL,'2021-04-26 16:03:52',NULL,NULL,NULL,NULL,NULL,'CENTIMETERS',NULL,NULL,NULL,NULL,NULL,NULL,NULL,NULL,'CHECK_QUANTITY',_binary '\0',NULL,'product809',99999999,10.00000,NULL,NULL,NULL,NULL,NULL,NULL,'KILOGRAMS',NULL,1418,NULL),(1453,NULL,'2021-04-26 16:03:52',NULL,NULL,NULL,NULL,NULL,'CENTIMETERS',NULL,NULL,NULL,NULL,NULL,NULL,NULL,NULL,'CHECK_QUANTITY',_binary '\0',NULL,'product810',99999999,10.00000,NULL,NULL,NULL,NULL,NULL,NULL,'KILOGRAMS',NULL,1419,NULL),(1454,NULL,'2021-04-26 16:03:52',NULL,NULL,NULL,NULL,NULL,'CENTIMETERS',NULL,NULL,NULL,NULL,NULL,NULL,NULL,NULL,'CHECK_QUANTITY',_binary '\0',NULL,'product811',99999999,10.00000,NULL,NULL,NULL,NULL,NULL,NULL,'KILOGRAMS',NULL,1420,NULL),(1455,NULL,'2021-04-26 16:03:52',NULL,NULL,NULL,NULL,NULL,'CENTIMETERS',NULL,NULL,NULL,NULL,NULL,NULL,NULL,NULL,'CHECK_QUANTITY',_binary '\0',NULL,'product812',99999999,10.00000,NULL,NULL,NULL,NULL,NULL,NULL,'KILOGRAMS',NULL,1421,NULL),(1456,NULL,'2021-04-26 16:03:52',NULL,NULL,NULL,NULL,NULL,'CENTIMETERS',NULL,NULL,NULL,NULL,NULL,NULL,NULL,NULL,'CHECK_QUANTITY',_binary '\0',NULL,'product813',99999999,10.00000,NULL,NULL,NULL,NULL,NULL,NULL,'KILOGRAMS',NULL,1422,NULL),(1457,NULL,'2021-04-26 16:03:52',NULL,NULL,NULL,NULL,NULL,'CENTIMETERS',NULL,NULL,NULL,NULL,NULL,NULL,NULL,NULL,'CHECK_QUANTITY',_binary '\0',NULL,'product814',99999999,10.00000,NULL,NULL,NULL,NULL,NULL,NULL,'KILOGRAMS',NULL,1423,NULL),(1458,NULL,'2021-04-26 16:03:52',NULL,NULL,NULL,NULL,NULL,'CENTIMETERS',NULL,NULL,NULL,NULL,NULL,NULL,NULL,NULL,'CHECK_QUANTITY',_binary '\0',NULL,'product815',99999999,10.00000,NULL,NULL,NULL,NULL,NULL,NULL,'KILOGRAMS',NULL,1424,NULL),(1459,NULL,'2021-04-26 16:03:52',NULL,NULL,NULL,NULL,NULL,'CENTIMETERS',NULL,NULL,NULL,NULL,NULL,NULL,NULL,NULL,'CHECK_QUANTITY',_binary '\0',NULL,'product816',99999999,10.00000,NULL,NULL,NULL,NULL,NULL,NULL,'KILOGRAMS',NULL,1425,NULL),(1460,NULL,'2021-04-26 16:03:52',NULL,NULL,NULL,NULL,NULL,'CENTIMETERS',NULL,NULL,NULL,NULL,NULL,NULL,NULL,NULL,'CHECK_QUANTITY',_binary '\0',NULL,'product817',99999999,10.00000,NULL,NULL,NULL,NULL,NULL,NULL,'KILOGRAMS',NULL,1426,NULL),(1461,NULL,'2021-04-26 16:03:52',NULL,NULL,NULL,NULL,NULL,'CENTIMETERS',NULL,NULL,NULL,NULL,NULL,NULL,NULL,NULL,'CHECK_QUANTITY',_binary '\0',NULL,'product818',99999999,10.00000,NULL,NULL,NULL,NULL,NULL,NULL,'KILOGRAMS',NULL,1427,NULL),(1462,NULL,'2021-04-26 16:03:52',NULL,NULL,NULL,NULL,NULL,'CENTIMETERS',NULL,NULL,NULL,NULL,NULL,NULL,NULL,NULL,'CHECK_QUANTITY',_binary '\0',NULL,'product819',99999999,10.00000,NULL,NULL,NULL,NULL,NULL,NULL,'KILOGRAMS',NULL,1428,NULL),(1463,NULL,'2021-04-26 16:03:52',NULL,NULL,NULL,NULL,NULL,'CENTIMETERS',NULL,NULL,NULL,NULL,NULL,NULL,NULL,NULL,'CHECK_QUANTITY',_binary '\0',NULL,'product820',99999999,10.00000,NULL,NULL,NULL,NULL,NULL,NULL,'KILOGRAMS',NULL,1429,NULL),(1464,NULL,'2021-04-26 16:03:52',NULL,NULL,NULL,NULL,NULL,'CENTIMETERS',NULL,NULL,NULL,NULL,NULL,NULL,NULL,NULL,'CHECK_QUANTITY',_binary '\0',NULL,'product821',99999999,10.00000,NULL,NULL,NULL,NULL,NULL,NULL,'KILOGRAMS',NULL,1430,NULL),(1465,NULL,'2021-04-26 16:03:52',NULL,NULL,NULL,NULL,NULL,'CENTIMETERS',NULL,NULL,NULL,NULL,NULL,NULL,NULL,NULL,'CHECK_QUANTITY',_binary '\0',NULL,'product822',99999999,10.00000,NULL,NULL,NULL,NULL,NULL,NULL,'KILOGRAMS',NULL,1431,NULL),(1466,NULL,'2021-04-26 16:03:52',NULL,NULL,NULL,NULL,NULL,'CENTIMETERS',NULL,NULL,NULL,NULL,NULL,NULL,NULL,NULL,'CHECK_QUANTITY',_binary '\0',NULL,'product823',99999999,10.00000,NULL,NULL,NULL,NULL,NULL,NULL,'KILOGRAMS',NULL,1432,NULL),(1467,NULL,'2021-04-26 16:03:52',NULL,NULL,NULL,NULL,NULL,'CENTIMETERS',NULL,NULL,NULL,NULL,NULL,NULL,NULL,NULL,'CHECK_QUANTITY',_binary '\0',NULL,'product824',99999999,10.00000,NULL,NULL,NULL,NULL,NULL,NULL,'KILOGRAMS',NULL,1433,NULL),(1468,NULL,'2021-04-26 16:03:52',NULL,NULL,NULL,NULL,NULL,'CENTIMETERS',NULL,NULL,NULL,NULL,NULL,NULL,NULL,NULL,'CHECK_QUANTITY',_binary '\0',NULL,'product825',99999999,10.00000,NULL,NULL,NULL,NULL,NULL,NULL,'KILOGRAMS',NULL,1434,NULL),(1469,NULL,'2021-04-26 16:03:52',NULL,NULL,NULL,NULL,NULL,'CENTIMETERS',NULL,NULL,NULL,NULL,NULL,NULL,NULL,NULL,'CHECK_QUANTITY',_binary '\0',NULL,'product826',99999999,10.00000,NULL,NULL,NULL,NULL,NULL,NULL,'KILOGRAMS',NULL,1435,NULL),(1470,NULL,'2021-04-26 16:03:52',NULL,NULL,NULL,NULL,NULL,'CENTIMETERS',NULL,NULL,NULL,NULL,NULL,NULL,NULL,NULL,'CHECK_QUANTITY',_binary '\0',NULL,'product827',99999999,10.00000,NULL,NULL,NULL,NULL,NULL,NULL,'KILOGRAMS',NULL,1436,NULL),(1471,NULL,'2021-04-26 16:03:52',NULL,NULL,NULL,NULL,NULL,'CENTIMETERS',NULL,NULL,NULL,NULL,NULL,NULL,NULL,NULL,'CHECK_QUANTITY',_binary '\0',NULL,'product828',99999999,10.00000,NULL,NULL,NULL,NULL,NULL,NULL,'KILOGRAMS',NULL,1437,NULL),(1472,NULL,'2021-04-26 16:03:52',NULL,NULL,NULL,NULL,NULL,'CENTIMETERS',NULL,NULL,NULL,NULL,NULL,NULL,NULL,NULL,'CHECK_QUANTITY',_binary '\0',NULL,'product829',99999999,10.00000,NULL,NULL,NULL,NULL,NULL,NULL,'KILOGRAMS',NULL,1438,NULL),(1473,NULL,'2021-04-26 16:03:52',NULL,NULL,NULL,NULL,NULL,'CENTIMETERS',NULL,NULL,NULL,NULL,NULL,NULL,NULL,NULL,'CHECK_QUANTITY',_binary '\0',NULL,'product830',99999999,10.00000,NULL,NULL,NULL,NULL,NULL,NULL,'KILOGRAMS',NULL,1439,NULL),(1474,NULL,'2021-04-26 16:03:52',NULL,NULL,NULL,NULL,NULL,'CENTIMETERS',NULL,NULL,NULL,NULL,NULL,NULL,NULL,NULL,'CHECK_QUANTITY',_binary '\0',NULL,'product831',99999999,10.00000,NULL,NULL,NULL,NULL,NULL,NULL,'KILOGRAMS',NULL,1440,NULL),(1475,NULL,'2021-04-26 16:03:52',NULL,NULL,NULL,NULL,NULL,'CENTIMETERS',NULL,NULL,NULL,NULL,NULL,NULL,NULL,NULL,'CHECK_QUANTITY',_binary '\0',NULL,'product832',99999999,10.00000,NULL,NULL,NULL,NULL,NULL,NULL,'KILOGRAMS',NULL,1441,NULL),(1476,NULL,'2021-04-26 16:03:52',NULL,NULL,NULL,NULL,NULL,'CENTIMETERS',NULL,NULL,NULL,NULL,NULL,NULL,NULL,NULL,'CHECK_QUANTITY',_binary '\0',NULL,'product833',99999999,10.00000,NULL,NULL,NULL,NULL,NULL,NULL,'KILOGRAMS',NULL,1442,NULL),(1477,NULL,'2021-04-26 16:03:52',NULL,NULL,NULL,NULL,NULL,'CENTIMETERS',NULL,NULL,NULL,NULL,NULL,NULL,NULL,NULL,'CHECK_QUANTITY',_binary '\0',NULL,'product834',99999999,10.00000,NULL,NULL,NULL,NULL,NULL,NULL,'KILOGRAMS',NULL,1443,NULL),(1478,NULL,'2021-04-26 16:03:52',NULL,NULL,NULL,NULL,NULL,'CENTIMETERS',NULL,NULL,NULL,NULL,NULL,NULL,NULL,NULL,'CHECK_QUANTITY',_binary '\0',NULL,'product835',99999999,10.00000,NULL,NULL,NULL,NULL,NULL,NULL,'KILOGRAMS',NULL,1444,NULL),(1479,NULL,'2021-04-26 16:03:52',NULL,NULL,NULL,NULL,NULL,'CENTIMETERS',NULL,NULL,NULL,NULL,NULL,NULL,NULL,NULL,'CHECK_QUANTITY',_binary '\0',NULL,'product836',99999999,10.00000,NULL,NULL,NULL,NULL,NULL,NULL,'KILOGRAMS',NULL,1445,NULL),(1480,NULL,'2021-04-26 16:03:52',NULL,NULL,NULL,NULL,NULL,'CENTIMETERS',NULL,NULL,NULL,NULL,NULL,NULL,NULL,NULL,'CHECK_QUANTITY',_binary '\0',NULL,'product837',99999999,10.00000,NULL,NULL,NULL,NULL,NULL,NULL,'KILOGRAMS',NULL,1446,NULL),(1481,NULL,'2021-04-26 16:03:52',NULL,NULL,NULL,NULL,NULL,'CENTIMETERS',NULL,NULL,NULL,NULL,NULL,NULL,NULL,NULL,'CHECK_QUANTITY',_binary '\0',NULL,'product838',99999999,10.00000,NULL,NULL,NULL,NULL,NULL,NULL,'KILOGRAMS',NULL,1447,NULL),(1482,NULL,'2021-04-26 16:03:52',NULL,NULL,NULL,NULL,NULL,'CENTIMETERS',NULL,NULL,NULL,NULL,NULL,NULL,NULL,NULL,'CHECK_QUANTITY',_binary '\0',NULL,'product839',99999999,10.00000,NULL,NULL,NULL,NULL,NULL,NULL,'KILOGRAMS',NULL,1448,NULL),(1483,NULL,'2021-04-26 16:03:52',NULL,NULL,NULL,NULL,NULL,'CENTIMETERS',NULL,NULL,NULL,NULL,NULL,NULL,NULL,NULL,'CHECK_QUANTITY',_binary '\0',NULL,'product840',99999999,10.00000,NULL,NULL,NULL,NULL,NULL,NULL,'KILOGRAMS',NULL,1449,NULL),(1484,NULL,'2021-04-26 16:03:52',NULL,NULL,NULL,NULL,NULL,'CENTIMETERS',NULL,NULL,NULL,NULL,NULL,NULL,NULL,NULL,'CHECK_QUANTITY',_binary '\0',NULL,'product841',99999999,10.00000,NULL,NULL,NULL,NULL,NULL,NULL,'KILOGRAMS',NULL,1450,NULL),(1485,NULL,'2021-04-26 16:03:52',NULL,NULL,NULL,NULL,NULL,'CENTIMETERS',NULL,NULL,NULL,NULL,NULL,NULL,NULL,NULL,'CHECK_QUANTITY',_binary '\0',NULL,'product842',99999999,10.00000,NULL,NULL,NULL,NULL,NULL,NULL,'KILOGRAMS',NULL,1451,NULL),(1486,NULL,'2021-04-26 16:03:52',NULL,NULL,NULL,NULL,NULL,'CENTIMETERS',NULL,NULL,NULL,NULL,NULL,NULL,NULL,NULL,'CHECK_QUANTITY',_binary '\0',NULL,'product843',99999999,10.00000,NULL,NULL,NULL,NULL,NULL,NULL,'KILOGRAMS',NULL,1452,NULL),(1487,NULL,'2021-04-26 16:03:52',NULL,NULL,NULL,NULL,NULL,'CENTIMETERS',NULL,NULL,NULL,NULL,NULL,NULL,NULL,NULL,'CHECK_QUANTITY',_binary '\0',NULL,'product844',99999999,10.00000,NULL,NULL,NULL,NULL,NULL,NULL,'KILOGRAMS',NULL,1453,NULL),(1488,NULL,'2021-04-26 16:03:52',NULL,NULL,NULL,NULL,NULL,'CENTIMETERS',NULL,NULL,NULL,NULL,NULL,NULL,NULL,NULL,'CHECK_QUANTITY',_binary '\0',NULL,'product845',99999999,10.00000,NULL,NULL,NULL,NULL,NULL,NULL,'KILOGRAMS',NULL,1454,NULL),(1489,NULL,'2021-04-26 16:03:52',NULL,NULL,NULL,NULL,NULL,'CENTIMETERS',NULL,NULL,NULL,NULL,NULL,NULL,NULL,NULL,'CHECK_QUANTITY',_binary '\0',NULL,'product846',99999999,10.00000,NULL,NULL,NULL,NULL,NULL,NULL,'KILOGRAMS',NULL,1455,NULL),(1490,NULL,'2021-04-26 16:03:52',NULL,NULL,NULL,NULL,NULL,'CENTIMETERS',NULL,NULL,NULL,NULL,NULL,NULL,NULL,NULL,'CHECK_QUANTITY',_binary '\0',NULL,'product847',99999999,10.00000,NULL,NULL,NULL,NULL,NULL,NULL,'KILOGRAMS',NULL,1456,NULL),(1491,NULL,'2021-04-26 16:03:52',NULL,NULL,NULL,NULL,NULL,'CENTIMETERS',NULL,NULL,NULL,NULL,NULL,NULL,NULL,NULL,'CHECK_QUANTITY',_binary '\0',NULL,'product848',99999999,10.00000,NULL,NULL,NULL,NULL,NULL,NULL,'KILOGRAMS',NULL,1457,NULL),(1492,NULL,'2021-04-26 16:03:52',NULL,NULL,NULL,NULL,NULL,'CENTIMETERS',NULL,NULL,NULL,NULL,NULL,NULL,NULL,NULL,'CHECK_QUANTITY',_binary '\0',NULL,'product849',99999999,10.00000,NULL,NULL,NULL,NULL,NULL,NULL,'KILOGRAMS',NULL,1458,NULL),(1493,NULL,'2021-04-26 16:03:52',NULL,NULL,NULL,NULL,NULL,'CENTIMETERS',NULL,NULL,NULL,NULL,NULL,NULL,NULL,NULL,'CHECK_QUANTITY',_binary '\0',NULL,'product850',99999999,10.00000,NULL,NULL,NULL,NULL,NULL,NULL,'KILOGRAMS',NULL,1459,NULL),(1494,NULL,'2021-04-26 16:03:52',NULL,NULL,NULL,NULL,NULL,'CENTIMETERS',NULL,NULL,NULL,NULL,NULL,NULL,NULL,NULL,'CHECK_QUANTITY',_binary '\0',NULL,'product851',99999999,10.00000,NULL,NULL,NULL,NULL,NULL,NULL,'KILOGRAMS',NULL,1460,NULL),(1495,NULL,'2021-04-26 16:03:52',NULL,NULL,NULL,NULL,NULL,'CENTIMETERS',NULL,NULL,NULL,NULL,NULL,NULL,NULL,NULL,'CHECK_QUANTITY',_binary '\0',NULL,'product852',99999999,10.00000,NULL,NULL,NULL,NULL,NULL,NULL,'KILOGRAMS',NULL,1461,NULL),(1496,NULL,'2021-04-26 16:03:52',NULL,NULL,NULL,NULL,NULL,'CENTIMETERS',NULL,NULL,NULL,NULL,NULL,NULL,NULL,NULL,'CHECK_QUANTITY',_binary '\0',NULL,'product853',99999999,10.00000,NULL,NULL,NULL,NULL,NULL,NULL,'KILOGRAMS',NULL,1462,NULL),(1497,NULL,'2021-04-26 16:03:52',NULL,NULL,NULL,NULL,NULL,'CENTIMETERS',NULL,NULL,NULL,NULL,NULL,NULL,NULL,NULL,'CHECK_QUANTITY',_binary '\0',NULL,'product854',99999999,10.00000,NULL,NULL,NULL,NULL,NULL,NULL,'KILOGRAMS',NULL,1463,NULL),(1498,NULL,'2021-04-26 16:03:52',NULL,NULL,NULL,NULL,NULL,'CENTIMETERS',NULL,NULL,NULL,NULL,NULL,NULL,NULL,NULL,'CHECK_QUANTITY',_binary '\0',NULL,'product855',99999999,10.00000,NULL,NULL,NULL,NULL,NULL,NULL,'KILOGRAMS',NULL,1464,NULL),(1499,NULL,'2021-04-26 16:03:52',NULL,NULL,NULL,NULL,NULL,'CENTIMETERS',NULL,NULL,NULL,NULL,NULL,NULL,NULL,NULL,'CHECK_QUANTITY',_binary '\0',NULL,'product856',99999999,10.00000,NULL,NULL,NULL,NULL,NULL,NULL,'KILOGRAMS',NULL,1465,NULL),(1500,NULL,'2021-04-26 16:03:52',NULL,NULL,NULL,NULL,NULL,'CENTIMETERS',NULL,NULL,NULL,NULL,NULL,NULL,NULL,NULL,'CHECK_QUANTITY',_binary '\0',NULL,'product857',99999999,10.00000,NULL,NULL,NULL,NULL,NULL,NULL,'KILOGRAMS',NULL,1466,NULL),(1501,NULL,'2021-04-26 16:03:52',NULL,NULL,NULL,NULL,NULL,'CENTIMETERS',NULL,NULL,NULL,NULL,NULL,NULL,NULL,NULL,'CHECK_QUANTITY',_binary '\0',NULL,'product858',99999999,10.00000,NULL,NULL,NULL,NULL,NULL,NULL,'KILOGRAMS',NULL,1467,NULL),(1502,NULL,'2021-04-26 16:03:52',NULL,NULL,NULL,NULL,NULL,'CENTIMETERS',NULL,NULL,NULL,NULL,NULL,NULL,NULL,NULL,'CHECK_QUANTITY',_binary '\0',NULL,'product859',99999999,10.00000,NULL,NULL,NULL,NULL,NULL,NULL,'KILOGRAMS',NULL,1468,NULL),(1503,NULL,'2021-04-26 16:03:52',NULL,NULL,NULL,NULL,NULL,'CENTIMETERS',NULL,NULL,NULL,NULL,NULL,NULL,NULL,NULL,'CHECK_QUANTITY',_binary '\0',NULL,'product860',99999999,10.00000,NULL,NULL,NULL,NULL,NULL,NULL,'KILOGRAMS',NULL,1469,NULL),(1504,NULL,'2021-04-26 16:03:52',NULL,NULL,NULL,NULL,NULL,'CENTIMETERS',NULL,NULL,NULL,NULL,NULL,NULL,NULL,NULL,'CHECK_QUANTITY',_binary '\0',NULL,'product861',99999999,10.00000,NULL,NULL,NULL,NULL,NULL,NULL,'KILOGRAMS',NULL,1470,NULL),(1505,NULL,'2021-04-26 16:03:52',NULL,NULL,NULL,NULL,NULL,'CENTIMETERS',NULL,NULL,NULL,NULL,NULL,NULL,NULL,NULL,'CHECK_QUANTITY',_binary '\0',NULL,'product862',99999999,10.00000,NULL,NULL,NULL,NULL,NULL,NULL,'KILOGRAMS',NULL,1471,NULL),(1506,NULL,'2021-04-26 16:03:52',NULL,NULL,NULL,NULL,NULL,'CENTIMETERS',NULL,NULL,NULL,NULL,NULL,NULL,NULL,NULL,'CHECK_QUANTITY',_binary '\0',NULL,'product863',99999999,10.00000,NULL,NULL,NULL,NULL,NULL,NULL,'KILOGRAMS',NULL,1472,NULL),(1507,NULL,'2021-04-26 16:03:52',NULL,NULL,NULL,NULL,NULL,'CENTIMETERS',NULL,NULL,NULL,NULL,NULL,NULL,NULL,NULL,'CHECK_QUANTITY',_binary '\0',NULL,'product864',99999999,10.00000,NULL,NULL,NULL,NULL,NULL,NULL,'KILOGRAMS',NULL,1473,NULL),(1508,NULL,'2021-04-26 16:03:52',NULL,NULL,NULL,NULL,NULL,'CENTIMETERS',NULL,NULL,NULL,NULL,NULL,NULL,NULL,NULL,'CHECK_QUANTITY',_binary '\0',NULL,'product865',99999999,10.00000,NULL,NULL,NULL,NULL,NULL,NULL,'KILOGRAMS',NULL,1474,NULL),(1509,NULL,'2021-04-26 16:03:52',NULL,NULL,NULL,NULL,NULL,'CENTIMETERS',NULL,NULL,NULL,NULL,NULL,NULL,NULL,NULL,'CHECK_QUANTITY',_binary '\0',NULL,'product866',99999999,10.00000,NULL,NULL,NULL,NULL,NULL,NULL,'KILOGRAMS',NULL,1475,NULL),(1510,NULL,'2021-04-26 16:03:52',NULL,NULL,NULL,NULL,NULL,'CENTIMETERS',NULL,NULL,NULL,NULL,NULL,NULL,NULL,NULL,'CHECK_QUANTITY',_binary '\0',NULL,'product867',99999999,10.00000,NULL,NULL,NULL,NULL,NULL,NULL,'KILOGRAMS',NULL,1476,NULL),(1511,NULL,'2021-04-26 16:03:52',NULL,NULL,NULL,NULL,NULL,'CENTIMETERS',NULL,NULL,NULL,NULL,NULL,NULL,NULL,NULL,'CHECK_QUANTITY',_binary '\0',NULL,'product868',99999999,10.00000,NULL,NULL,NULL,NULL,NULL,NULL,'KILOGRAMS',NULL,1477,NULL),(1512,NULL,'2021-04-26 16:03:52',NULL,NULL,NULL,NULL,NULL,'CENTIMETERS',NULL,NULL,NULL,NULL,NULL,NULL,NULL,NULL,'CHECK_QUANTITY',_binary '\0',NULL,'product869',99999999,10.00000,NULL,NULL,NULL,NULL,NULL,NULL,'KILOGRAMS',NULL,1478,NULL),(1513,NULL,'2021-04-26 16:03:52',NULL,NULL,NULL,NULL,NULL,'CENTIMETERS',NULL,NULL,NULL,NULL,NULL,NULL,NULL,NULL,'CHECK_QUANTITY',_binary '\0',NULL,'product870',99999999,10.00000,NULL,NULL,NULL,NULL,NULL,NULL,'KILOGRAMS',NULL,1479,NULL),(1514,NULL,'2021-04-26 16:03:52',NULL,NULL,NULL,NULL,NULL,'CENTIMETERS',NULL,NULL,NULL,NULL,NULL,NULL,NULL,NULL,'CHECK_QUANTITY',_binary '\0',NULL,'product871',99999999,10.00000,NULL,NULL,NULL,NULL,NULL,NULL,'KILOGRAMS',NULL,1480,NULL),(1515,NULL,'2021-04-26 16:03:52',NULL,NULL,NULL,NULL,NULL,'CENTIMETERS',NULL,NULL,NULL,NULL,NULL,NULL,NULL,NULL,'CHECK_QUANTITY',_binary '\0',NULL,'product872',99999999,10.00000,NULL,NULL,NULL,NULL,NULL,NULL,'KILOGRAMS',NULL,1481,NULL),(1516,NULL,'2021-04-26 16:03:52',NULL,NULL,NULL,NULL,NULL,'CENTIMETERS',NULL,NULL,NULL,NULL,NULL,NULL,NULL,NULL,'CHECK_QUANTITY',_binary '\0',NULL,'product873',99999999,10.00000,NULL,NULL,NULL,NULL,NULL,NULL,'KILOGRAMS',NULL,1482,NULL),(1517,NULL,'2021-04-26 16:03:52',NULL,NULL,NULL,NULL,NULL,'CENTIMETERS',NULL,NULL,NULL,NULL,NULL,NULL,NULL,NULL,'CHECK_QUANTITY',_binary '\0',NULL,'product874',99999999,10.00000,NULL,NULL,NULL,NULL,NULL,NULL,'KILOGRAMS',NULL,1483,NULL),(1518,NULL,'2021-04-26 16:03:52',NULL,NULL,NULL,NULL,NULL,'CENTIMETERS',NULL,NULL,NULL,NULL,NULL,NULL,NULL,NULL,'CHECK_QUANTITY',_binary '\0',NULL,'product875',99999999,10.00000,NULL,NULL,NULL,NULL,NULL,NULL,'KILOGRAMS',NULL,1484,NULL),(1519,NULL,'2021-04-26 16:03:52',NULL,NULL,NULL,NULL,NULL,'CENTIMETERS',NULL,NULL,NULL,NULL,NULL,NULL,NULL,NULL,'CHECK_QUANTITY',_binary '\0',NULL,'product876',99999999,10.00000,NULL,NULL,NULL,NULL,NULL,NULL,'KILOGRAMS',NULL,1485,NULL),(1520,NULL,'2021-04-26 16:03:52',NULL,NULL,NULL,NULL,NULL,'CENTIMETERS',NULL,NULL,NULL,NULL,NULL,NULL,NULL,NULL,'CHECK_QUANTITY',_binary '\0',NULL,'product877',99999999,10.00000,NULL,NULL,NULL,NULL,NULL,NULL,'KILOGRAMS',NULL,1486,NULL),(1521,NULL,'2021-04-26 16:03:52',NULL,NULL,NULL,NULL,NULL,'CENTIMETERS',NULL,NULL,NULL,NULL,NULL,NULL,NULL,NULL,'CHECK_QUANTITY',_binary '\0',NULL,'product878',99999999,10.00000,NULL,NULL,NULL,NULL,NULL,NULL,'KILOGRAMS',NULL,1487,NULL),(1522,NULL,'2021-04-26 16:03:52',NULL,NULL,NULL,NULL,NULL,'CENTIMETERS',NULL,NULL,NULL,NULL,NULL,NULL,NULL,NULL,'CHECK_QUANTITY',_binary '\0',NULL,'product879',99999999,10.00000,NULL,NULL,NULL,NULL,NULL,NULL,'KILOGRAMS',NULL,1488,NULL),(1523,NULL,'2021-04-26 16:03:52',NULL,NULL,NULL,NULL,NULL,'CENTIMETERS',NULL,NULL,NULL,NULL,NULL,NULL,NULL,NULL,'CHECK_QUANTITY',_binary '\0',NULL,'product880',99999999,10.00000,NULL,NULL,NULL,NULL,NULL,NULL,'KILOGRAMS',NULL,1489,NULL),(1524,NULL,'2021-04-26 16:03:52',NULL,NULL,NULL,NULL,NULL,'CENTIMETERS',NULL,NULL,NULL,NULL,NULL,NULL,NULL,NULL,'CHECK_QUANTITY',_binary '\0',NULL,'product881',99999999,10.00000,NULL,NULL,NULL,NULL,NULL,NULL,'KILOGRAMS',NULL,1490,NULL),(1525,NULL,'2021-04-26 16:03:52',NULL,NULL,NULL,NULL,NULL,'CENTIMETERS',NULL,NULL,NULL,NULL,NULL,NULL,NULL,NULL,'CHECK_QUANTITY',_binary '\0',NULL,'product882',99999999,10.00000,NULL,NULL,NULL,NULL,NULL,NULL,'KILOGRAMS',NULL,1491,NULL),(1526,NULL,'2021-04-26 16:03:52',NULL,NULL,NULL,NULL,NULL,'CENTIMETERS',NULL,NULL,NULL,NULL,NULL,NULL,NULL,NULL,'CHECK_QUANTITY',_binary '\0',NULL,'product883',99999999,10.00000,NULL,NULL,NULL,NULL,NULL,NULL,'KILOGRAMS',NULL,1492,NULL),(1527,NULL,'2021-04-26 16:03:52',NULL,NULL,NULL,NULL,NULL,'CENTIMETERS',NULL,NULL,NULL,NULL,NULL,NULL,NULL,NULL,'CHECK_QUANTITY',_binary '\0',NULL,'product884',99999999,10.00000,NULL,NULL,NULL,NULL,NULL,NULL,'KILOGRAMS',NULL,1493,NULL),(1528,NULL,'2021-04-26 16:03:52',NULL,NULL,NULL,NULL,NULL,'CENTIMETERS',NULL,NULL,NULL,NULL,NULL,NULL,NULL,NULL,'CHECK_QUANTITY',_binary '\0',NULL,'product885',99999999,10.00000,NULL,NULL,NULL,NULL,NULL,NULL,'KILOGRAMS',NULL,1494,NULL),(1529,NULL,'2021-04-26 16:03:52',NULL,NULL,NULL,NULL,NULL,'CENTIMETERS',NULL,NULL,NULL,NULL,NULL,NULL,NULL,NULL,'CHECK_QUANTITY',_binary '\0',NULL,'product886',99999999,10.00000,NULL,NULL,NULL,NULL,NULL,NULL,'KILOGRAMS',NULL,1495,NULL),(1530,NULL,'2021-04-26 16:03:52',NULL,NULL,NULL,NULL,NULL,'CENTIMETERS',NULL,NULL,NULL,NULL,NULL,NULL,NULL,NULL,'CHECK_QUANTITY',_binary '\0',NULL,'product887',99999999,10.00000,NULL,NULL,NULL,NULL,NULL,NULL,'KILOGRAMS',NULL,1496,NULL),(1531,NULL,'2021-04-26 16:03:52',NULL,NULL,NULL,NULL,NULL,'CENTIMETERS',NULL,NULL,NULL,NULL,NULL,NULL,NULL,NULL,'CHECK_QUANTITY',_binary '\0',NULL,'product888',99999999,10.00000,NULL,NULL,NULL,NULL,NULL,NULL,'KILOGRAMS',NULL,1497,NULL),(1532,NULL,'2021-04-26 16:03:52',NULL,NULL,NULL,NULL,NULL,'CENTIMETERS',NULL,NULL,NULL,NULL,NULL,NULL,NULL,NULL,'CHECK_QUANTITY',_binary '\0',NULL,'product889',99999999,10.00000,NULL,NULL,NULL,NULL,NULL,NULL,'KILOGRAMS',NULL,1498,NULL),(1533,NULL,'2021-04-26 16:03:52',NULL,NULL,NULL,NULL,NULL,'CENTIMETERS',NULL,NULL,NULL,NULL,NULL,NULL,NULL,NULL,'CHECK_QUANTITY',_binary '\0',NULL,'product890',99999999,10.00000,NULL,NULL,NULL,NULL,NULL,NULL,'KILOGRAMS',NULL,1499,NULL),(1534,NULL,'2021-04-26 16:03:52',NULL,NULL,NULL,NULL,NULL,'CENTIMETERS',NULL,NULL,NULL,NULL,NULL,NULL,NULL,NULL,'CHECK_QUANTITY',_binary '\0',NULL,'product891',99999999,10.00000,NULL,NULL,NULL,NULL,NULL,NULL,'KILOGRAMS',NULL,1500,NULL),(1535,NULL,'2021-04-26 16:03:52',NULL,NULL,NULL,NULL,NULL,'CENTIMETERS',NULL,NULL,NULL,NULL,NULL,NULL,NULL,NULL,'CHECK_QUANTITY',_binary '\0',NULL,'product892',99999999,10.00000,NULL,NULL,NULL,NULL,NULL,NULL,'KILOGRAMS',NULL,1501,NULL),(1536,NULL,'2021-04-26 16:03:52',NULL,NULL,NULL,NULL,NULL,'CENTIMETERS',NULL,NULL,NULL,NULL,NULL,NULL,NULL,NULL,'CHECK_QUANTITY',_binary '\0',NULL,'product893',99999999,10.00000,NULL,NULL,NULL,NULL,NULL,NULL,'KILOGRAMS',NULL,1502,NULL),(1537,NULL,'2021-04-26 16:03:52',NULL,NULL,NULL,NULL,NULL,'CENTIMETERS',NULL,NULL,NULL,NULL,NULL,NULL,NULL,NULL,'CHECK_QUANTITY',_binary '\0',NULL,'product894',99999999,10.00000,NULL,NULL,NULL,NULL,NULL,NULL,'KILOGRAMS',NULL,1503,NULL),(1538,NULL,'2021-04-26 16:03:52',NULL,NULL,NULL,NULL,NULL,'CENTIMETERS',NULL,NULL,NULL,NULL,NULL,NULL,NULL,NULL,'CHECK_QUANTITY',_binary '\0',NULL,'product895',99999999,10.00000,NULL,NULL,NULL,NULL,NULL,NULL,'KILOGRAMS',NULL,1504,NULL),(1539,NULL,'2021-04-26 16:03:52',NULL,NULL,NULL,NULL,NULL,'CENTIMETERS',NULL,NULL,NULL,NULL,NULL,NULL,NULL,NULL,'CHECK_QUANTITY',_binary '\0',NULL,'product896',99999999,10.00000,NULL,NULL,NULL,NULL,NULL,NULL,'KILOGRAMS',NULL,1505,NULL),(1540,NULL,'2021-04-26 16:03:52',NULL,NULL,NULL,NULL,NULL,'CENTIMETERS',NULL,NULL,NULL,NULL,NULL,NULL,NULL,NULL,'CHECK_QUANTITY',_binary '\0',NULL,'product897',99999999,10.00000,NULL,NULL,NULL,NULL,NULL,NULL,'KILOGRAMS',NULL,1506,NULL),(1541,NULL,'2021-04-26 16:03:52',NULL,NULL,NULL,NULL,NULL,'CENTIMETERS',NULL,NULL,NULL,NULL,NULL,NULL,NULL,NULL,'CHECK_QUANTITY',_binary '\0',NULL,'product898',99999999,10.00000,NULL,NULL,NULL,NULL,NULL,NULL,'KILOGRAMS',NULL,1507,NULL),(1542,NULL,'2021-04-26 16:03:52',NULL,NULL,NULL,NULL,NULL,'CENTIMETERS',NULL,NULL,NULL,NULL,NULL,NULL,NULL,NULL,'CHECK_QUANTITY',_binary '\0',NULL,'product899',99999999,10.00000,NULL,NULL,NULL,NULL,NULL,NULL,'KILOGRAMS',NULL,1508,NULL),(1543,NULL,'2021-04-26 16:03:52',NULL,NULL,NULL,NULL,NULL,'CENTIMETERS',NULL,NULL,NULL,NULL,NULL,NULL,NULL,NULL,'CHECK_QUANTITY',_binary '\0',NULL,'product900',99999999,10.00000,NULL,NULL,NULL,NULL,NULL,NULL,'KILOGRAMS',NULL,1509,NULL),(1544,NULL,'2021-04-26 16:03:52',NULL,NULL,NULL,NULL,NULL,'CENTIMETERS',NULL,NULL,NULL,NULL,NULL,NULL,NULL,NULL,'CHECK_QUANTITY',_binary '\0',NULL,'product901',99999999,10.00000,NULL,NULL,NULL,NULL,NULL,NULL,'KILOGRAMS',NULL,1510,NULL),(1545,NULL,'2021-04-26 16:03:52',NULL,NULL,NULL,NULL,NULL,'CENTIMETERS',NULL,NULL,NULL,NULL,NULL,NULL,NULL,NULL,'CHECK_QUANTITY',_binary '\0',NULL,'product902',99999999,10.00000,NULL,NULL,NULL,NULL,NULL,NULL,'KILOGRAMS',NULL,1511,NULL),(1546,NULL,'2021-04-26 16:03:52',NULL,NULL,NULL,NULL,NULL,'CENTIMETERS',NULL,NULL,NULL,NULL,NULL,NULL,NULL,NULL,'CHECK_QUANTITY',_binary '\0',NULL,'product903',99999999,10.00000,NULL,NULL,NULL,NULL,NULL,NULL,'KILOGRAMS',NULL,1512,NULL),(1547,NULL,'2021-04-26 16:03:52',NULL,NULL,NULL,NULL,NULL,'CENTIMETERS',NULL,NULL,NULL,NULL,NULL,NULL,NULL,NULL,'CHECK_QUANTITY',_binary '\0',NULL,'product904',99999999,10.00000,NULL,NULL,NULL,NULL,NULL,NULL,'KILOGRAMS',NULL,1513,NULL),(1548,NULL,'2021-04-26 16:03:52',NULL,NULL,NULL,NULL,NULL,'CENTIMETERS',NULL,NULL,NULL,NULL,NULL,NULL,NULL,NULL,'CHECK_QUANTITY',_binary '\0',NULL,'product905',99999999,10.00000,NULL,NULL,NULL,NULL,NULL,NULL,'KILOGRAMS',NULL,1514,NULL),(1549,NULL,'2021-04-26 16:03:52',NULL,NULL,NULL,NULL,NULL,'CENTIMETERS',NULL,NULL,NULL,NULL,NULL,NULL,NULL,NULL,'CHECK_QUANTITY',_binary '\0',NULL,'product906',99999999,10.00000,NULL,NULL,NULL,NULL,NULL,NULL,'KILOGRAMS',NULL,1515,NULL),(1550,NULL,'2021-04-26 16:03:52',NULL,NULL,NULL,NULL,NULL,'CENTIMETERS',NULL,NULL,NULL,NULL,NULL,NULL,NULL,NULL,'CHECK_QUANTITY',_binary '\0',NULL,'product907',99999999,10.00000,NULL,NULL,NULL,NULL,NULL,NULL,'KILOGRAMS',NULL,1516,NULL),(1551,NULL,'2021-04-26 16:03:52',NULL,NULL,NULL,NULL,NULL,'CENTIMETERS',NULL,NULL,NULL,NULL,NULL,NULL,NULL,NULL,'CHECK_QUANTITY',_binary '\0',NULL,'product908',99999999,10.00000,NULL,NULL,NULL,NULL,NULL,NULL,'KILOGRAMS',NULL,1517,NULL),(1552,NULL,'2021-04-26 16:03:52',NULL,NULL,NULL,NULL,NULL,'CENTIMETERS',NULL,NULL,NULL,NULL,NULL,NULL,NULL,NULL,'CHECK_QUANTITY',_binary '\0',NULL,'product909',99999999,10.00000,NULL,NULL,NULL,NULL,NULL,NULL,'KILOGRAMS',NULL,1518,NULL),(1553,NULL,'2021-04-26 16:03:52',NULL,NULL,NULL,NULL,NULL,'CENTIMETERS',NULL,NULL,NULL,NULL,NULL,NULL,NULL,NULL,'CHECK_QUANTITY',_binary '\0',NULL,'product910',99999999,10.00000,NULL,NULL,NULL,NULL,NULL,NULL,'KILOGRAMS',NULL,1519,NULL),(1554,NULL,'2021-04-26 16:03:52',NULL,NULL,NULL,NULL,NULL,'CENTIMETERS',NULL,NULL,NULL,NULL,NULL,NULL,NULL,NULL,'CHECK_QUANTITY',_binary '\0',NULL,'product911',99999999,10.00000,NULL,NULL,NULL,NULL,NULL,NULL,'KILOGRAMS',NULL,1520,NULL),(1555,NULL,'2021-04-26 16:03:52',NULL,NULL,NULL,NULL,NULL,'CENTIMETERS',NULL,NULL,NULL,NULL,NULL,NULL,NULL,NULL,'CHECK_QUANTITY',_binary '\0',NULL,'product912',99999999,10.00000,NULL,NULL,NULL,NULL,NULL,NULL,'KILOGRAMS',NULL,1521,NULL),(1556,NULL,'2021-04-26 16:03:52',NULL,NULL,NULL,NULL,NULL,'CENTIMETERS',NULL,NULL,NULL,NULL,NULL,NULL,NULL,NULL,'CHECK_QUANTITY',_binary '\0',NULL,'product913',99999999,10.00000,NULL,NULL,NULL,NULL,NULL,NULL,'KILOGRAMS',NULL,1522,NULL),(1557,NULL,'2021-04-26 16:03:52',NULL,NULL,NULL,NULL,NULL,'CENTIMETERS',NULL,NULL,NULL,NULL,NULL,NULL,NULL,NULL,'CHECK_QUANTITY',_binary '\0',NULL,'product914',99999999,10.00000,NULL,NULL,NULL,NULL,NULL,NULL,'KILOGRAMS',NULL,1523,NULL),(1558,NULL,'2021-04-26 16:03:52',NULL,NULL,NULL,NULL,NULL,'CENTIMETERS',NULL,NULL,NULL,NULL,NULL,NULL,NULL,NULL,'CHECK_QUANTITY',_binary '\0',NULL,'product915',99999999,10.00000,NULL,NULL,NULL,NULL,NULL,NULL,'KILOGRAMS',NULL,1524,NULL),(1559,NULL,'2021-04-26 16:03:52',NULL,NULL,NULL,NULL,NULL,'CENTIMETERS',NULL,NULL,NULL,NULL,NULL,NULL,NULL,NULL,'CHECK_QUANTITY',_binary '\0',NULL,'product916',99999999,10.00000,NULL,NULL,NULL,NULL,NULL,NULL,'KILOGRAMS',NULL,1525,NULL),(1560,NULL,'2021-04-26 16:03:52',NULL,NULL,NULL,NULL,NULL,'CENTIMETERS',NULL,NULL,NULL,NULL,NULL,NULL,NULL,NULL,'CHECK_QUANTITY',_binary '\0',NULL,'product917',99999999,10.00000,NULL,NULL,NULL,NULL,NULL,NULL,'KILOGRAMS',NULL,1526,NULL),(1561,NULL,'2021-04-26 16:03:52',NULL,NULL,NULL,NULL,NULL,'CENTIMETERS',NULL,NULL,NULL,NULL,NULL,NULL,NULL,NULL,'CHECK_QUANTITY',_binary '\0',NULL,'product918',99999999,10.00000,NULL,NULL,NULL,NULL,NULL,NULL,'KILOGRAMS',NULL,1527,NULL),(1562,NULL,'2021-04-26 16:03:52',NULL,NULL,NULL,NULL,NULL,'CENTIMETERS',NULL,NULL,NULL,NULL,NULL,NULL,NULL,NULL,'CHECK_QUANTITY',_binary '\0',NULL,'product919',99999999,10.00000,NULL,NULL,NULL,NULL,NULL,NULL,'KILOGRAMS',NULL,1528,NULL),(1563,NULL,'2021-04-26 16:03:52',NULL,NULL,NULL,NULL,NULL,'CENTIMETERS',NULL,NULL,NULL,NULL,NULL,NULL,NULL,NULL,'CHECK_QUANTITY',_binary '\0',NULL,'product920',99999999,10.00000,NULL,NULL,NULL,NULL,NULL,NULL,'KILOGRAMS',NULL,1529,NULL),(1564,NULL,'2021-04-26 16:03:52',NULL,NULL,NULL,NULL,NULL,'CENTIMETERS',NULL,NULL,NULL,NULL,NULL,NULL,NULL,NULL,'CHECK_QUANTITY',_binary '\0',NULL,'product921',99999999,10.00000,NULL,NULL,NULL,NULL,NULL,NULL,'KILOGRAMS',NULL,1530,NULL),(1565,NULL,'2021-04-26 16:03:52',NULL,NULL,NULL,NULL,NULL,'CENTIMETERS',NULL,NULL,NULL,NULL,NULL,NULL,NULL,NULL,'CHECK_QUANTITY',_binary '\0',NULL,'product922',99999999,10.00000,NULL,NULL,NULL,NULL,NULL,NULL,'KILOGRAMS',NULL,1531,NULL),(1566,NULL,'2021-04-26 16:03:52',NULL,NULL,NULL,NULL,NULL,'CENTIMETERS',NULL,NULL,NULL,NULL,NULL,NULL,NULL,NULL,'CHECK_QUANTITY',_binary '\0',NULL,'product923',99999999,10.00000,NULL,NULL,NULL,NULL,NULL,NULL,'KILOGRAMS',NULL,1532,NULL),(1567,NULL,'2021-04-26 16:03:52',NULL,NULL,NULL,NULL,NULL,'CENTIMETERS',NULL,NULL,NULL,NULL,NULL,NULL,NULL,NULL,'CHECK_QUANTITY',_binary '\0',NULL,'product924',99999999,10.00000,NULL,NULL,NULL,NULL,NULL,NULL,'KILOGRAMS',NULL,1533,NULL),(1568,NULL,'2021-04-26 16:03:52',NULL,NULL,NULL,NULL,NULL,'CENTIMETERS',NULL,NULL,NULL,NULL,NULL,NULL,NULL,NULL,'CHECK_QUANTITY',_binary '\0',NULL,'product925',99999999,10.00000,NULL,NULL,NULL,NULL,NULL,NULL,'KILOGRAMS',NULL,1534,NULL),(1569,NULL,'2021-04-26 16:03:52',NULL,NULL,NULL,NULL,NULL,'CENTIMETERS',NULL,NULL,NULL,NULL,NULL,NULL,NULL,NULL,'CHECK_QUANTITY',_binary '\0',NULL,'product926',99999999,10.00000,NULL,NULL,NULL,NULL,NULL,NULL,'KILOGRAMS',NULL,1535,NULL),(1570,NULL,'2021-04-26 16:03:52',NULL,NULL,NULL,NULL,NULL,'CENTIMETERS',NULL,NULL,NULL,NULL,NULL,NULL,NULL,NULL,'CHECK_QUANTITY',_binary '\0',NULL,'product927',99999999,10.00000,NULL,NULL,NULL,NULL,NULL,NULL,'KILOGRAMS',NULL,1536,NULL),(1571,NULL,'2021-04-26 16:03:52',NULL,NULL,NULL,NULL,NULL,'CENTIMETERS',NULL,NULL,NULL,NULL,NULL,NULL,NULL,NULL,'CHECK_QUANTITY',_binary '\0',NULL,'product928',99999999,10.00000,NULL,NULL,NULL,NULL,NULL,NULL,'KILOGRAMS',NULL,1537,NULL),(1572,NULL,'2021-04-26 16:03:52',NULL,NULL,NULL,NULL,NULL,'CENTIMETERS',NULL,NULL,NULL,NULL,NULL,NULL,NULL,NULL,'CHECK_QUANTITY',_binary '\0',NULL,'product929',99999999,10.00000,NULL,NULL,NULL,NULL,NULL,NULL,'KILOGRAMS',NULL,1538,NULL),(1573,NULL,'2021-04-26 16:03:52',NULL,NULL,NULL,NULL,NULL,'CENTIMETERS',NULL,NULL,NULL,NULL,NULL,NULL,NULL,NULL,'CHECK_QUANTITY',_binary '\0',NULL,'product930',99999999,10.00000,NULL,NULL,NULL,NULL,NULL,NULL,'KILOGRAMS',NULL,1539,NULL),(1574,NULL,'2021-04-26 16:03:52',NULL,NULL,NULL,NULL,NULL,'CENTIMETERS',NULL,NULL,NULL,NULL,NULL,NULL,NULL,NULL,'CHECK_QUANTITY',_binary '\0',NULL,'product931',99999999,10.00000,NULL,NULL,NULL,NULL,NULL,NULL,'KILOGRAMS',NULL,1540,NULL),(1575,NULL,'2021-04-26 16:03:52',NULL,NULL,NULL,NULL,NULL,'CENTIMETERS',NULL,NULL,NULL,NULL,NULL,NULL,NULL,NULL,'CHECK_QUANTITY',_binary '\0',NULL,'product932',99999999,10.00000,NULL,NULL,NULL,NULL,NULL,NULL,'KILOGRAMS',NULL,1541,NULL),(1576,NULL,'2021-04-26 16:03:52',NULL,NULL,NULL,NULL,NULL,'CENTIMETERS',NULL,NULL,NULL,NULL,NULL,NULL,NULL,NULL,'CHECK_QUANTITY',_binary '\0',NULL,'product933',99999999,10.00000,NULL,NULL,NULL,NULL,NULL,NULL,'KILOGRAMS',NULL,1542,NULL),(1577,NULL,'2021-04-26 16:03:52',NULL,NULL,NULL,NULL,NULL,'CENTIMETERS',NULL,NULL,NULL,NULL,NULL,NULL,NULL,NULL,'CHECK_QUANTITY',_binary '\0',NULL,'product934',99999999,10.00000,NULL,NULL,NULL,NULL,NULL,NULL,'KILOGRAMS',NULL,1543,NULL),(1578,NULL,'2021-04-26 16:03:52',NULL,NULL,NULL,NULL,NULL,'CENTIMETERS',NULL,NULL,NULL,NULL,NULL,NULL,NULL,NULL,'CHECK_QUANTITY',_binary '\0',NULL,'product935',99999999,10.00000,NULL,NULL,NULL,NULL,NULL,NULL,'KILOGRAMS',NULL,1544,NULL),(1579,NULL,'2021-04-26 16:03:52',NULL,NULL,NULL,NULL,NULL,'CENTIMETERS',NULL,NULL,NULL,NULL,NULL,NULL,NULL,NULL,'CHECK_QUANTITY',_binary '\0',NULL,'product936',99999999,10.00000,NULL,NULL,NULL,NULL,NULL,NULL,'KILOGRAMS',NULL,1545,NULL),(1580,NULL,'2021-04-26 16:03:52',NULL,NULL,NULL,NULL,NULL,'CENTIMETERS',NULL,NULL,NULL,NULL,NULL,NULL,NULL,NULL,'CHECK_QUANTITY',_binary '\0',NULL,'product937',99999999,10.00000,NULL,NULL,NULL,NULL,NULL,NULL,'KILOGRAMS',NULL,1546,NULL),(1581,NULL,'2021-04-26 16:03:52',NULL,NULL,NULL,NULL,NULL,'CENTIMETERS',NULL,NULL,NULL,NULL,NULL,NULL,NULL,NULL,'CHECK_QUANTITY',_binary '\0',NULL,'product938',99999999,10.00000,NULL,NULL,NULL,NULL,NULL,NULL,'KILOGRAMS',NULL,1547,NULL),(1582,NULL,'2021-04-26 16:03:52',NULL,NULL,NULL,NULL,NULL,'CENTIMETERS',NULL,NULL,NULL,NULL,NULL,NULL,NULL,NULL,'CHECK_QUANTITY',_binary '\0',NULL,'product939',99999999,10.00000,NULL,NULL,NULL,NULL,NULL,NULL,'KILOGRAMS',NULL,1548,NULL),(1583,NULL,'2021-04-26 16:03:52',NULL,NULL,NULL,NULL,NULL,'CENTIMETERS',NULL,NULL,NULL,NULL,NULL,NULL,NULL,NULL,'CHECK_QUANTITY',_binary '\0',NULL,'product940',99999999,10.00000,NULL,NULL,NULL,NULL,NULL,NULL,'KILOGRAMS',NULL,1549,NULL),(1584,NULL,'2021-04-26 16:03:52',NULL,NULL,NULL,NULL,NULL,'CENTIMETERS',NULL,NULL,NULL,NULL,NULL,NULL,NULL,NULL,'CHECK_QUANTITY',_binary '\0',NULL,'product941',99999999,10.00000,NULL,NULL,NULL,NULL,NULL,NULL,'KILOGRAMS',NULL,1550,NULL),(1585,NULL,'2021-04-26 16:03:52',NULL,NULL,NULL,NULL,NULL,'CENTIMETERS',NULL,NULL,NULL,NULL,NULL,NULL,NULL,NULL,'CHECK_QUANTITY',_binary '\0',NULL,'product942',99999999,10.00000,NULL,NULL,NULL,NULL,NULL,NULL,'KILOGRAMS',NULL,1551,NULL),(1586,NULL,'2021-04-26 16:03:52',NULL,NULL,NULL,NULL,NULL,'CENTIMETERS',NULL,NULL,NULL,NULL,NULL,NULL,NULL,NULL,'CHECK_QUANTITY',_binary '\0',NULL,'product943',99999999,10.00000,NULL,NULL,NULL,NULL,NULL,NULL,'KILOGRAMS',NULL,1552,NULL),(1587,NULL,'2021-04-26 16:03:52',NULL,NULL,NULL,NULL,NULL,'CENTIMETERS',NULL,NULL,NULL,NULL,NULL,NULL,NULL,NULL,'CHECK_QUANTITY',_binary '\0',NULL,'product944',99999999,10.00000,NULL,NULL,NULL,NULL,NULL,NULL,'KILOGRAMS',NULL,1553,NULL),(1588,NULL,'2021-04-26 16:03:52',NULL,NULL,NULL,NULL,NULL,'CENTIMETERS',NULL,NULL,NULL,NULL,NULL,NULL,NULL,NULL,'CHECK_QUANTITY',_binary '\0',NULL,'product945',99999999,10.00000,NULL,NULL,NULL,NULL,NULL,NULL,'KILOGRAMS',NULL,1554,NULL),(1589,NULL,'2021-04-26 16:03:52',NULL,NULL,NULL,NULL,NULL,'CENTIMETERS',NULL,NULL,NULL,NULL,NULL,NULL,NULL,NULL,'CHECK_QUANTITY',_binary '\0',NULL,'product946',99999999,10.00000,NULL,NULL,NULL,NULL,NULL,NULL,'KILOGRAMS',NULL,1555,NULL),(1590,NULL,'2021-04-26 16:03:52',NULL,NULL,NULL,NULL,NULL,'CENTIMETERS',NULL,NULL,NULL,NULL,NULL,NULL,NULL,NULL,'CHECK_QUANTITY',_binary '\0',NULL,'product947',99999999,10.00000,NULL,NULL,NULL,NULL,NULL,NULL,'KILOGRAMS',NULL,1556,NULL),(1591,NULL,'2021-04-26 16:03:52',NULL,NULL,NULL,NULL,NULL,'CENTIMETERS',NULL,NULL,NULL,NULL,NULL,NULL,NULL,NULL,'CHECK_QUANTITY',_binary '\0',NULL,'product948',99999999,10.00000,NULL,NULL,NULL,NULL,NULL,NULL,'KILOGRAMS',NULL,1557,NULL),(1592,NULL,'2021-04-26 16:03:52',NULL,NULL,NULL,NULL,NULL,'CENTIMETERS',NULL,NULL,NULL,NULL,NULL,NULL,NULL,NULL,'CHECK_QUANTITY',_binary '\0',NULL,'product949',99999999,10.00000,NULL,NULL,NULL,NULL,NULL,NULL,'KILOGRAMS',NULL,1558,NULL),(1593,NULL,'2021-04-26 16:03:52',NULL,NULL,NULL,NULL,NULL,'CENTIMETERS',NULL,NULL,NULL,NULL,NULL,NULL,NULL,NULL,'CHECK_QUANTITY',_binary '\0',NULL,'product950',99999999,10.00000,NULL,NULL,NULL,NULL,NULL,NULL,'KILOGRAMS',NULL,1559,NULL),(1594,NULL,'2021-04-26 16:03:52',NULL,NULL,NULL,NULL,NULL,'CENTIMETERS',NULL,NULL,NULL,NULL,NULL,NULL,NULL,NULL,'CHECK_QUANTITY',_binary '\0',NULL,'product951',99999999,10.00000,NULL,NULL,NULL,NULL,NULL,NULL,'KILOGRAMS',NULL,1560,NULL),(1595,NULL,'2021-04-26 16:03:52',NULL,NULL,NULL,NULL,NULL,'CENTIMETERS',NULL,NULL,NULL,NULL,NULL,NULL,NULL,NULL,'CHECK_QUANTITY',_binary '\0',NULL,'product952',99999999,10.00000,NULL,NULL,NULL,NULL,NULL,NULL,'KILOGRAMS',NULL,1561,NULL),(1596,NULL,'2021-04-26 16:03:52',NULL,NULL,NULL,NULL,NULL,'CENTIMETERS',NULL,NULL,NULL,NULL,NULL,NULL,NULL,NULL,'CHECK_QUANTITY',_binary '\0',NULL,'product953',99999999,10.00000,NULL,NULL,NULL,NULL,NULL,NULL,'KILOGRAMS',NULL,1562,NULL),(1597,NULL,'2021-04-26 16:03:52',NULL,NULL,NULL,NULL,NULL,'CENTIMETERS',NULL,NULL,NULL,NULL,NULL,NULL,NULL,NULL,'CHECK_QUANTITY',_binary '\0',NULL,'product954',99999999,10.00000,NULL,NULL,NULL,NULL,NULL,NULL,'KILOGRAMS',NULL,1563,NULL),(1598,NULL,'2021-04-26 16:03:52',NULL,NULL,NULL,NULL,NULL,'CENTIMETERS',NULL,NULL,NULL,NULL,NULL,NULL,NULL,NULL,'CHECK_QUANTITY',_binary '\0',NULL,'product955',99999999,10.00000,NULL,NULL,NULL,NULL,NULL,NULL,'KILOGRAMS',NULL,1564,NULL),(1599,NULL,'2021-04-26 16:03:52',NULL,NULL,NULL,NULL,NULL,'CENTIMETERS',NULL,NULL,NULL,NULL,NULL,NULL,NULL,NULL,'CHECK_QUANTITY',_binary '\0',NULL,'product956',99999999,10.00000,NULL,NULL,NULL,NULL,NULL,NULL,'KILOGRAMS',NULL,1565,NULL),(1600,NULL,'2021-04-26 16:03:52',NULL,NULL,NULL,NULL,NULL,'CENTIMETERS',NULL,NULL,NULL,NULL,NULL,NULL,NULL,NULL,'CHECK_QUANTITY',_binary '\0',NULL,'product957',99999999,10.00000,NULL,NULL,NULL,NULL,NULL,NULL,'KILOGRAMS',NULL,1566,NULL),(1601,NULL,'2021-04-26 16:03:52',NULL,NULL,NULL,NULL,NULL,'CENTIMETERS',NULL,NULL,NULL,NULL,NULL,NULL,NULL,NULL,'CHECK_QUANTITY',_binary '\0',NULL,'product958',99999999,10.00000,NULL,NULL,NULL,NULL,NULL,NULL,'KILOGRAMS',NULL,1567,NULL),(1602,NULL,'2021-04-26 16:03:52',NULL,NULL,NULL,NULL,NULL,'CENTIMETERS',NULL,NULL,NULL,NULL,NULL,NULL,NULL,NULL,'CHECK_QUANTITY',_binary '\0',NULL,'product959',99999999,10.00000,NULL,NULL,NULL,NULL,NULL,NULL,'KILOGRAMS',NULL,1568,NULL),(1603,NULL,'2021-04-26 16:03:52',NULL,NULL,NULL,NULL,NULL,'CENTIMETERS',NULL,NULL,NULL,NULL,NULL,NULL,NULL,NULL,'CHECK_QUANTITY',_binary '\0',NULL,'product960',99999999,10.00000,NULL,NULL,NULL,NULL,NULL,NULL,'KILOGRAMS',NULL,1569,NULL),(1604,NULL,'2021-04-26 16:03:52',NULL,NULL,NULL,NULL,NULL,'CENTIMETERS',NULL,NULL,NULL,NULL,NULL,NULL,NULL,NULL,'CHECK_QUANTITY',_binary '\0',NULL,'product961',99999999,10.00000,NULL,NULL,NULL,NULL,NULL,NULL,'KILOGRAMS',NULL,1570,NULL),(1605,NULL,'2021-04-26 16:03:52',NULL,NULL,NULL,NULL,NULL,'CENTIMETERS',NULL,NULL,NULL,NULL,NULL,NULL,NULL,NULL,'CHECK_QUANTITY',_binary '\0',NULL,'product962',99999999,10.00000,NULL,NULL,NULL,NULL,NULL,NULL,'KILOGRAMS',NULL,1571,NULL),(1606,NULL,'2021-04-26 16:03:52',NULL,NULL,NULL,NULL,NULL,'CENTIMETERS',NULL,NULL,NULL,NULL,NULL,NULL,NULL,NULL,'CHECK_QUANTITY',_binary '\0',NULL,'product963',99999999,10.00000,NULL,NULL,NULL,NULL,NULL,NULL,'KILOGRAMS',NULL,1572,NULL),(1607,NULL,'2021-04-26 16:03:52',NULL,NULL,NULL,NULL,NULL,'CENTIMETERS',NULL,NULL,NULL,NULL,NULL,NULL,NULL,NULL,'CHECK_QUANTITY',_binary '\0',NULL,'product964',99999999,10.00000,NULL,NULL,NULL,NULL,NULL,NULL,'KILOGRAMS',NULL,1573,NULL),(1608,NULL,'2021-04-26 16:03:52',NULL,NULL,NULL,NULL,NULL,'CENTIMETERS',NULL,NULL,NULL,NULL,NULL,NULL,NULL,NULL,'CHECK_QUANTITY',_binary '\0',NULL,'product965',99999999,10.00000,NULL,NULL,NULL,NULL,NULL,NULL,'KILOGRAMS',NULL,1574,NULL),(1609,NULL,'2021-04-26 16:03:52',NULL,NULL,NULL,NULL,NULL,'CENTIMETERS',NULL,NULL,NULL,NULL,NULL,NULL,NULL,NULL,'CHECK_QUANTITY',_binary '\0',NULL,'product966',99999999,10.00000,NULL,NULL,NULL,NULL,NULL,NULL,'KILOGRAMS',NULL,1575,NULL),(1610,NULL,'2021-04-26 16:03:52',NULL,NULL,NULL,NULL,NULL,'CENTIMETERS',NULL,NULL,NULL,NULL,NULL,NULL,NULL,NULL,'CHECK_QUANTITY',_binary '\0',NULL,'product967',99999999,10.00000,NULL,NULL,NULL,NULL,NULL,NULL,'KILOGRAMS',NULL,1576,NULL),(1611,NULL,'2021-04-26 16:03:52',NULL,NULL,NULL,NULL,NULL,'CENTIMETERS',NULL,NULL,NULL,NULL,NULL,NULL,NULL,NULL,'CHECK_QUANTITY',_binary '\0',NULL,'product968',99999999,10.00000,NULL,NULL,NULL,NULL,NULL,NULL,'KILOGRAMS',NULL,1577,NULL),(1612,NULL,'2021-04-26 16:03:52',NULL,NULL,NULL,NULL,NULL,'CENTIMETERS',NULL,NULL,NULL,NULL,NULL,NULL,NULL,NULL,'CHECK_QUANTITY',_binary '\0',NULL,'product969',99999999,10.00000,NULL,NULL,NULL,NULL,NULL,NULL,'KILOGRAMS',NULL,1578,NULL),(1613,NULL,'2021-04-26 16:03:52',NULL,NULL,NULL,NULL,NULL,'CENTIMETERS',NULL,NULL,NULL,NULL,NULL,NULL,NULL,NULL,'CHECK_QUANTITY',_binary '\0',NULL,'product970',99999999,10.00000,NULL,NULL,NULL,NULL,NULL,NULL,'KILOGRAMS',NULL,1579,NULL),(1614,NULL,'2021-04-26 16:03:52',NULL,NULL,NULL,NULL,NULL,'CENTIMETERS',NULL,NULL,NULL,NULL,NULL,NULL,NULL,NULL,'CHECK_QUANTITY',_binary '\0',NULL,'product971',99999999,10.00000,NULL,NULL,NULL,NULL,NULL,NULL,'KILOGRAMS',NULL,1580,NULL),(1615,NULL,'2021-04-26 16:03:52',NULL,NULL,NULL,NULL,NULL,'CENTIMETERS',NULL,NULL,NULL,NULL,NULL,NULL,NULL,NULL,'CHECK_QUANTITY',_binary '\0',NULL,'product972',99999999,10.00000,NULL,NULL,NULL,NULL,NULL,NULL,'KILOGRAMS',NULL,1581,NULL),(1616,NULL,'2021-04-26 16:03:52',NULL,NULL,NULL,NULL,NULL,'CENTIMETERS',NULL,NULL,NULL,NULL,NULL,NULL,NULL,NULL,'CHECK_QUANTITY',_binary '\0',NULL,'product973',99999999,10.00000,NULL,NULL,NULL,NULL,NULL,NULL,'KILOGRAMS',NULL,1582,NULL),(1617,NULL,'2021-04-26 16:03:52',NULL,NULL,NULL,NULL,NULL,'CENTIMETERS',NULL,NULL,NULL,NULL,NULL,NULL,NULL,NULL,'CHECK_QUANTITY',_binary '\0',NULL,'product974',99999999,10.00000,NULL,NULL,NULL,NULL,NULL,NULL,'KILOGRAMS',NULL,1583,NULL),(1618,NULL,'2021-04-26 16:03:52',NULL,NULL,NULL,NULL,NULL,'CENTIMETERS',NULL,NULL,NULL,NULL,NULL,NULL,NULL,NULL,'CHECK_QUANTITY',_binary '\0',NULL,'product975',99999999,10.00000,NULL,NULL,NULL,NULL,NULL,NULL,'KILOGRAMS',NULL,1584,NULL),(1619,NULL,'2021-04-26 16:03:52',NULL,NULL,NULL,NULL,NULL,'CENTIMETERS',NULL,NULL,NULL,NULL,NULL,NULL,NULL,NULL,'CHECK_QUANTITY',_binary '\0',NULL,'product976',99999999,10.00000,NULL,NULL,NULL,NULL,NULL,NULL,'KILOGRAMS',NULL,1585,NULL),(1620,NULL,'2021-04-26 16:03:52',NULL,NULL,NULL,NULL,NULL,'CENTIMETERS',NULL,NULL,NULL,NULL,NULL,NULL,NULL,NULL,'CHECK_QUANTITY',_binary '\0',NULL,'product977',99999999,10.00000,NULL,NULL,NULL,NULL,NULL,NULL,'KILOGRAMS',NULL,1586,NULL),(1621,NULL,'2021-04-26 16:03:52',NULL,NULL,NULL,NULL,NULL,'CENTIMETERS',NULL,NULL,NULL,NULL,NULL,NULL,NULL,NULL,'CHECK_QUANTITY',_binary '\0',NULL,'product978',99999999,10.00000,NULL,NULL,NULL,NULL,NULL,NULL,'KILOGRAMS',NULL,1587,NULL),(1622,NULL,'2021-04-26 16:03:52',NULL,NULL,NULL,NULL,NULL,'CENTIMETERS',NULL,NULL,NULL,NULL,NULL,NULL,NULL,NULL,'CHECK_QUANTITY',_binary '\0',NULL,'product979',99999999,10.00000,NULL,NULL,NULL,NULL,NULL,NULL,'KILOGRAMS',NULL,1588,NULL),(1623,NULL,'2021-04-26 16:03:52',NULL,NULL,NULL,NULL,NULL,'CENTIMETERS',NULL,NULL,NULL,NULL,NULL,NULL,NULL,NULL,'CHECK_QUANTITY',_binary '\0',NULL,'product980',99999999,10.00000,NULL,NULL,NULL,NULL,NULL,NULL,'KILOGRAMS',NULL,1589,NULL),(1624,NULL,'2021-04-26 16:03:52',NULL,NULL,NULL,NULL,NULL,'CENTIMETERS',NULL,NULL,NULL,NULL,NULL,NULL,NULL,NULL,'CHECK_QUANTITY',_binary '\0',NULL,'product981',99999999,10.00000,NULL,NULL,NULL,NULL,NULL,NULL,'KILOGRAMS',NULL,1590,NULL),(1625,NULL,'2021-04-26 16:03:52',NULL,NULL,NULL,NULL,NULL,'CENTIMETERS',NULL,NULL,NULL,NULL,NULL,NULL,NULL,NULL,'CHECK_QUANTITY',_binary '\0',NULL,'product982',99999999,10.00000,NULL,NULL,NULL,NULL,NULL,NULL,'KILOGRAMS',NULL,1591,NULL),(1626,NULL,'2021-04-26 16:03:52',NULL,NULL,NULL,NULL,NULL,'CENTIMETERS',NULL,NULL,NULL,NULL,NULL,NULL,NULL,NULL,'CHECK_QUANTITY',_binary '\0',NULL,'product983',99999999,10.00000,NULL,NULL,NULL,NULL,NULL,NULL,'KILOGRAMS',NULL,1592,NULL),(1627,NULL,'2021-04-26 16:03:52',NULL,NULL,NULL,NULL,NULL,'CENTIMETERS',NULL,NULL,NULL,NULL,NULL,NULL,NULL,NULL,'CHECK_QUANTITY',_binary '\0',NULL,'product984',99999999,10.00000,NULL,NULL,NULL,NULL,NULL,NULL,'KILOGRAMS',NULL,1593,NULL),(1628,NULL,'2021-04-26 16:03:52',NULL,NULL,NULL,NULL,NULL,'CENTIMETERS',NULL,NULL,NULL,NULL,NULL,NULL,NULL,NULL,'CHECK_QUANTITY',_binary '\0',NULL,'product985',99999999,10.00000,NULL,NULL,NULL,NULL,NULL,NULL,'KILOGRAMS',NULL,1594,NULL),(1629,NULL,'2021-04-26 16:03:52',NULL,NULL,NULL,NULL,NULL,'CENTIMETERS',NULL,NULL,NULL,NULL,NULL,NULL,NULL,NULL,'CHECK_QUANTITY',_binary '\0',NULL,'product986',99999999,10.00000,NULL,NULL,NULL,NULL,NULL,NULL,'KILOGRAMS',NULL,1595,NULL),(1630,NULL,'2021-04-26 16:03:52',NULL,NULL,NULL,NULL,NULL,'CENTIMETERS',NULL,NULL,NULL,NULL,NULL,NULL,NULL,NULL,'CHECK_QUANTITY',_binary '\0',NULL,'product987',99999999,10.00000,NULL,NULL,NULL,NULL,NULL,NULL,'KILOGRAMS',NULL,1596,NULL),(1631,NULL,'2021-04-26 16:03:52',NULL,NULL,NULL,NULL,NULL,'CENTIMETERS',NULL,NULL,NULL,NULL,NULL,NULL,NULL,NULL,'CHECK_QUANTITY',_binary '\0',NULL,'product988',99999999,10.00000,NULL,NULL,NULL,NULL,NULL,NULL,'KILOGRAMS',NULL,1597,NULL),(1632,NULL,'2021-04-26 16:03:52',NULL,NULL,NULL,NULL,NULL,'CENTIMETERS',NULL,NULL,NULL,NULL,NULL,NULL,NULL,NULL,'CHECK_QUANTITY',_binary '\0',NULL,'product989',99999999,10.00000,NULL,NULL,NULL,NULL,NULL,NULL,'KILOGRAMS',NULL,1598,NULL),(1633,NULL,'2021-04-26 16:03:52',NULL,NULL,NULL,NULL,NULL,'CENTIMETERS',NULL,NULL,NULL,NULL,NULL,NULL,NULL,NULL,'CHECK_QUANTITY',_binary '\0',NULL,'product990',99999999,10.00000,NULL,NULL,NULL,NULL,NULL,NULL,'KILOGRAMS',NULL,1599,NULL),(1634,NULL,'2021-04-26 16:03:52',NULL,NULL,NULL,NULL,NULL,'CENTIMETERS',NULL,NULL,NULL,NULL,NULL,NULL,NULL,NULL,'CHECK_QUANTITY',_binary '\0',NULL,'product991',99999999,10.00000,NULL,NULL,NULL,NULL,NULL,NULL,'KILOGRAMS',NULL,1600,NULL),(1635,NULL,'2021-04-26 16:03:52',NULL,NULL,NULL,NULL,NULL,'CENTIMETERS',NULL,NULL,NULL,NULL,NULL,NULL,NULL,NULL,'CHECK_QUANTITY',_binary '\0',NULL,'product992',99999999,10.00000,NULL,NULL,NULL,NULL,NULL,NULL,'KILOGRAMS',NULL,1601,NULL),(1636,NULL,'2021-04-26 16:03:52',NULL,NULL,NULL,NULL,NULL,'CENTIMETERS',NULL,NULL,NULL,NULL,NULL,NULL,NULL,NULL,'CHECK_QUANTITY',_binary '\0',NULL,'product993',99999999,10.00000,NULL,NULL,NULL,NULL,NULL,NULL,'KILOGRAMS',NULL,1602,NULL),(1637,NULL,'2021-04-26 16:03:52',NULL,NULL,NULL,NULL,NULL,'CENTIMETERS',NULL,NULL,NULL,NULL,NULL,NULL,NULL,NULL,'CHECK_QUANTITY',_binary '\0',NULL,'product994',99999999,10.00000,NULL,NULL,NULL,NULL,NULL,NULL,'KILOGRAMS',NULL,1603,NULL),(1638,NULL,'2021-04-26 16:03:52',NULL,NULL,NULL,NULL,NULL,'CENTIMETERS',NULL,NULL,NULL,NULL,NULL,NULL,NULL,NULL,'CHECK_QUANTITY',_binary '\0',NULL,'product995',99999999,10.00000,NULL,NULL,NULL,NULL,NULL,NULL,'KILOGRAMS',NULL,1604,NULL),(1639,NULL,'2021-04-26 16:03:52',NULL,NULL,NULL,NULL,NULL,'CENTIMETERS',NULL,NULL,NULL,NULL,NULL,NULL,NULL,NULL,'CHECK_QUANTITY',_binary '\0',NULL,'product996',99999999,10.00000,NULL,NULL,NULL,NULL,NULL,NULL,'KILOGRAMS',NULL,1605,NULL),(1640,NULL,'2021-04-26 16:03:52',NULL,NULL,NULL,NULL,NULL,'CENTIMETERS',NULL,NULL,NULL,NULL,NULL,NULL,NULL,NULL,'CHECK_QUANTITY',_binary '\0',NULL,'product997',99999999,10.00000,NULL,NULL,NULL,NULL,NULL,NULL,'KILOGRAMS',NULL,1606,NULL),(1641,NULL,'2021-04-26 16:03:52',NULL,NULL,NULL,NULL,NULL,'CENTIMETERS',NULL,NULL,NULL,NULL,NULL,NULL,NULL,NULL,'CHECK_QUANTITY',_binary '\0',NULL,'product998',99999999,10.00000,NULL,NULL,NULL,NULL,NULL,NULL,'KILOGRAMS',NULL,1607,NULL),(1642,NULL,'2021-04-26 16:03:52',NULL,NULL,NULL,NULL,NULL,'CENTIMETERS',NULL,NULL,NULL,NULL,NULL,NULL,NULL,NULL,'CHECK_QUANTITY',_binary '\0',NULL,'product999',99999999,10.00000,NULL,NULL,NULL,NULL,NULL,NULL,'KILOGRAMS',NULL,1608,NULL),(1643,NULL,'2021-04-26 16:03:52',NULL,NULL,NULL,NULL,NULL,'CENTIMETERS',NULL,NULL,NULL,NULL,NULL,NULL,NULL,NULL,'CHECK_QUANTITY',_binary '\0',NULL,'product1000',99999999,10.00000,NULL,NULL,NULL,NULL,NULL,NULL,'KILOGRAMS',NULL,1609,NULL),(1644,NULL,'2021-04-26 16:03:52',NULL,NULL,NULL,NULL,NULL,'CENTIMETERS',NULL,NULL,NULL,NULL,NULL,NULL,NULL,NULL,'CHECK_QUANTITY',_binary '\0',NULL,'product1001',99999999,10.00000,NULL,NULL,NULL,NULL,NULL,NULL,'KILOGRAMS',NULL,1610,NULL),(1645,NULL,'2021-04-26 16:03:52',NULL,NULL,NULL,NULL,NULL,'CENTIMETERS',NULL,NULL,NULL,NULL,NULL,NULL,NULL,NULL,'CHECK_QUANTITY',_binary '\0',NULL,'product1002',99999999,10.00000,NULL,NULL,NULL,NULL,NULL,NULL,'KILOGRAMS',NULL,1611,NULL),(1646,NULL,'2021-04-26 16:03:52',NULL,NULL,NULL,NULL,NULL,'CENTIMETERS',NULL,NULL,NULL,NULL,NULL,NULL,NULL,NULL,'CHECK_QUANTITY',_binary '\0',NULL,'product1003',99999999,10.00000,NULL,NULL,NULL,NULL,NULL,NULL,'KILOGRAMS',NULL,1612,NULL),(1647,NULL,'2021-04-26 16:03:52',NULL,NULL,NULL,NULL,NULL,'CENTIMETERS',NULL,NULL,NULL,NULL,NULL,NULL,NULL,NULL,'CHECK_QUANTITY',_binary '\0',NULL,'product1004',99999999,10.00000,NULL,NULL,NULL,NULL,NULL,NULL,'KILOGRAMS',NULL,1613,NULL),(1648,NULL,'2021-04-26 16:03:52',NULL,NULL,NULL,NULL,NULL,'CENTIMETERS',NULL,NULL,NULL,NULL,NULL,NULL,NULL,NULL,'CHECK_QUANTITY',_binary '\0',NULL,'product1005',99999999,10.00000,NULL,NULL,NULL,NULL,NULL,NULL,'KILOGRAMS',NULL,1614,NULL),(1649,NULL,'2021-04-26 16:03:52',NULL,NULL,NULL,NULL,NULL,'CENTIMETERS',NULL,NULL,NULL,NULL,NULL,NULL,NULL,NULL,'CHECK_QUANTITY',_binary '\0',NULL,'product1006',99999999,10.00000,NULL,NULL,NULL,NULL,NULL,NULL,'KILOGRAMS',NULL,1615,NULL),(1650,NULL,'2021-04-26 16:03:52',NULL,NULL,NULL,NULL,NULL,'CENTIMETERS',NULL,NULL,NULL,NULL,NULL,NULL,NULL,NULL,'CHECK_QUANTITY',_binary '\0',NULL,'product1007',99999999,10.00000,NULL,NULL,NULL,NULL,NULL,NULL,'KILOGRAMS',NULL,1616,NULL),(1651,NULL,'2021-04-26 16:03:52',NULL,NULL,NULL,NULL,NULL,'CENTIMETERS',NULL,NULL,NULL,NULL,NULL,NULL,NULL,NULL,'CHECK_QUANTITY',_binary '\0',NULL,'product1008',99999999,10.00000,NULL,NULL,NULL,NULL,NULL,NULL,'KILOGRAMS',NULL,1617,NULL),(1652,NULL,'2021-04-26 16:03:52',NULL,NULL,NULL,NULL,NULL,'CENTIMETERS',NULL,NULL,NULL,NULL,NULL,NULL,NULL,NULL,'CHECK_QUANTITY',_binary '\0',NULL,'product1009',99999999,10.00000,NULL,NULL,NULL,NULL,NULL,NULL,'KILOGRAMS',NULL,1618,NULL),(1653,NULL,'2021-04-26 16:03:52',NULL,NULL,NULL,NULL,NULL,'CENTIMETERS',NULL,NULL,NULL,NULL,NULL,NULL,NULL,NULL,'CHECK_QUANTITY',_binary '\0',NULL,'product1010',99999999,10.00000,NULL,NULL,NULL,NULL,NULL,NULL,'KILOGRAMS',NULL,1619,NULL),(1654,NULL,'2021-04-26 16:03:52',NULL,NULL,NULL,NULL,NULL,'CENTIMETERS',NULL,NULL,NULL,NULL,NULL,NULL,NULL,NULL,'CHECK_QUANTITY',_binary '\0',NULL,'product1011',99999999,10.00000,NULL,NULL,NULL,NULL,NULL,NULL,'KILOGRAMS',NULL,1620,NULL),(1655,NULL,'2021-04-26 16:03:52',NULL,NULL,NULL,NULL,NULL,'CENTIMETERS',NULL,NULL,NULL,NULL,NULL,NULL,NULL,NULL,'CHECK_QUANTITY',_binary '\0',NULL,'product1012',99999999,10.00000,NULL,NULL,NULL,NULL,NULL,NULL,'KILOGRAMS',NULL,1621,NULL),(1656,NULL,'2021-04-26 16:03:52',NULL,NULL,NULL,NULL,NULL,'CENTIMETERS',NULL,NULL,NULL,NULL,NULL,NULL,NULL,NULL,'CHECK_QUANTITY',_binary '\0',NULL,'product1013',99999999,10.00000,NULL,NULL,NULL,NULL,NULL,NULL,'KILOGRAMS',NULL,1622,NULL),(1657,NULL,'2021-04-26 16:03:52',NULL,NULL,NULL,NULL,NULL,'CENTIMETERS',NULL,NULL,NULL,NULL,NULL,NULL,NULL,NULL,'CHECK_QUANTITY',_binary '\0',NULL,'product1014',99999999,10.00000,NULL,NULL,NULL,NULL,NULL,NULL,'KILOGRAMS',NULL,1623,NULL),(1658,NULL,'2021-04-26 16:03:52',NULL,NULL,NULL,NULL,NULL,'CENTIMETERS',NULL,NULL,NULL,NULL,NULL,NULL,NULL,NULL,'CHECK_QUANTITY',_binary '\0',NULL,'product1015',99999999,10.00000,NULL,NULL,NULL,NULL,NULL,NULL,'KILOGRAMS',NULL,1624,NULL),(1659,NULL,'2021-04-26 16:03:52',NULL,NULL,NULL,NULL,NULL,'CENTIMETERS',NULL,NULL,NULL,NULL,NULL,NULL,NULL,NULL,'CHECK_QUANTITY',_binary '\0',NULL,'product1016',99999999,10.00000,NULL,NULL,NULL,NULL,NULL,NULL,'KILOGRAMS',NULL,1625,NULL),(1660,NULL,'2021-04-26 16:03:52',NULL,NULL,NULL,NULL,NULL,'CENTIMETERS',NULL,NULL,NULL,NULL,NULL,NULL,NULL,NULL,'CHECK_QUANTITY',_binary '\0',NULL,'product1017',99999999,10.00000,NULL,NULL,NULL,NULL,NULL,NULL,'KILOGRAMS',NULL,1626,NULL),(1661,NULL,'2021-04-26 16:03:52',NULL,NULL,NULL,NULL,NULL,'CENTIMETERS',NULL,NULL,NULL,NULL,NULL,NULL,NULL,NULL,'CHECK_QUANTITY',_binary '\0',NULL,'product1018',99999999,10.00000,NULL,NULL,NULL,NULL,NULL,NULL,'KILOGRAMS',NULL,1627,NULL),(1662,NULL,'2021-04-26 16:03:52',NULL,NULL,NULL,NULL,NULL,'CENTIMETERS',NULL,NULL,NULL,NULL,NULL,NULL,NULL,NULL,'CHECK_QUANTITY',_binary '\0',NULL,'product1019',99999999,10.00000,NULL,NULL,NULL,NULL,NULL,NULL,'KILOGRAMS',NULL,1628,NULL),(1663,NULL,'2021-04-26 16:03:52',NULL,NULL,NULL,NULL,NULL,'CENTIMETERS',NULL,NULL,NULL,NULL,NULL,NULL,NULL,NULL,'CHECK_QUANTITY',_binary '\0',NULL,'product1020',99999999,10.00000,NULL,NULL,NULL,NULL,NULL,NULL,'KILOGRAMS',NULL,1629,NULL),(1664,NULL,'2021-04-26 16:03:52',NULL,NULL,NULL,NULL,NULL,'CENTIMETERS',NULL,NULL,NULL,NULL,NULL,NULL,NULL,NULL,'CHECK_QUANTITY',_binary '\0',NULL,'product1021',99999999,10.00000,NULL,NULL,NULL,NULL,NULL,NULL,'KILOGRAMS',NULL,1630,NULL),(1665,NULL,'2021-04-26 16:03:52',NULL,NULL,NULL,NULL,NULL,'CENTIMETERS',NULL,NULL,NULL,NULL,NULL,NULL,NULL,NULL,'CHECK_QUANTITY',_binary '\0',NULL,'product1022',99999999,10.00000,NULL,NULL,NULL,NULL,NULL,NULL,'KILOGRAMS',NULL,1631,NULL),(1666,NULL,'2021-04-26 16:03:52',NULL,NULL,NULL,NULL,NULL,'CENTIMETERS',NULL,NULL,NULL,NULL,NULL,NULL,NULL,NULL,'CHECK_QUANTITY',_binary '\0',NULL,'product1023',99999999,10.00000,NULL,NULL,NULL,NULL,NULL,NULL,'KILOGRAMS',NULL,1632,NULL),(1667,NULL,'2021-04-26 16:03:52',NULL,NULL,NULL,NULL,NULL,'CENTIMETERS',NULL,NULL,NULL,NULL,NULL,NULL,NULL,NULL,'CHECK_QUANTITY',_binary '\0',NULL,'product1024',99999999,10.00000,NULL,NULL,NULL,NULL,NULL,NULL,'KILOGRAMS',NULL,1633,NULL);
/*!40000 ALTER TABLE `BLC_SKU` ENABLE KEYS */;
UNLOCK TABLES;

--
-- Table structure for table `BLC_SKU_ATTRIBUTE`
--

DROP TABLE IF EXISTS `BLC_SKU_ATTRIBUTE`;
/*!40101 SET @saved_cs_client     = @@character_set_client */;
/*!40101 SET character_set_client = utf8 */;
CREATE TABLE `BLC_SKU_ATTRIBUTE` (
  `SKU_ATTR_ID` bigint(20) NOT NULL,
  `NAME` varchar(255) NOT NULL,
  `VALUE` varchar(255) NOT NULL,
  `SKU_ID` bigint(20) NOT NULL,
  PRIMARY KEY (`SKU_ATTR_ID`),
  KEY `SKUATTR_NAME_INDEX` (`NAME`),
  KEY `SKUATTR_SKU_INDEX` (`SKU_ID`),
  CONSTRAINT `FK6w8gul2489hdbmxha9ftu6qbq` FOREIGN KEY (`SKU_ID`) REFERENCES `BLC_SKU` (`SKU_ID`)
) ENGINE=InnoDB DEFAULT CHARSET=latin1;
/*!40101 SET character_set_client = @saved_cs_client */;

--
-- Dumping data for table `BLC_SKU_ATTRIBUTE`
--

LOCK TABLES `BLC_SKU_ATTRIBUTE` WRITE;
/*!40000 ALTER TABLE `BLC_SKU_ATTRIBUTE` DISABLE KEYS */;
INSERT INTO `BLC_SKU_ATTRIBUTE` VALUES (1,'heatRange','4',1),(2,'heatRange','1',2),(3,'heatRange','2',3),(4,'heatRange','2',4),(5,'heatRange','4',5),(6,'heatRange','4',6),(7,'heatRange','3',7),(8,'heatRange','4',8),(9,'heatRange','5',9),(10,'heatRange','5',10),(11,'heatRange','2',11),(12,'heatRange','1',12),(13,'heatRange','2',13),(14,'heatRange','2',14),(15,'heatRange','1',15),(16,'heatRange','3',16),(17,'heatRange','5',17),(18,'heatRange','3',18),(19,'heatRange','1',19);
/*!40000 ALTER TABLE `BLC_SKU_ATTRIBUTE` ENABLE KEYS */;
UNLOCK TABLES;

--
-- Table structure for table `BLC_SKU_AVAILABILITY`
--

DROP TABLE IF EXISTS `BLC_SKU_AVAILABILITY`;
/*!40101 SET @saved_cs_client     = @@character_set_client */;
/*!40101 SET character_set_client = utf8 */;
CREATE TABLE `BLC_SKU_AVAILABILITY` (
  `SKU_AVAILABILITY_ID` bigint(20) NOT NULL,
  `AVAILABILITY_DATE` datetime DEFAULT NULL,
  `AVAILABILITY_STATUS` varchar(255) DEFAULT NULL,
  `LOCATION_ID` bigint(20) DEFAULT NULL,
  `QTY_ON_HAND` int(11) DEFAULT NULL,
  `RESERVE_QTY` int(11) DEFAULT NULL,
  `SKU_ID` bigint(20) DEFAULT NULL,
  PRIMARY KEY (`SKU_AVAILABILITY_ID`),
  KEY `SKUAVAIL_STATUS_INDEX` (`AVAILABILITY_STATUS`),
  KEY `SKUAVAIL_LOCATION_INDEX` (`LOCATION_ID`),
  KEY `SKUAVAIL_SKU_INDEX` (`SKU_ID`)
) ENGINE=InnoDB DEFAULT CHARSET=latin1;
/*!40101 SET character_set_client = @saved_cs_client */;

--
-- Dumping data for table `BLC_SKU_AVAILABILITY`
--

LOCK TABLES `BLC_SKU_AVAILABILITY` WRITE;
/*!40000 ALTER TABLE `BLC_SKU_AVAILABILITY` DISABLE KEYS */;
/*!40000 ALTER TABLE `BLC_SKU_AVAILABILITY` ENABLE KEYS */;
UNLOCK TABLES;

--
-- Table structure for table `BLC_SKU_BUNDLE_ITEM`
--

DROP TABLE IF EXISTS `BLC_SKU_BUNDLE_ITEM`;
/*!40101 SET @saved_cs_client     = @@character_set_client */;
/*!40101 SET character_set_client = utf8 */;
CREATE TABLE `BLC_SKU_BUNDLE_ITEM` (
  `SKU_BUNDLE_ITEM_ID` bigint(20) NOT NULL,
  `ITEM_SALE_PRICE` decimal(19,5) DEFAULT NULL,
  `QUANTITY` int(11) NOT NULL,
  `SEQUENCE` decimal(10,6) DEFAULT NULL,
  `PRODUCT_BUNDLE_ID` bigint(20) NOT NULL,
  `SKU_ID` bigint(20) NOT NULL,
  PRIMARY KEY (`SKU_BUNDLE_ITEM_ID`),
  KEY `FK78yrrdqjalrqrei5kfnybkrs8` (`PRODUCT_BUNDLE_ID`),
  KEY `FKbhe93esmsur5uyhl0v6dj392t` (`SKU_ID`),
  CONSTRAINT `FK78yrrdqjalrqrei5kfnybkrs8` FOREIGN KEY (`PRODUCT_BUNDLE_ID`) REFERENCES `BLC_PRODUCT_BUNDLE` (`PRODUCT_ID`),
  CONSTRAINT `FKbhe93esmsur5uyhl0v6dj392t` FOREIGN KEY (`SKU_ID`) REFERENCES `BLC_SKU` (`SKU_ID`)
) ENGINE=InnoDB DEFAULT CHARSET=latin1;
/*!40101 SET character_set_client = @saved_cs_client */;

--
-- Dumping data for table `BLC_SKU_BUNDLE_ITEM`
--

LOCK TABLES `BLC_SKU_BUNDLE_ITEM` WRITE;
/*!40000 ALTER TABLE `BLC_SKU_BUNDLE_ITEM` DISABLE KEYS */;
/*!40000 ALTER TABLE `BLC_SKU_BUNDLE_ITEM` ENABLE KEYS */;
UNLOCK TABLES;

--
-- Table structure for table `BLC_SKU_FEE`
--

DROP TABLE IF EXISTS `BLC_SKU_FEE`;
/*!40101 SET @saved_cs_client     = @@character_set_client */;
/*!40101 SET character_set_client = utf8 */;
CREATE TABLE `BLC_SKU_FEE` (
  `SKU_FEE_ID` bigint(20) NOT NULL,
  `AMOUNT` decimal(19,5) NOT NULL,
  `DESCRIPTION` varchar(255) DEFAULT NULL,
  `EXPRESSION` longtext,
  `FEE_TYPE` varchar(255) DEFAULT NULL,
  `NAME` varchar(255) DEFAULT NULL,
  `TAXABLE` bit(1) DEFAULT NULL,
  `CURRENCY_CODE` varchar(255) DEFAULT NULL,
  PRIMARY KEY (`SKU_FEE_ID`),
  KEY `FKm9vf5c5ktjqu4wilne2f6926k` (`CURRENCY_CODE`),
  CONSTRAINT `FKm9vf5c5ktjqu4wilne2f6926k` FOREIGN KEY (`CURRENCY_CODE`) REFERENCES `BLC_CURRENCY` (`CURRENCY_CODE`)
) ENGINE=InnoDB DEFAULT CHARSET=latin1;
/*!40101 SET character_set_client = @saved_cs_client */;

--
-- Dumping data for table `BLC_SKU_FEE`
--

LOCK TABLES `BLC_SKU_FEE` WRITE;
/*!40000 ALTER TABLE `BLC_SKU_FEE` DISABLE KEYS */;
/*!40000 ALTER TABLE `BLC_SKU_FEE` ENABLE KEYS */;
UNLOCK TABLES;

--
-- Table structure for table `BLC_SKU_FEE_XREF`
--

DROP TABLE IF EXISTS `BLC_SKU_FEE_XREF`;
/*!40101 SET @saved_cs_client     = @@character_set_client */;
/*!40101 SET character_set_client = utf8 */;
CREATE TABLE `BLC_SKU_FEE_XREF` (
  `SKU_FEE_ID` bigint(20) NOT NULL,
  `SKU_ID` bigint(20) NOT NULL,
  KEY `FK3vmkt7ojjlpk2fle4cp8eq55f` (`SKU_ID`),
  KEY `FKky8dxmeg4o49qyc7kiwojnuek` (`SKU_FEE_ID`),
  CONSTRAINT `FK3vmkt7ojjlpk2fle4cp8eq55f` FOREIGN KEY (`SKU_ID`) REFERENCES `BLC_SKU` (`SKU_ID`),
  CONSTRAINT `FKky8dxmeg4o49qyc7kiwojnuek` FOREIGN KEY (`SKU_FEE_ID`) REFERENCES `BLC_SKU_FEE` (`SKU_FEE_ID`)
) ENGINE=InnoDB DEFAULT CHARSET=latin1;
/*!40101 SET character_set_client = @saved_cs_client */;

--
-- Dumping data for table `BLC_SKU_FEE_XREF`
--

LOCK TABLES `BLC_SKU_FEE_XREF` WRITE;
/*!40000 ALTER TABLE `BLC_SKU_FEE_XREF` DISABLE KEYS */;
/*!40000 ALTER TABLE `BLC_SKU_FEE_XREF` ENABLE KEYS */;
UNLOCK TABLES;

--
-- Table structure for table `BLC_SKU_FULFILLMENT_EXCLUDED`
--

DROP TABLE IF EXISTS `BLC_SKU_FULFILLMENT_EXCLUDED`;
/*!40101 SET @saved_cs_client     = @@character_set_client */;
/*!40101 SET character_set_client = utf8 */;
CREATE TABLE `BLC_SKU_FULFILLMENT_EXCLUDED` (
  `SKU_ID` bigint(20) NOT NULL,
  `FULFILLMENT_OPTION_ID` bigint(20) NOT NULL,
  KEY `FKbf81qj596ta3xs2erw4o7m1ft` (`FULFILLMENT_OPTION_ID`),
  KEY `FKs0toanodthismt1hugerli3e8` (`SKU_ID`),
  CONSTRAINT `FKbf81qj596ta3xs2erw4o7m1ft` FOREIGN KEY (`FULFILLMENT_OPTION_ID`) REFERENCES `BLC_FULFILLMENT_OPTION` (`FULFILLMENT_OPTION_ID`),
  CONSTRAINT `FKs0toanodthismt1hugerli3e8` FOREIGN KEY (`SKU_ID`) REFERENCES `BLC_SKU` (`SKU_ID`)
) ENGINE=InnoDB DEFAULT CHARSET=latin1;
/*!40101 SET character_set_client = @saved_cs_client */;

--
-- Dumping data for table `BLC_SKU_FULFILLMENT_EXCLUDED`
--

LOCK TABLES `BLC_SKU_FULFILLMENT_EXCLUDED` WRITE;
/*!40000 ALTER TABLE `BLC_SKU_FULFILLMENT_EXCLUDED` DISABLE KEYS */;
/*!40000 ALTER TABLE `BLC_SKU_FULFILLMENT_EXCLUDED` ENABLE KEYS */;
UNLOCK TABLES;

--
-- Table structure for table `BLC_SKU_FULFILLMENT_FLAT_RATES`
--

DROP TABLE IF EXISTS `BLC_SKU_FULFILLMENT_FLAT_RATES`;
/*!40101 SET @saved_cs_client     = @@character_set_client */;
/*!40101 SET character_set_client = utf8 */;
CREATE TABLE `BLC_SKU_FULFILLMENT_FLAT_RATES` (
  `SKU_ID` bigint(20) NOT NULL,
  `RATE` decimal(19,5) DEFAULT NULL,
  `FULFILLMENT_OPTION_ID` bigint(20) NOT NULL,
  PRIMARY KEY (`SKU_ID`,`FULFILLMENT_OPTION_ID`),
  KEY `FKklcbu8knfitgnhlj1sa2vyd30` (`FULFILLMENT_OPTION_ID`),
  CONSTRAINT `FK1ruxosbsx27uicd9dny1ls9td` FOREIGN KEY (`SKU_ID`) REFERENCES `BLC_SKU` (`SKU_ID`),
  CONSTRAINT `FKklcbu8knfitgnhlj1sa2vyd30` FOREIGN KEY (`FULFILLMENT_OPTION_ID`) REFERENCES `BLC_FULFILLMENT_OPTION` (`FULFILLMENT_OPTION_ID`)
) ENGINE=InnoDB DEFAULT CHARSET=latin1;
/*!40101 SET character_set_client = @saved_cs_client */;

--
-- Dumping data for table `BLC_SKU_FULFILLMENT_FLAT_RATES`
--

LOCK TABLES `BLC_SKU_FULFILLMENT_FLAT_RATES` WRITE;
/*!40000 ALTER TABLE `BLC_SKU_FULFILLMENT_FLAT_RATES` DISABLE KEYS */;
/*!40000 ALTER TABLE `BLC_SKU_FULFILLMENT_FLAT_RATES` ENABLE KEYS */;
UNLOCK TABLES;

--
-- Table structure for table `BLC_SKU_MEDIA_MAP`
--

DROP TABLE IF EXISTS `BLC_SKU_MEDIA_MAP`;
/*!40101 SET @saved_cs_client     = @@character_set_client */;
/*!40101 SET character_set_client = utf8 */;
CREATE TABLE `BLC_SKU_MEDIA_MAP` (
  `SKU_MEDIA_ID` bigint(20) NOT NULL,
  `MAP_KEY` varchar(255) NOT NULL,
  `MEDIA_ID` bigint(20) DEFAULT NULL,
  `BLC_SKU_SKU_ID` bigint(20) NOT NULL,
  PRIMARY KEY (`SKU_MEDIA_ID`),
  KEY `FKl3netvy66i56mjj6bo43mjmn2` (`MEDIA_ID`),
  KEY `FKc3mu07614ovbqwbnd1lxdg2ac` (`BLC_SKU_SKU_ID`),
  CONSTRAINT `FKc3mu07614ovbqwbnd1lxdg2ac` FOREIGN KEY (`BLC_SKU_SKU_ID`) REFERENCES `BLC_SKU` (`SKU_ID`),
  CONSTRAINT `FKl3netvy66i56mjj6bo43mjmn2` FOREIGN KEY (`MEDIA_ID`) REFERENCES `BLC_MEDIA` (`MEDIA_ID`)
) ENGINE=InnoDB DEFAULT CHARSET=latin1;
/*!40101 SET character_set_client = @saved_cs_client */;

--
-- Dumping data for table `BLC_SKU_MEDIA_MAP`
--

LOCK TABLES `BLC_SKU_MEDIA_MAP` WRITE;
/*!40000 ALTER TABLE `BLC_SKU_MEDIA_MAP` DISABLE KEYS */;
INSERT INTO `BLC_SKU_MEDIA_MAP` VALUES (-100,'primary',101,1),(-99,'primary',201,2),(-98,'primary',301,3),(-97,'primary',401,4),(-96,'primary',501,5),(-95,'primary',601,6),(-94,'primary',701,7),(-93,'primary',801,8),(-92,'primary',901,9),(-91,'primary',1001,10),(-90,'primary',1101,11),(-89,'primary',1201,12),(-88,'primary',1301,13),(-87,'primary',1401,14),(-86,'primary',1501,15),(-85,'primary',1601,16),(-84,'primary',1701,17),(-83,'primary',1801,18),(-82,'primary',1901,19),(-81,'alt1',102,1),(-80,'alt1',202,2),(-79,'alt1',302,3),(-78,'alt1',402,4),(-77,'alt1',502,5),(-76,'alt1',602,6),(-75,'alt1',702,7),(-74,'alt1',802,8),(-73,'alt1',902,9),(-72,'alt1',1002,10),(-71,'alt1',1102,11),(-70,'alt1',1202,12),(-69,'alt1',1302,13),(-68,'alt1',1402,14),(-67,'alt1',1502,15),(-66,'alt1',1602,16),(-65,'alt1',1702,17),(-64,'alt1',1802,18),(-63,'alt1',1902,19),(-62,'alt2',203,2),(-61,'alt3',204,2),(-60,'alt4',205,2),(-59,'alt5',206,2),(-58,'primary',10001,100),(-57,'primary',20002,200),(-56,'primary',30003,300),(-55,'primary',40002,400),(-54,'primary',50003,500),(-53,'primary',60001,600),(-52,'alt1',10002,100),(-51,'alt1',20001,200),(-50,'alt1',30001,300),(-49,'alt1',40001,400),(-48,'alt1',50001,500),(-47,'alt1',60002,600),(-46,'alt2',10003,100),(-45,'alt2',20003,200),(-44,'alt2',30002,300),(-43,'alt2',40003,400),(-42,'alt2',50002,500),(-41,'alt2',60003,600);
/*!40000 ALTER TABLE `BLC_SKU_MEDIA_MAP` ENABLE KEYS */;
UNLOCK TABLES;

--
-- Table structure for table `BLC_SKU_OPTION_VALUE_XREF`
--

DROP TABLE IF EXISTS `BLC_SKU_OPTION_VALUE_XREF`;
/*!40101 SET @saved_cs_client     = @@character_set_client */;
/*!40101 SET character_set_client = utf8 */;
CREATE TABLE `BLC_SKU_OPTION_VALUE_XREF` (
  `SKU_OPTION_VALUE_XREF_ID` bigint(20) NOT NULL,
  `PRODUCT_OPTION_VALUE_ID` bigint(20) NOT NULL,
  `SKU_ID` bigint(20) NOT NULL,
  PRIMARY KEY (`SKU_OPTION_VALUE_XREF_ID`),
  KEY `FKc9e8sa4v1mqlbhd9hjp6bxujh` (`PRODUCT_OPTION_VALUE_ID`),
  KEY `FKci6tv12pfsh2srrakx3ridy8v` (`SKU_ID`),
  CONSTRAINT `FKc9e8sa4v1mqlbhd9hjp6bxujh` FOREIGN KEY (`PRODUCT_OPTION_VALUE_ID`) REFERENCES `BLC_PRODUCT_OPTION_VALUE` (`PRODUCT_OPTION_VALUE_ID`),
  CONSTRAINT `FKci6tv12pfsh2srrakx3ridy8v` FOREIGN KEY (`SKU_ID`) REFERENCES `BLC_SKU` (`SKU_ID`)
) ENGINE=InnoDB DEFAULT CHARSET=latin1;
/*!40101 SET character_set_client = @saved_cs_client */;

--
-- Dumping data for table `BLC_SKU_OPTION_VALUE_XREF`
--

LOCK TABLES `BLC_SKU_OPTION_VALUE_XREF` WRITE;
/*!40000 ALTER TABLE `BLC_SKU_OPTION_VALUE_XREF` DISABLE KEYS */;
INSERT INTO `BLC_SKU_OPTION_VALUE_XREF` VALUES (1,1,111),(2,11,111),(3,1,112),(4,12,112),(5,1,113),(6,13,113),(7,1,114),(8,14,114),(9,2,121),(10,11,121),(11,2,122),(12,12,122),(13,2,123),(14,13,123),(15,2,124),(16,14,124),(17,3,131),(18,11,131),(19,3,132),(20,12,132),(21,3,133),(22,13,133),(23,3,134),(24,14,134),(25,1,211),(26,11,211),(27,1,212),(28,12,212),(29,1,213),(30,13,213),(31,1,214),(32,14,214),(33,2,221),(34,11,221),(35,2,222),(36,12,222),(37,2,223),(38,13,223),(39,2,224),(40,14,224),(41,3,231),(42,11,231),(43,3,232),(44,12,232),(45,3,233),(46,13,233),(47,3,234),(48,14,234),(49,1,311),(50,11,311),(51,1,312),(52,12,312),(53,1,313),(54,13,313),(55,1,314),(56,14,314),(57,2,321),(58,11,321),(59,2,322),(60,12,322),(61,2,323),(62,13,323),(63,2,324),(64,14,324),(65,3,331),(66,11,331),(67,3,332),(68,12,332),(69,3,333),(70,13,333),(71,3,334),(72,14,334),(73,1,411),(74,11,411),(75,1,412),(76,12,412),(77,1,413),(78,13,413),(79,1,414),(80,14,414),(81,2,421),(82,11,421),(83,2,422),(84,12,422),(85,2,423),(86,13,423),(87,2,424),(88,14,424),(89,3,431),(90,11,431),(91,3,432),(92,12,432),(93,3,433),(94,13,433),(95,3,434),(96,14,434),(97,1,511),(98,11,511),(99,1,512),(100,12,512),(101,1,513),(102,13,513),(103,1,514),(104,14,514),(105,2,521),(106,11,521),(107,2,522),(108,12,522),(109,2,523),(110,13,523),(111,2,524),(112,14,524),(113,3,531),(114,11,531),(115,3,532),(116,12,532),(117,3,533),(118,13,533),(119,3,534),(120,14,534),(121,1,611),(122,11,611),(123,1,612),(124,12,612),(125,1,613),(126,13,613),(127,1,614),(128,14,614),(129,2,621),(130,11,621),(131,2,622),(132,12,622),(133,2,623),(134,13,623),(135,2,624),(136,14,624),(137,3,631),(138,11,631),(139,3,632),(140,12,632),(141,3,633),(142,13,633),(143,3,634),(144,14,634);
/*!40000 ALTER TABLE `BLC_SKU_OPTION_VALUE_XREF` ENABLE KEYS */;
UNLOCK TABLES;

--
-- Table structure for table `BLC_STATE`
--

DROP TABLE IF EXISTS `BLC_STATE`;
/*!40101 SET @saved_cs_client     = @@character_set_client */;
/*!40101 SET character_set_client = utf8 */;
CREATE TABLE `BLC_STATE` (
  `ABBREVIATION` varchar(255) NOT NULL,
  `NAME` varchar(255) NOT NULL,
  `COUNTRY` varchar(255) NOT NULL,
  PRIMARY KEY (`ABBREVIATION`),
  KEY `STATE_NAME_INDEX` (`NAME`),
  KEY `FKr63uepn8p8qx02xcg43851gno` (`COUNTRY`),
  CONSTRAINT `FKr63uepn8p8qx02xcg43851gno` FOREIGN KEY (`COUNTRY`) REFERENCES `BLC_COUNTRY` (`ABBREVIATION`)
) ENGINE=InnoDB DEFAULT CHARSET=latin1;
/*!40101 SET character_set_client = @saved_cs_client */;

--
-- Dumping data for table `BLC_STATE`
--

LOCK TABLES `BLC_STATE` WRITE;
/*!40000 ALTER TABLE `BLC_STATE` DISABLE KEYS */;
INSERT INTO `BLC_STATE` VALUES ('AA','ARMED FORCES AMERICA','US'),('AB','ALBERTA','CA'),('AE','ARMED FORCES','US'),('AK','ALASKA','US'),('AL','ALABAMA','US'),('AP','ARMED FORCES PACIFIC','US'),('AR','ARKANSAS','US'),('AS','AMERICAN SAMOA','US'),('AZ','ARIZONA','US'),('BC','BRITISH COLUMBIA','CA'),('CA','CALIFORNIA','US'),('CO','COLORADO','US'),('CT','CONNECTICUT','US'),('DC','DISTRICT OF COLUMBIA','US'),('DE','DELAWARE','US'),('FL','FLORIDA','US'),('FM','FEDERATED STATES OF MICRONESIA','US'),('GA','GEORGIA','US'),('GU','GUAM','US'),('HI','HAWAII','US'),('IA','IOWA','US'),('ID','IDAHO','US'),('IL','ILLINOIS','US'),('IN','INDIANA','US'),('KS','KANSAS','US'),('KY','KENTUCKY','US'),('LA','LOUISIANA','US'),('MA','MASSACHUSETTS','US'),('MB','MANITOBA','CA'),('MD','MARYLAND','US'),('ME','MAINE','US'),('MH','MARSHALL ISLANDS','US'),('MI','MICHIGAN','US'),('MN','MINNESOTA','US'),('MO','MISSOURI','US'),('MP','NORTHERN MARIANA ISLANDS','US'),('MS','MISSISSIPPI','US'),('MT','MONTANA','US'),('NB','NEW BRUNSWICK','CA'),('NC','NORTH CAROLINA','US'),('ND','NORTH DAKOTA','US'),('NE','NEBRASKA','US'),('NH','NEW HAMPSHIRE','US'),('NJ','NEW JERSEY','US'),('NL','NEWFOUNDLAND','CA'),('NM','NEW MEXICO','US'),('NS','NOVA SCOTIA','CA'),('NT','NORTHWEST TERRITORIES','CA'),('NU','NUNAVUT','CA'),('NV','NEVADA','US'),('NY','NEW YORK','US'),('OH','OHIO','US'),('OK','OKLAHOMA','US'),('ON','ONTARIO','CA'),('OR','OREGON','US'),('PA','PENNSYLVANIA','US'),('PE','PRINCE EDWARD ISLAND','CA'),('PR','PUERTO RICO','US'),('PW','PALAU','US'),('QC','QUEBEC','CA'),('RI','RHODE ISLAND','US'),('SC','SOUTH CAROLINA','US'),('SD','SOUTH DAKOTA','US'),('SK','SASKATCHEWAN','CA'),('TN','TENNESSEE','US'),('TX','TEXAS','US'),('UT','UTAH','US'),('VA','VIRGINIA','US'),('VI','VIRGIN ISLANDS','US'),('VT','VERMONT','US'),('WA','WASHINGTON','US'),('WI','WISCONSIN','US'),('WV','WEST VIRGINIA','US'),('WY','WYOMING','US'),('YT','YUKON','CA');
/*!40000 ALTER TABLE `BLC_STATE` ENABLE KEYS */;
UNLOCK TABLES;

--
-- Table structure for table `BLC_STATIC_ASSET`
--

DROP TABLE IF EXISTS `BLC_STATIC_ASSET`;
/*!40101 SET @saved_cs_client     = @@character_set_client */;
/*!40101 SET character_set_client = utf8 */;
CREATE TABLE `BLC_STATIC_ASSET` (
  `STATIC_ASSET_ID` bigint(20) NOT NULL,
  `ALT_TEXT` varchar(255) DEFAULT NULL,
  `CREATED_BY` bigint(20) DEFAULT NULL,
  `DATE_CREATED` datetime DEFAULT NULL,
  `DATE_UPDATED` datetime DEFAULT NULL,
  `UPDATED_BY` bigint(20) DEFAULT NULL,
  `FILE_EXTENSION` varchar(255) DEFAULT NULL,
  `FILE_SIZE` bigint(20) DEFAULT NULL,
  `FULL_URL` varchar(255) NOT NULL,
  `MIME_TYPE` varchar(255) DEFAULT NULL,
  `NAME` varchar(255) NOT NULL,
  `STORAGE_TYPE` varchar(255) DEFAULT NULL,
  `TITLE` varchar(255) DEFAULT NULL,
  PRIMARY KEY (`STATIC_ASSET_ID`),
  KEY `ASST_FULL_URL_INDX` (`FULL_URL`)
) ENGINE=InnoDB DEFAULT CHARSET=latin1;
/*!40101 SET character_set_client = @saved_cs_client */;

--
-- Dumping data for table `BLC_STATIC_ASSET`
--

LOCK TABLES `BLC_STATIC_ASSET` WRITE;
/*!40000 ALTER TABLE `BLC_STATIC_ASSET` DISABLE KEYS */;
INSERT INTO `BLC_STATIC_ASSET` VALUES (-2005,NULL,NULL,NULL,NULL,NULL,NULL,NULL,'/img/banners/shirts-speciale.jpg','image/jpg','Shirts Speciale','FILESYSTEM',NULL),(-2004,NULL,NULL,NULL,NULL,NULL,NULL,NULL,'/img/banners/shirt-special.jpg','image/jpg','Shirt Special','FILESYSTEM',NULL),(-2003,NULL,NULL,NULL,NULL,NULL,NULL,NULL,'/img/banners/promocion-camisas.jpg','image/jpg','Promocion Camisas','FILESYSTEM',NULL),(-2002,NULL,NULL,NULL,NULL,NULL,NULL,NULL,'/img/banners/member-special.jpg','image/jpg','Member Special','FILESYSTEM',NULL),(-2001,NULL,NULL,NULL,NULL,NULL,NULL,NULL,'/img/banners/buy-two-get-one.jpg','image/jpg','Buy Two Get One','FILESYSTEM',NULL),(-2000,NULL,NULL,NULL,NULL,NULL,NULL,NULL,'/img/banners/buy-one-get-one-home-banner.jpg','image/jpg','Buy One Get One','FILESYSTEM',NULL),(101,NULL,NULL,NULL,NULL,NULL,NULL,NULL,'/img/sauces/Sudden-Death-Sauce-Bottle.jpg','image/jpg','Sudden Death Sauce Bottle','FILESYSTEM',NULL),(102,NULL,NULL,NULL,NULL,NULL,NULL,NULL,'/img/sauces/Sudden-Death-Sauce-Close.jpg','image/jpg','Sudden Death Sauce Close-up','FILESYSTEM',NULL),(201,NULL,NULL,NULL,NULL,NULL,NULL,NULL,'/img/sauces/Sweet-Death-Sauce-Bottle.jpg','image/jpg','Sweet Death Sauce Bottle','FILESYSTEM',NULL),(202,NULL,NULL,NULL,NULL,NULL,NULL,NULL,'/img/sauces/Sweet-Death-Sauce-Close.jpg','image/jpg','Sweet Death Sauce Close-up','FILESYSTEM',NULL),(203,NULL,NULL,NULL,NULL,NULL,NULL,NULL,'/img/sauces/Sweet-Death-Sauce-Skull.jpg','image/jpg','Sweet Death Sauce Close-up','FILESYSTEM',NULL),(204,NULL,NULL,NULL,NULL,NULL,NULL,NULL,'/img/sauces/Sweet-Death-Sauce-Tile.jpg','image/jpg','Sweet Death Sauce Close-up','FILESYSTEM',NULL),(205,NULL,NULL,NULL,NULL,NULL,NULL,NULL,'/img/sauces/Sweet-Death-Sauce-Grass.jpg','image/jpg','Sweet Death Sauce Close-up','FILESYSTEM',NULL),(206,NULL,NULL,NULL,NULL,NULL,NULL,NULL,'/img/sauces/Sweet-Death-Sauce-Logo.jpg','image/jpg','Sweet Death Sauce Close-up','FILESYSTEM',NULL),(301,NULL,NULL,NULL,NULL,NULL,NULL,NULL,'/img/sauces/Hoppin-Hot-Sauce-Bottle.jpg','image/jpg','Hoppin Hot Sauce Bottle','FILESYSTEM',NULL),(302,NULL,NULL,NULL,NULL,NULL,NULL,NULL,'/img/sauces/Hoppin-Hot-Sauce-Close.jpg','image/jpg','Hoppin Hot Sauce Close-up','FILESYSTEM',NULL),(401,NULL,NULL,NULL,NULL,NULL,NULL,NULL,'/img/sauces/Day-of-the-Dead-Chipotle-Hot-Sauce-Bottle.jpg','image/jpg','Day of the Dead Chipotle Hot Sauce Bottle','FILESYSTEM',NULL),(402,NULL,NULL,NULL,NULL,NULL,NULL,NULL,'/img/sauces/Day-of-the-Dead-Chipotle-Hot-Sauce-Close.jpg','image/jpg','Day of the Dead Chipotle Hot Sauce Close-up','FILESYSTEM',NULL),(501,NULL,NULL,NULL,NULL,NULL,NULL,NULL,'/img/sauces/Day-of-the-Dead-Habanero-Hot-Sauce-Bottle.jpg','image/jpg','Day of the Dead Habanero Hot Sauce Bottle','FILESYSTEM',NULL),(502,NULL,NULL,NULL,NULL,NULL,NULL,NULL,'/img/sauces/Day-of-the-Dead-Habanero-Hot-Sauce-Close.jpg','image/jpg','Day of the Dead Habanero Hot Sauce Close-up','FILESYSTEM',NULL),(601,NULL,NULL,NULL,NULL,NULL,NULL,NULL,'/img/sauces/Day-of-the-Dead-Scotch-Bonnet-Hot-Sauce-Bottle.jpg','image/jpg','Day of the Dead Scotch Bonnet Hot Sauce Bottle','FILESYSTEM',NULL),(602,NULL,NULL,NULL,NULL,NULL,NULL,NULL,'/img/sauces/Day-of-the-Dead-Scotch-Bonnet-Hot-Sauce-Close.jpg','image/jpg','Day of the Dead Scotch Bonnet Hot Sauce Close-up','FILESYSTEM',NULL),(701,NULL,NULL,NULL,NULL,NULL,NULL,NULL,'/img/sauces/Green-Ghost-Bottle.jpg','image/jpg','Green Ghost Bottle','FILESYSTEM',NULL),(702,NULL,NULL,NULL,NULL,NULL,NULL,NULL,'/img/sauces/Green-Ghost-Close.jpg','image/jpg','Green Ghost Close-up','FILESYSTEM',NULL),(801,NULL,NULL,NULL,NULL,NULL,NULL,NULL,'/img/sauces/Blazin-Saddle-XXX-Hot-Habanero-Pepper-Sauce-Bottle.jpg','image/jpg','Blazin Saddle XXX Hot Habanero Pepper Sauce Bottle','FILESYSTEM',NULL),(802,NULL,NULL,NULL,NULL,NULL,NULL,NULL,'/img/sauces/Blazin-Saddle-XXX-Hot-Habanero-Pepper-Sauce-Close.jpg','image/jpg','Blazin Saddle XXX Hot Habanero Pepper Sauce Close-up','FILESYSTEM',NULL),(901,NULL,NULL,NULL,NULL,NULL,NULL,NULL,'/img/sauces/Armageddon-The-Hot-Sauce-To-End-All-Bottle.jpg','image/jpg','Armageddon The Hot Sauce To End All Bottle','FILESYSTEM',NULL),(902,NULL,NULL,NULL,NULL,NULL,NULL,NULL,'/img/sauces/Armageddon-The-Hot-Sauce-To-End-All-Close.jpg','image/jpg','Armageddon The Hot Sauce To End All Close-up','FILESYSTEM',NULL),(1001,NULL,NULL,NULL,NULL,NULL,NULL,NULL,'/img/sauces/Dr.-Chilemeisters-Insane-Hot-Sauce-Bottle.jpg','image/jpg','Dr. Chilemeisters Insane Hot Sauce Bottle','FILESYSTEM',NULL),(1002,NULL,NULL,NULL,NULL,NULL,NULL,NULL,'/img/sauces/Dr.-Chilemeisters-Insane-Hot-Sauce-Close.jpg','image/jpg','Dr. Chilemeisters Insane Hot Sauce Close-up','FILESYSTEM',NULL),(1101,NULL,NULL,NULL,NULL,NULL,NULL,NULL,'/img/sauces/Bull-Snort-Cowboy-Cayenne-Pepper-Hot-Sauce-Bottle.jpg','image/jpg','Bull Snort Cowboy Cayenne Pepper Hot Sauce Bottle','FILESYSTEM',NULL),(1102,NULL,NULL,NULL,NULL,NULL,NULL,NULL,'/img/sauces/Bull-Snort-Cowboy-Cayenne-Pepper-Hot-Sauce-Close.jpg','image/jpg','Bull Snort Cowboy Cayenne Pepper Hot Sauce Close-up','FILESYSTEM',NULL),(1201,NULL,NULL,NULL,NULL,NULL,NULL,NULL,'/img/sauces/Cafe-Louisiane-Sweet-Cajun-Blackening-Sauce-Bottle.jpg','image/jpg','Cafe Louisiane Sweet Cajun Blackening Sauce Bottle','FILESYSTEM',NULL),(1202,NULL,NULL,NULL,NULL,NULL,NULL,NULL,'/img/sauces/Cafe-Louisiane-Sweet-Cajun-Blackening-Sauce-Close.jpg','image/jpg','Cafe Louisiane Sweet Cajun Blackening Sauce Close-up','FILESYSTEM',NULL),(1301,NULL,NULL,NULL,NULL,NULL,NULL,NULL,'/img/sauces/Bull-Snort-Smokin-Toncils-Hot-Sauce-Bottle.jpg','image/jpg','Bull Snort Smokin Toncils Hot Sauce Bottle','FILESYSTEM',NULL),(1302,NULL,NULL,NULL,NULL,NULL,NULL,NULL,'/img/sauces/Bull-Snort-Smokin-Toncils-Hot-Sauce-Close.jpg','image/jpg','Bull Snort Smokin Toncils Hot Sauce Close-up','FILESYSTEM',NULL),(1401,NULL,NULL,NULL,NULL,NULL,NULL,NULL,'/img/sauces/Cool-Cayenne-Pepper-Hot-Sauce-Bottle.jpg','image/jpg','Cool Cayenne Pepper Hot Sauce Bottle','FILESYSTEM',NULL),(1402,NULL,NULL,NULL,NULL,NULL,NULL,NULL,'/img/sauces/Cool-Cayenne-Pepper-Hot-Sauce-Close.jpg','image/jpg','Cool Cayenne Pepper Hot Sauce Close-up','FILESYSTEM',NULL),(1501,NULL,NULL,NULL,NULL,NULL,NULL,NULL,'/img/sauces/Roasted-Garlic-Hot-Sauce-Bottle.jpg','image/jpg','Roasted Garlic Hot Sauce Bottle','FILESYSTEM',NULL),(1502,NULL,NULL,NULL,NULL,NULL,NULL,NULL,'/img/sauces/Roasted-Garlic-Hot-Sauce-Close.jpg','image/jpg','Roasted Garlic Hot Sauce Close-up','FILESYSTEM',NULL),(1601,NULL,NULL,NULL,NULL,NULL,NULL,NULL,'/img/sauces/Scotch-Bonnet-Hot-Sauce-Bottle.jpg','image/jpg','Scotch Bonnet Hot Sauce Bottle','FILESYSTEM',NULL),(1602,NULL,NULL,NULL,NULL,NULL,NULL,NULL,'/img/sauces/Scotch-Bonnet-Hot-Sauce-Close.jpg','image/jpg','Scotch Bonnet Hot Sauce Close-up','FILESYSTEM',NULL),(1701,NULL,NULL,NULL,NULL,NULL,NULL,NULL,'/img/sauces/Insanity-Sauce-Bottle.jpg','image/jpg','Insanity Sauce Bottle','FILESYSTEM',NULL),(1702,NULL,NULL,NULL,NULL,NULL,NULL,NULL,'/img/sauces/Insanity-Sauce-Close.jpg','image/jpg','Insanity Sauce Close-up','FILESYSTEM',NULL),(1801,NULL,NULL,NULL,NULL,NULL,NULL,NULL,'/img/sauces/Hurtin-Jalepeno-Hot-Sauce-Bottle.jpg','image/jpg','Hurtin Jalepeno Hot Sauce Bottle','FILESYSTEM',NULL),(1802,NULL,NULL,NULL,NULL,NULL,NULL,NULL,'/img/sauces/Hurtin-Jalepeno-Hot-Sauce-Close.jpg','image/jpg','Hurtin Jalepeno Hot Sauce Close-up','FILESYSTEM',NULL),(1901,NULL,NULL,NULL,NULL,NULL,NULL,NULL,'/img/sauces/Roasted-Red-Pepper-and-Chipotle-Hot-Sauce-Bottle.jpg','image/jpg','Roasted Red Pepper and Chipotle Hot Sauce Bottle','FILESYSTEM',NULL),(1902,NULL,NULL,NULL,NULL,NULL,NULL,NULL,'/img/sauces/Roasted-Red-Pepper-and-Chipotle-Hot-Sauce-Close.jpg','image/jpg','Roasted Red Pepper and Chipotle Hot Sauce Close-up','FILESYSTEM',NULL),(10001,NULL,NULL,NULL,NULL,NULL,NULL,NULL,'/img/merch/habanero_mens_black.jpg','image/jpg','Hawt Like a Habanero Men\'s Black','FILESYSTEM',NULL),(10002,NULL,NULL,NULL,NULL,NULL,NULL,NULL,'/img/merch/habanero_mens_red.jpg','image/jpg','Hawt Like a Habanero Men\'s Red','FILESYSTEM',NULL),(10003,NULL,NULL,NULL,NULL,NULL,NULL,NULL,'/img/merch/habanero_mens_silver.jpg','image/jpg','Hawt Like a Habanero Men\'s Silver','FILESYSTEM',NULL),(20001,NULL,NULL,NULL,NULL,NULL,NULL,NULL,'/img/merch/habanero_womens_black.jpg','image/jpg','Hawt Like a Habanero Women\'s Black','FILESYSTEM',NULL),(20002,NULL,NULL,NULL,NULL,NULL,NULL,NULL,'/img/merch/habanero_womens_red.jpg','image/jpg','Hawt Like a Habanero Women\'s Red','FILESYSTEM',NULL),(20003,NULL,NULL,NULL,NULL,NULL,NULL,NULL,'/img/merch/habanero_womens_silver.jpg','image/jpg','Hawt Like a Habanero Women\'s Silver','FILESYSTEM',NULL),(30001,NULL,NULL,NULL,NULL,NULL,NULL,NULL,'/img/merch/heat_clinic_handdrawn_mens_black.jpg','image/jpg','Heat Clinic Hand-Drawn Men\'s Black','FILESYSTEM',NULL),(30002,NULL,NULL,NULL,NULL,NULL,NULL,NULL,'/img/merch/heat_clinic_handdrawn_mens_red.jpg','image/jpg','Heat Clinic Hand-Drawn Men\'s Red','FILESYSTEM',NULL),(30003,NULL,NULL,NULL,NULL,NULL,NULL,NULL,'/img/merch/heat_clinic_handdrawn_mens_silver.jpg','image/jpg','Heat Clinic Hand-Drawn Men\'s Silver','FILESYSTEM',NULL),(40001,NULL,NULL,NULL,NULL,NULL,NULL,NULL,'/img/merch/heat_clinic_handdrawn_womens_black.jpg','image/jpg','Heat Clinic Hand-Drawn Women\'s Black','FILESYSTEM',NULL),(40002,NULL,NULL,NULL,NULL,NULL,NULL,NULL,'/img/merch/heat_clinic_handdrawn_womens_red.jpg','image/jpg','Heat Clinic Hand-Drawn Women\'s Red','FILESYSTEM',NULL),(40003,NULL,NULL,NULL,NULL,NULL,NULL,NULL,'/img/merch/heat_clinic_handdrawn_womens_silver.jpg','image/jpg','Heat Clinic Hand-Drawn Women\'s Silver','FILESYSTEM',NULL),(50001,NULL,NULL,NULL,NULL,NULL,NULL,NULL,'/img/merch/heat_clinic_mascot_mens_black.jpg','image/jpg','Heat Clinic Mascot Men\'s Black','FILESYSTEM',NULL),(50002,NULL,NULL,NULL,NULL,NULL,NULL,NULL,'/img/merch/heat_clinic_mascot_mens_red.jpg','image/jpg','Heat Clinic Mascot Men\'s Red','FILESYSTEM',NULL),(50003,NULL,NULL,NULL,NULL,NULL,NULL,NULL,'/img/merch/heat_clinic_mascot_mens_silver.jpg','image/jpg','Heat Clinic Mascot Men\'s Silver','FILESYSTEM',NULL),(60001,NULL,NULL,NULL,NULL,NULL,NULL,NULL,'/img/merch/heat_clinic_mascot_womens_black.jpg','image/jpg','Heat Clinic Mascot Women\'s Black','FILESYSTEM',NULL),(60002,NULL,NULL,NULL,NULL,NULL,NULL,NULL,'/img/merch/heat_clinic_mascot_womens_red.jpg','image/jpg','Heat Clinic Mascot Women\'s Red','FILESYSTEM',NULL),(60003,NULL,NULL,NULL,NULL,NULL,NULL,NULL,'/img/merch/heat_clinic_mascot_womens_silver.jpg','image/jpg','Heat Clinic Mascot Women\'s Silver','FILESYSTEM',NULL);
/*!40000 ALTER TABLE `BLC_STATIC_ASSET` ENABLE KEYS */;
UNLOCK TABLES;

--
-- Table structure for table `BLC_STATIC_ASSET_DESC`
--

DROP TABLE IF EXISTS `BLC_STATIC_ASSET_DESC`;
/*!40101 SET @saved_cs_client     = @@character_set_client */;
/*!40101 SET character_set_client = utf8 */;
CREATE TABLE `BLC_STATIC_ASSET_DESC` (
  `STATIC_ASSET_DESC_ID` bigint(20) NOT NULL,
  `CREATED_BY` bigint(20) DEFAULT NULL,
  `DATE_CREATED` datetime DEFAULT NULL,
  `DATE_UPDATED` datetime DEFAULT NULL,
  `UPDATED_BY` bigint(20) DEFAULT NULL,
  `DESCRIPTION` varchar(255) DEFAULT NULL,
  `LONG_DESCRIPTION` varchar(255) DEFAULT NULL,
  PRIMARY KEY (`STATIC_ASSET_DESC_ID`)
) ENGINE=InnoDB DEFAULT CHARSET=latin1;
/*!40101 SET character_set_client = @saved_cs_client */;

--
-- Dumping data for table `BLC_STATIC_ASSET_DESC`
--

LOCK TABLES `BLC_STATIC_ASSET_DESC` WRITE;
/*!40000 ALTER TABLE `BLC_STATIC_ASSET_DESC` DISABLE KEYS */;
/*!40000 ALTER TABLE `BLC_STATIC_ASSET_DESC` ENABLE KEYS */;
UNLOCK TABLES;

--
-- Table structure for table `BLC_STATIC_ASSET_STRG`
--

DROP TABLE IF EXISTS `BLC_STATIC_ASSET_STRG`;
/*!40101 SET @saved_cs_client     = @@character_set_client */;
/*!40101 SET character_set_client = utf8 */;
CREATE TABLE `BLC_STATIC_ASSET_STRG` (
  `STATIC_ASSET_STRG_ID` bigint(20) NOT NULL,
  `FILE_DATA` longblob,
  `STATIC_ASSET_ID` bigint(20) NOT NULL,
  PRIMARY KEY (`STATIC_ASSET_STRG_ID`),
  KEY `STATIC_ASSET_ID_INDEX` (`STATIC_ASSET_ID`)
) ENGINE=InnoDB DEFAULT CHARSET=latin1;
/*!40101 SET character_set_client = @saved_cs_client */;

--
-- Dumping data for table `BLC_STATIC_ASSET_STRG`
--

LOCK TABLES `BLC_STATIC_ASSET_STRG` WRITE;
/*!40000 ALTER TABLE `BLC_STATIC_ASSET_STRG` DISABLE KEYS */;
/*!40000 ALTER TABLE `BLC_STATIC_ASSET_STRG` ENABLE KEYS */;
UNLOCK TABLES;

--
-- Table structure for table `BLC_STORE`
--

DROP TABLE IF EXISTS `BLC_STORE`;
/*!40101 SET @saved_cs_client     = @@character_set_client */;
/*!40101 SET character_set_client = utf8 */;
CREATE TABLE `BLC_STORE` (
  `STORE_ID` bigint(20) NOT NULL,
  `ARCHIVED` char(1) DEFAULT NULL,
  `LATITUDE` double DEFAULT NULL,
  `LONGITUDE` double DEFAULT NULL,
  `STORE_NAME` varchar(255) NOT NULL,
  `STORE_OPEN` bit(1) DEFAULT NULL,
  `STORE_HOURS` varchar(255) DEFAULT NULL,
  `STORE_NUMBER` varchar(255) DEFAULT NULL,
  `ADDRESS_ID` bigint(20) DEFAULT NULL,
  PRIMARY KEY (`STORE_ID`),
  KEY `FKg65fln1wkn5rai85klf8ei1uy` (`ADDRESS_ID`),
  CONSTRAINT `FKg65fln1wkn5rai85klf8ei1uy` FOREIGN KEY (`ADDRESS_ID`) REFERENCES `BLC_ADDRESS` (`ADDRESS_ID`)
) ENGINE=InnoDB DEFAULT CHARSET=latin1;
/*!40101 SET character_set_client = @saved_cs_client */;

--
-- Dumping data for table `BLC_STORE`
--

LOCK TABLES `BLC_STORE` WRITE;
/*!40000 ALTER TABLE `BLC_STORE` DISABLE KEYS */;
/*!40000 ALTER TABLE `BLC_STORE` ENABLE KEYS */;
UNLOCK TABLES;

--
-- Table structure for table `BLC_SYSTEM_PROPERTY`
--

DROP TABLE IF EXISTS `BLC_SYSTEM_PROPERTY`;
/*!40101 SET @saved_cs_client     = @@character_set_client */;
/*!40101 SET character_set_client = utf8 */;
CREATE TABLE `BLC_SYSTEM_PROPERTY` (
  `BLC_SYSTEM_PROPERTY_ID` bigint(20) NOT NULL,
  `FRIENDLY_GROUP` varchar(255) DEFAULT NULL,
  `FRIENDLY_NAME` varchar(255) DEFAULT NULL,
  `FRIENDLY_TAB` varchar(255) DEFAULT NULL,
  `PROPERTY_NAME` varchar(255) NOT NULL,
  `OVERRIDE_GENERATED_PROP_NAME` bit(1) DEFAULT NULL,
  `PROPERTY_TYPE` varchar(255) DEFAULT NULL,
  `PROPERTY_VALUE` varchar(255) DEFAULT NULL,
  PRIMARY KEY (`BLC_SYSTEM_PROPERTY_ID`),
  KEY `IDX_BLSYPR_PROPERTY_NAME` (`PROPERTY_NAME`)
) ENGINE=InnoDB DEFAULT CHARSET=latin1;
/*!40101 SET character_set_client = @saved_cs_client */;

--
-- Dumping data for table `BLC_SYSTEM_PROPERTY`
--

LOCK TABLES `BLC_SYSTEM_PROPERTY` WRITE;
/*!40000 ALTER TABLE `BLC_SYSTEM_PROPERTY` DISABLE KEYS */;
/*!40000 ALTER TABLE `BLC_SYSTEM_PROPERTY` ENABLE KEYS */;
UNLOCK TABLES;

--
-- Table structure for table `BLC_TAR_CRIT_OFFER_XREF`
--

DROP TABLE IF EXISTS `BLC_TAR_CRIT_OFFER_XREF`;
/*!40101 SET @saved_cs_client     = @@character_set_client */;
/*!40101 SET character_set_client = utf8 */;
CREATE TABLE `BLC_TAR_CRIT_OFFER_XREF` (
  `OFFER_TAR_CRIT_ID` bigint(20) NOT NULL,
  `OFFER_ID` bigint(20) NOT NULL,
  `OFFER_ITEM_CRITERIA_ID` bigint(20) DEFAULT NULL,
  PRIMARY KEY (`OFFER_TAR_CRIT_ID`),
  KEY `FK5n28fyhs3hvqqn38rap5yns9i` (`OFFER_ID`),
  KEY `FKj44eau35bu6hfq5w53civq01y` (`OFFER_ITEM_CRITERIA_ID`),
  CONSTRAINT `FK5n28fyhs3hvqqn38rap5yns9i` FOREIGN KEY (`OFFER_ID`) REFERENCES `BLC_OFFER` (`OFFER_ID`),
  CONSTRAINT `FKj44eau35bu6hfq5w53civq01y` FOREIGN KEY (`OFFER_ITEM_CRITERIA_ID`) REFERENCES `BLC_OFFER_ITEM_CRITERIA` (`OFFER_ITEM_CRITERIA_ID`)
) ENGINE=InnoDB DEFAULT CHARSET=latin1;
/*!40101 SET character_set_client = @saved_cs_client */;

--
-- Dumping data for table `BLC_TAR_CRIT_OFFER_XREF`
--

LOCK TABLES `BLC_TAR_CRIT_OFFER_XREF` WRITE;
/*!40000 ALTER TABLE `BLC_TAR_CRIT_OFFER_XREF` DISABLE KEYS */;
INSERT INTO `BLC_TAR_CRIT_OFFER_XREF` VALUES (-100,1,1);
/*!40000 ALTER TABLE `BLC_TAR_CRIT_OFFER_XREF` ENABLE KEYS */;
UNLOCK TABLES;

--
-- Table structure for table `BLC_TAX_DETAIL`
--

DROP TABLE IF EXISTS `BLC_TAX_DETAIL`;
/*!40101 SET @saved_cs_client     = @@character_set_client */;
/*!40101 SET character_set_client = utf8 */;
CREATE TABLE `BLC_TAX_DETAIL` (
  `TAX_DETAIL_ID` bigint(20) NOT NULL,
  `AMOUNT` decimal(19,5) DEFAULT NULL,
  `TAX_COUNTRY` varchar(255) DEFAULT NULL,
  `JURISDICTION_NAME` varchar(255) DEFAULT NULL,
  `RATE` decimal(19,5) DEFAULT NULL,
  `TAX_REGION` varchar(255) DEFAULT NULL,
  `TAX_NAME` varchar(255) DEFAULT NULL,
  `TYPE` varchar(255) DEFAULT NULL,
  `CURRENCY_CODE` varchar(255) DEFAULT NULL,
  `MODULE_CONFIG_ID` bigint(20) DEFAULT NULL,
  PRIMARY KEY (`TAX_DETAIL_ID`),
  KEY `FK7rwcm52210yymslbjj8m25cvi` (`CURRENCY_CODE`),
  KEY `FK53heksajqlpbnfd8yrbudum8a` (`MODULE_CONFIG_ID`),
  CONSTRAINT `FK53heksajqlpbnfd8yrbudum8a` FOREIGN KEY (`MODULE_CONFIG_ID`) REFERENCES `BLC_MODULE_CONFIGURATION` (`MODULE_CONFIG_ID`),
  CONSTRAINT `FK7rwcm52210yymslbjj8m25cvi` FOREIGN KEY (`CURRENCY_CODE`) REFERENCES `BLC_CURRENCY` (`CURRENCY_CODE`)
) ENGINE=InnoDB DEFAULT CHARSET=latin1;
/*!40101 SET character_set_client = @saved_cs_client */;

--
-- Dumping data for table `BLC_TAX_DETAIL`
--

LOCK TABLES `BLC_TAX_DETAIL` WRITE;
/*!40000 ALTER TABLE `BLC_TAX_DETAIL` DISABLE KEYS */;
/*!40000 ALTER TABLE `BLC_TAX_DETAIL` ENABLE KEYS */;
UNLOCK TABLES;

--
-- Table structure for table `BLC_TRANSLATION`
--

DROP TABLE IF EXISTS `BLC_TRANSLATION`;
/*!40101 SET @saved_cs_client     = @@character_set_client */;
/*!40101 SET character_set_client = utf8 */;
CREATE TABLE `BLC_TRANSLATION` (
  `TRANSLATION_ID` bigint(20) NOT NULL,
  `ENTITY_ID` varchar(255) DEFAULT NULL,
  `ENTITY_TYPE` varchar(255) DEFAULT NULL,
  `FIELD_NAME` varchar(255) DEFAULT NULL,
  `LOCALE_CODE` varchar(255) DEFAULT NULL,
  `TRANSLATED_VALUE` longtext,
  PRIMARY KEY (`TRANSLATION_ID`),
  KEY `TRANSLATION_INDEX` (`ENTITY_TYPE`,`ENTITY_ID`,`FIELD_NAME`,`LOCALE_CODE`)
) ENGINE=InnoDB DEFAULT CHARSET=latin1;
/*!40101 SET character_set_client = @saved_cs_client */;

--
-- Dumping data for table `BLC_TRANSLATION`
--

LOCK TABLES `BLC_TRANSLATION` WRITE;
/*!40000 ALTER TABLE `BLC_TRANSLATION` DISABLE KEYS */;
INSERT INTO `BLC_TRANSLATION` VALUES (-1003,'3','Page','pageTemplate|body','es','<h2 style=\"text-align:center;\">Este es un ejemplo de una p&aacute;gina de contenido-manejado.</h2>'),(-1002,'2','Page','pageTemplate|body','es','<h2 style=\"text-align:center;\">Este es un ejemplo de una p&aacute;gina de contenido-manejado.</h2><h4 style=\"text-align:center;\">Haga <a href=\"http://www.broadleafcommerce.com/features/content\">click aqu&iacute;</a> para mas informaci&oacute;n.</h4>'),(-1001,'1','Page','pageTemplate|body','es','prueba de contenido'),(-1000,'1','Page','pageTemplate|title','es','Espa&ntilde;ol G&eacute;nerico'),(-398,'6','MenuItem','label','fr','FAQ'),(-397,'5','MenuItem','label','fr','Nouveau Hot Sauce?'),(-396,'3','FulfillmentOption','longDescription','fr','1 - 2 Journ&eacute;es'),(-395,'3','FulfillmentOption','name','fr','Express'),(-394,'2','FulfillmentOption','longDescription','fr','3 - 5 Journ&eacute;es'),(-393,'2','FulfillmentOption','name','fr','Priorit&eacute;'),(-392,'1','FulfillmentOption','longDescription','fr','5 - 7 Journ&eacute;es'),(-391,'1','FulfillmentOption','name','fr','Norme'),(-382,'3','SearchFacet','label','fr','Prix'),(-381,'2','SearchFacet','label','fr','Degr&eacute; de chaleur'),(-380,'1','SearchFacet','label','fr','Fabricant'),(-300,'600','Sku','longDescription','fr','Avez-vous pas juste notre mascotte? Obtenez votre chemise propre aujourd\'hui!'),(-299,'600','Sku','name','fr','Mascot Clinique chaleur (Femmes)'),(-298,'500','Sku','longDescription','fr','Avez-vous pas juste notre mascotte? Obtenez votre chemise propre aujourd\'hui!'),(-297,'500','Sku','name','fr','Mascot Clinique chaleur (Hommes)'),(-296,'400','Sku','longDescription','fr','Ce t-shirt logo dessin&eacute; &agrave; la main pour les femmes dispose d\'une coupe r&eacute;guli&egrave;re en trois couleurs diff&eacute;rentes.'),(-295,'400','Sku','name','fr','Clinique de chaleur tir&eacute; par la main (Femmes)'),(-294,'300','Sku','longDescription','fr','Ce t-shirt logo dessin&eacute; &agrave; la main pour les hommes dispose d\'une coupe r&eacute;guli&egrave;re en trois couleurs diff&eacute;rentes.'),(-293,'300','Sku','name','fr','Clinique de chaleur tir&eacute; par la main (Hommes)'),(-292,'200','Sku','longDescription','fr','Collecte de femmes Habanero standards chemise &agrave; manches courtes shirt s&eacute;rigraphi&eacute; &agrave; 30 coton doux singles en coupe regular.'),(-291,'200','Sku','name','fr','Hawt comme une chemise Habanero (Femmes)'),(-290,'100','Sku','longDescription','fr','Collecte Hommes Habanero standards chemise &agrave; manches courtes t s&eacute;rigraphi&eacute;es en 30 coton doux singles en coupe regular.'),(-289,'100','Sku','name','fr','Hawt comme une chemise Habanero (Hommes)'),(-288,'19','Sku','longDescription','fr','Cette sauce tire sa saveur des poivrons grand &acirc;ge et le vinaigre de canne. Il permettra d\'am&eacute;liorer la saveur de la plupart de n\'importe quel repas.'),(-287,'19','Sku','name','fr','Sauce chaudes Chipotle'),(-286,'18','Sku','longDescription','fr','Cette sauce tire sa saveur des poivrons grand &acirc;ge et le vinaigre de canne. Il permettra d\'am&eacute;liorer la saveur de la plupart de n\'importe quel repas.'),(-285,'18','Sku','name','fr','Sauces chaudes Jalapeno'),(-284,'17','Sku','longDescription','fr','Cette sauce tire sa saveur des poivrons grand &acirc;ge et le vinaigre de canne. Il permettra d\'am&eacute;liorer la saveur de la plupart de n\'importe quel repas.'),(-283,'17','Sku','name','fr','Sauce Scotch Bonnet chaud'),(-282,'16','Sku','longDescription','fr','Cette sauce tire sa saveur des poivrons grand &acirc;ge et le vinaigre de canne. Il permettra d\'am&eacute;liorer la saveur de la plupart de n\'importe quel repas.'),(-281,'16','Sku','name','fr','Sauce Scotch Bonnet chaud'),(-280,'15','Sku','longDescription','fr','Cette sauce tire sa saveur des poivrons grand &acirc;ge et le vinaigre de canne. Il permettra d\'am&eacute;liorer la saveur de la plupart de n\'importe quel repas.'),(-279,'15','Sku','name','fr','Sauce &agrave; l\'ail rti chaud'),(-278,'14','Sku','longDescription','fr','Cette sauce tire sa saveur des poivrons grand &acirc;ge et le vinaigre de canne. Il permettra d\'am&eacute;liorer la saveur de la plupart de n\'importe quel repas.'),(-277,'14','Sku','name','fr','Frais Poivre de Cayenne Hot Sauce'),(-276,'13','Sku','longDescription','fr','Todo es m&aacute;s grande en Texas, incluso lo picante de la Salsa de Snortin Bull! Tout est plus grand au Texas, m&ecirc;me la brlure de Hot Sauce une Snortin Bull! douche sur le Texas Steak taille qu\'ils appellent le 96er Ole ou vos l&eacute;gumes Jane avion. Si vous &ecirc;tes un fan sur faire de la sauce barbecue &agrave; partir de z&eacute;ro comme je suis, vous pouvez utiliser la sauce Bull amygdales Snort Smokin \'Hot tant qu\'additif. Red hot habaneros et piments donner &agrave; cette tingler amygdales sa saveur c&eacute;l&egrave;bre et rouge de chaleur chaud. Bull Snort Smokin \'Hot amygdales Sauce\'ll avoir vos entrailles buckin avec une goutte d\'eau.'),(-275,'13','Sku','name','fr','Bull Snort Smokin \'Hot Sauce Toncils'),(-274,'12','Sku','longDescription','fr','L\'une des sauces les plus insolites que nous vendons. L\'original &eacute;tait un vieux style sauce cajun et c\'est a le noircissement &agrave; jour de version. C\'est gentil, mais vous obtenez un grand succ&egrave;s de cannelle et de clou de girofle avec un coup de chaleur agr&eacute;able de Cayenne. Utilisez-le sur tous les aliments &agrave; donner cette ambiance cajun.'),(-273,'12','Sku','name','fr','Caf&eacute; Cajun Louisiane Douce Sauce Blackening'),(-272,'11','Sku','longDescription','fr','Been there, encord&eacute;s cela. Hotter than jument buckin \'en chaleur! Saupoudrez de plats de viande, de fruits de mer et l&eacute;gumes. Utilisation comme additif dans une sauce barbecue ou tout aliment qui a besoin d\'une saveur &eacute;pic&eacute;e. Commencez avec quelques gouttes et travailler jusqu\'&agrave; la saveur d&eacute;sir&eacute;e.'),(-271,'11','Sku','name','fr','Bull Snort Cowboy poivre de Cayenne Hot Sauce'),(-270,'10','Sku','longDescription','fr','Voici la prescription pour ceux qui aiment la chaleur intol&eacute;rable. Dr Chilemeister potion de malades et mal mortel doit &ecirc;tre utilis&eacute; avec prudence. La douleur peut devenir une d&eacute;pendance!'),(-269,'10','Sku','name','fr','Dr Chilemeister Sauce Hot Insane'),(-268,'9','Sku','longDescription','fr','Tout l\'enfer se d&eacute;chane, le feu et le soufre pleuvoir? se pr&eacute;parer &agrave; rencontrer votre machine?'),(-267,'9','Sku','name','fr','Armageddon Le Hot Sauce To End All'),(-266,'8','Sku','longDescription','fr','Vous misez vos bottes, cette sauce chaude valu son nom de gens qui appr&eacute;cient une sauce chaude exceptionnel. Ce que vous trouverez ici est une saveur piquante vraiment original, pas un piquant irr&eacute;sistible que l\'on retrouve dans les sauces au poivre Tabasco ordinaires - m&ecirc;me si le piment utilis&eacute; dans ce produit a &eacute;t&eacute; test&eacute; &agrave; 285.000 unit&eacute;s Scoville. Alors, en selle pour une balade inoubliable. Pour vous assurer que nous vous avons apport&eacute; la plus belle sauce au poivre de Habanero, nous sommes all&eacute;s aux contreforts des montagnes mayas au Belize, en Am&eacute;rique centrale. Ce produit est pr&eacute;par&eacute; enti&egrave;rement &agrave; la main en utilisant uniquement des l&eacute;gumes frais et de tous les ingr&eacute;dients naturels.'),(-265,'8','Sku','name','fr','Blazin \'Selle XXX Hot Habanero sauce au poivre'),(-264,'7','Sku','longDescription','fr','Fabriqu&eacute; avec Naga Bhut Jolokia, plus chaud poivre dans le monde.'),(-263,'7','Sku','name','fr','Green Ghost'),(-262,'6','Sku','longDescription','fr','Souvent confondu avec le Habanero, le Scotch Bonnet a une pointe profond&eacute;ment invers&eacute;e par rapport &agrave; l\'extr&eacute;mit&eacute; pointue de l\'Habanero. Allant dans de nombreuses couleurs allant du vert au jaune-orange, le Scotch Bonnet est un aliment de base dans les Antilles et sauces au poivre de style Barbade.'),(-261,'6','Sku','name','fr','Jour de la sauce Scotch Bonnet Hot Morte'),(-260,'5','Sku','longDescription','fr','Si vous voulez chaud, c\'est le piment de choisir. Originaire de la Carabe, du Yucatan et du Nord Cte de l\'Am&eacute;rique du Sud, le Habanero se pr&eacute;sente dans une vari&eacute;t&eacute; de couleurs allant du vert p&acirc;le au rouge vif. La chaleur gras Habanero, la saveur et l\'arme unique, en a fait le favori des amateurs de chili.'),(-259,'5','Sku','name','fr','Jour de la sauce Habanero Hot Morte'),(-258,'4','Sku','longDescription','fr','Lorsque tout le poivre est s&eacute;ch&eacute; et fum&eacute;, il est consid&eacute;r&eacute; comme un Chipotle. Normalement, avec un aspect froiss&eacute;, drak brun, le chipotle fum&eacute; offre une saveur douce qui est g&eacute;n&eacute;ralement utilis&eacute; pour ajouter un smokey, saveur rtie aux salsas, les ragots et marinades.'),(-257,'4','Sku','name','fr','Jour de la sauce chaude Morte Chipotle'),(-256,'3','Sku','longDescription','fr','Tangy, venu de Cayenne poivron flux avec l\'ail, l\'oignon p&acirc;te de tomate, et un soupon de sucre de canne pour en faire une sauce onctueuse avec une morsure. Magnifique sur les ufs, la volaille, le porc ou le poisson, cette sauce marie pour faire des marinades et des soupes riches.'),(-255,'3','Sku','name','fr','Hot Sauce Hoppin'),(-254,'2','Sku','longDescription','fr','Le parfait topper pour le poulet, le poisson, des hamburgers ou une pizza. Un grand m&eacute;lange de Habanero, mangue, fruits de la passion et de plus faire cette sauce Mort d\'un festin incroyable tropicale'),(-253,'2','Sku','name','fr','Sauce Sweet Death'),(-252,'1','Sku','longDescription','fr','Comme mes Chilipals sais, je suis pas du genre &agrave; &ecirc;tre satisfaite. Par cons&eacute;quent, la cr&eacute;ation de la mort subite. Lorsque vous avez besoin d\'aller au-del&agrave; ... Mort subite livrera!'),(-251,'1','Sku','name','fr','Sauce mort subite'),(-247,'14','ProdOptionVal','attributeValue','fr','XG'),(-246,'13','ProdOptionVal','attributeValue','fr','G'),(-245,'12','ProdOptionVal','attributeValue','fr','M'),(-244,'11','ProdOptionVal','attributeValue','fr','P'),(-243,'3','ProdOptionVal','attributeValue','fr','Argent'),(-242,'2','ProdOptionVal','attributeValue','fr','Rouge'),(-241,'1','ProdOptionVal','attributeValue','fr','Noir'),(-232,'2','ProdOption','label','fr','Shirt Taille'),(-231,'1','ProdOption','label','fr','Shirt Couleur'),(-215,'2005','Category','description','fr','Cartes Cadeaux'),(-214,'2004','Category','description','fr','Soldes'),(-213,'2003','Category','description','fr','Goodies'),(-212,'2002','Category','description','fr','Sauces piquantes'),(-211,'2001','Category','description','fr','Accueil'),(-205,'2005','Category','name','fr','Cartes Cadeaux'),(-204,'2004','Category','name','fr','Soldes'),(-203,'2003','Category','name','fr','Goodies'),(-202,'2002','Category','name','fr','Sauces piquantes'),(-201,'2001','Category','name','fr','Accueil'),(-198,'6','MenuItem','label','es','FAQ'),(-197,'5','MenuItem','label','aes','Nuevo a la Salsa?'),(-196,'3','FulfillmentOption','longDescription','es','1 - 2 D&iacute;as'),(-195,'3','FulfillmentOption','name','es','Express'),(-194,'2','FulfillmentOption','longDescription','es','3 - 5 D&iacute;as'),(-193,'2','FulfillmentOption','name','es','Ejecutiva'),(-192,'1','FulfillmentOption','longDescription','es','5 - 7 D&iacute;as'),(-191,'1','FulfillmentOption','name','es','Estndar'),(-182,'3','SearchFacet','label','es','Precio'),(-181,'2','SearchFacet','label','es','Rango de Calor'),(-180,'1','SearchFacet','label','es','Fabricante'),(-100,'600','Sku','longDescription','es','&iquest;No te encanta nuestra mascota? Compre su propia camiseta hoy!'),(-99,'600','Sku','name','es','Mascota de Heat Clinic (Mujeres)'),(-98,'500','Sku','longDescription','es','&iquest;No te encanta nuestra mascota? Compre su propia camiseta hoy!'),(-97,'500','Sku','name','es','Mascota de Heat Clinic (Hombres)'),(-96,'400','Sku','longDescription','es','Esta camiseta tiene el logo dibujado a mano para hombres, ofrece un ajuste regular en tres colores diferentes.'),(-95,'400','Sku','name','es','Heat Clinic dibujado a mano (Mujeres)'),(-94,'300','Sku','longDescription','es','Esta camiseta tiene el logo dibujado a mano para hombres, ofrece un ajuste regular en tres colores diferentes.'),(-93,'300','Sku','name','es','Heat Clinic dibujado a mano (Hombres)'),(-92,'200','Sku','longDescription','es','Colecci&oacute;n de Mujeres Habanero est&aacute;ndar de manga corta serigrafiadas, camiseta de algod&oacute;n suave en ajuste normal.'),(-91,'200','Sku','name','es','Camisa de Habanero Hawt (Mujeres)'),(-90,'100','Sku','longDescription','es','Colecci&oacute;n de Hombres Habanero est&aacute;ndar de manga corta serigrafiadas, camiseta de algod&oacute;n suave en ajuste normal.'),(-89,'100','Sku','name','es','Camisa de Habanero Hawt (Hombres)'),(-88,'19','Sku','longDescription','es','Esta salsa debe su gran sabor a los pimientos de edad y vinagre de ca&ntilde;a. Mejorar&aacute; el sabor de cualquier comida.'),(-87,'19','Sku','name','es','Salsa de Pimienta Roja y Chipotle'),(-86,'18','Sku','longDescription','es','Esta salsa debe su gran sabor a los pimientos de edad y vinagre de ca&ntilde;a. Mejorar&aacute; el sabor de cualquier comida.'),(-85,'18','Sku','name','es','Salsa de Jalape&ntilde;o Ardiente'),(-84,'17','Sku','longDescription','es','Esta salsa debe su gran sabor a los pimientos de edad y vinagre de ca&ntilde;a. Mejorar&aacute; el sabor de cualquier comida.'),(-83,'17','Sku','name','es','Salsa de Locura'),(-82,'16','Sku','longDescription','es','Esta salsa debe su gran sabor a los pimientos de edad y vinagre de ca&ntilde;a. Mejorar&aacute; el sabor de cualquier comida.'),(-81,'16','Sku','name','es','Salsa de Locura'),(-80,'15','Sku','longDescription','es','Esta salsa debe su gran sabor a los pimientos de edad y vinagre de ca&ntilde;a. Mejorar&aacute; el sabor de cualquier comida.'),(-79,'15','Sku','name','es','Salsa de Ajo Tostado'),(-78,'14','Sku','longDescription','es','Esta salsa debe su gran sabor a los pimientos de edad y vinagre de ca&ntilde;a. Mejorar&aacute; el sabor de cualquier comida.'),(-77,'14','Sku','name','es','Salsa de Cayene Fresco'),(-76,'13','Sku','longDescription','es','Todo es m&aacute;s grande en Texas, incluso lo picante de la Salsa de Snortin Bull! Si usted es un fan de hacer la salsa de barbacoa a partir de cero, como yo, puede utilizar la Salsa de Snortin Bull como aditivo. Habaneros ardientes y los pimientos de cayena dan a la garganta un sabor y calor al rojo vivo.'),(-75,'13','Sku','name','es','Salsa Mata-Gargantas de Bull Snort'),(-74,'12','Sku','longDescription','es','Una de las salsas m&aacute;s inusuales que vendemos. La original era un viejo estilo salsa caj&uacute;n y esto versi&oacute;n actualizada ennegrecimiento. Es dulce, pero se obtiene un gran sabor de canela y clavo de olor con un tiro agradable de piacnte de Cayena. Use en todos los alimentos para dar ese toque caj&uacute;n.'),(-73,'12','Sku','name','es','Salsa Dulce de Cajun de Lousiane'),(-72,'11','Sku','longDescription','es','Espolvorear con platos de carne, pescado y verduras. Use como aditivo en la salsa de barbacoa o cualquier alimento que necesita un sabor picante. Comience con unas gotas y aumente hasta llegar al sabor deseado.'),(-71,'11','Sku','name','es','Salsa Picante del Vaquero'),(-70,'10','Sku','longDescription','es','Aqu est&aacute; la receta para aquellos que disfrutan de picante intolerable. Esta salsa macabra y mortal del Dr. Chilemeister se debe utilizar con precauci&oacute;n. El dolor puede llegar a ser adictivo!'),(-69,'10','Sku','name','es','Salsa Loca del Dr. Chilemeister'),(-68,'9','Sku','longDescription','es','Todo el infierno se ha desatado, fuego y azufre. Est&aacute; listo para el fin?'),(-67,'9','Sku','name','es','Fin del Mundo Salsa'),(-66,'8','Sku','longDescription','es','Esta salsa caliente recibe su nombre por la gente que aprecian una salsa picante. Lo que vas a encontrar aqu es un sabor picante realmente original, no una acritud abrumador que se encuentra en las salsas de chile Tabasco ordinarios - a pesar de la pimienta usado en este producto ha sido probado en 285.000 unidades Scoville. Por lo tanto, ensillar a dar un paseo para recordar. Para asegurarnos de que usted trajo s&oacute;lo la mejor salsa de pimiento habanero, nos fuimos a las faldas de las monta&ntilde;as mayas en Belice, Am&eacute;rica Central. Este producto se prepara totalmente a mano utilizando s&oacute;lo las verduras frescas y solo ingredientes naturales.'),(-65,'8','Sku','name','es','Salsa de Habanero de la Silla Ardiente'),(-64,'7','Sku','longDescription','es','Hecho con Naga Jolokia Bhut, el chile m&aacute;s picante del mundo.'),(-63,'7','Sku','name','es','Fantasma Verde'),(-62,'6','Sku','longDescription','es','Parecido al Habanero, el Bonnet Escoc&eacute;s tiene una punta profundamente invertidas en comparaci&oacute;n con el extremo puntiagudo del Habanero. Van en colores de verde a amarillo-naranja, el Bonnet Escoc&eacute;s es un alimento b&aacute;sico en West Indies, en Barbados y salsas estilo pimienta.'),(-61,'6','Sku','name','es','Salsa del D&iacute;a de los Muertos de Bonnet Escoc&eacute;s'),(-60,'5','Sku','longDescription','es','Si quieres picante, este es el Chile a elegir. Originario del Caribe, Yucat&aacute;n y la Costa norte de Am&eacute;rica del Sur, el habanero se presenta en una variedad de colores que van desde el verde claro a un rojo brillante. El calor, sabor y aroma &uacute;nicos del Habanero ha convertido el chile en el favorito de los amantes del picante.'),(-59,'5','Sku','name','es','Salsa del D&iacute;a de los Muertos de Habanero'),(-58,'4','Sku','longDescription','es','Cuando cualquier pimienta se seca y se fuma, se refiere como un Chipotle. Por lo general, con una apariencia arrugada, caf&eacute; oscuro, el Chipotle ofrece un sabor ahumado y dulce que se utiliza generalmente para agregar un sabor asado a las salsas, guisos y adobos.'),(-57,'4','Sku','name','es','Salsa del D&iacute;a de los Muertos de Chipotle'),(-56,'3','Sku','longDescription','es','Picante, maduro pimienta que se mezcla junto con el ajo, la cebolla, pasta de tomate y una pizca de az&uacute;car de ca&ntilde;a para hacer de esto una salsa suave. Maravilloso en huevos, aves de corral, carne de cerdo o pescado, esta salsa se ??mezcla para hacer los adobos y sopas ricas.'),(-55,'3','Sku','name','es','Salsa de la Muerte Saltante'),(-54,'2','Sku','longDescription','es','El perfecto acompa&ntilde;ante para el pollo, el pescado, hamburguesas o pizza. Una gran mezcla de habanero, mango, fruta de la pasi&oacute;n y mucho m&aacute;s hacen de esta salsa de la Muerte una delicia tropical incre&iacute;ble.'),(-53,'2','Sku','name','es','Salsa de la Muerte Dulce'),(-52,'1','Sku','longDescription','es','Como mis amigos salseros saben, nunca soy f&aacute;cil de satisfacer. Por lo tanto, naci&oacute; la creaci&oacute;n de la Muerte S&uacute;bita. Cuando este listo para saborear al m&aacute;s all&aacute; ... Muerte s&uacute;bita entregar&aacute;!'),(-51,'1','Sku','name','es','Salsa de la Muerte S&uacute;bita'),(-47,'14','ProdOptionVal','attributeValue','es','XG'),(-46,'13','ProdOptionVal','attributeValue','es','G'),(-45,'12','ProdOptionVal','attributeValue','es','M'),(-44,'11','ProdOptionVal','attributeValue','es','CH'),(-43,'3','ProdOptionVal','attributeValue','es','Plateado'),(-42,'2','ProdOptionVal','attributeValue','es','Rojo'),(-41,'1','ProdOptionVal','attributeValue','es','Negro'),(-32,'2','ProdOption','label','es','Tama&ntilde;o de Camisa'),(-31,'1','ProdOption','label','es','Color de Camisa'),(-15,'2005','Category','description','es','Tarjetas de Regalo'),(-14,'2004','Category','description','es','Descuento'),(-13,'2003','Category','description','es','Mercanc&iacute;a'),(-12,'2002','Category','description','es','Salsas Picantes'),(-11,'2001','Category','description','es','Inicio'),(-5,'2005','Category','name','es','Tarjetas de Regalo'),(-4,'2004','Category','name','es','Descuento'),(-3,'2003','Category','name','es','Mercanc&iacute;a'),(-2,'2002','Category','name','es','Salsas'),(-1,'2001','Category','name','es','Inicio');
/*!40000 ALTER TABLE `BLC_TRANSLATION` ENABLE KEYS */;
UNLOCK TABLES;

--
-- Table structure for table `BLC_TRANS_ADDITNL_FIELDS`
--

DROP TABLE IF EXISTS `BLC_TRANS_ADDITNL_FIELDS`;
/*!40101 SET @saved_cs_client     = @@character_set_client */;
/*!40101 SET character_set_client = utf8 */;
CREATE TABLE `BLC_TRANS_ADDITNL_FIELDS` (
  `PAYMENT_TRANSACTION_ID` bigint(20) NOT NULL,
  `FIELD_VALUE` longtext,
  `FIELD_NAME` varchar(255) NOT NULL,
  PRIMARY KEY (`PAYMENT_TRANSACTION_ID`,`FIELD_NAME`),
  CONSTRAINT `FKdmq1toto9pwrhw5uife2ssq45` FOREIGN KEY (`PAYMENT_TRANSACTION_ID`) REFERENCES `BLC_ORDER_PAYMENT_TRANSACTION` (`PAYMENT_TRANSACTION_ID`)
) ENGINE=InnoDB DEFAULT CHARSET=latin1;
/*!40101 SET character_set_client = @saved_cs_client */;

--
-- Dumping data for table `BLC_TRANS_ADDITNL_FIELDS`
--

LOCK TABLES `BLC_TRANS_ADDITNL_FIELDS` WRITE;
/*!40000 ALTER TABLE `BLC_TRANS_ADDITNL_FIELDS` DISABLE KEYS */;
/*!40000 ALTER TABLE `BLC_TRANS_ADDITNL_FIELDS` ENABLE KEYS */;
UNLOCK TABLES;

--
-- Table structure for table `BLC_URL_HANDLER`
--

DROP TABLE IF EXISTS `BLC_URL_HANDLER`;
/*!40101 SET @saved_cs_client     = @@character_set_client */;
/*!40101 SET character_set_client = utf8 */;
CREATE TABLE `BLC_URL_HANDLER` (
  `URL_HANDLER_ID` bigint(20) NOT NULL,
  `INCOMING_URL` varchar(255) NOT NULL,
  `IS_REGEX` bit(1) DEFAULT NULL,
  `NEW_URL` varchar(255) NOT NULL,
  `URL_REDIRECT_TYPE` varchar(255) DEFAULT NULL,
  PRIMARY KEY (`URL_HANDLER_ID`),
  KEY `INCOMING_URL_INDEX` (`INCOMING_URL`),
  KEY `IS_REGEX_HANDLER_INDEX` (`IS_REGEX`)
) ENGINE=InnoDB DEFAULT CHARSET=latin1;
/*!40101 SET character_set_client = @saved_cs_client */;

--
-- Dumping data for table `BLC_URL_HANDLER`
--

LOCK TABLES `BLC_URL_HANDLER` WRITE;
/*!40000 ALTER TABLE `BLC_URL_HANDLER` DISABLE KEYS */;
INSERT INTO `BLC_URL_HANDLER` VALUES (1,'/googlePerm',NULL,'http://www.google.com','REDIRECT_PERM'),(2,'/googleTemp',NULL,'http://www.google.com','REDIRECT_TEMP'),(3,'/insanity',NULL,'/hot-sauces/insanity_sauce','FORWARD'),(4,'/jalepeno',NULL,'/hot-sauces/hurtin_jalepeno_hot_sauce','REDIRECT_TEMP');
/*!40000 ALTER TABLE `BLC_URL_HANDLER` ENABLE KEYS */;
UNLOCK TABLES;

--
-- Table structure for table `BLC_UserConnection`
--

DROP TABLE IF EXISTS `BLC_UserConnection`;
/*!40101 SET @saved_cs_client     = @@character_set_client */;
/*!40101 SET character_set_client = utf8 */;
CREATE TABLE `BLC_UserConnection` (
  `providerId` varchar(255) NOT NULL,
  `providerUserId` varchar(255) NOT NULL,
  `userId` varchar(255) NOT NULL,
  `accessToken` varchar(255) NOT NULL,
  `displayName` varchar(255) DEFAULT NULL,
  `expireTime` bigint(20) DEFAULT NULL,
  `imageUrl` varchar(255) DEFAULT NULL,
  `profileUrl` varchar(255) DEFAULT NULL,
  `rank` int(11) NOT NULL,
  `refreshToken` varchar(255) DEFAULT NULL,
  `secret` varchar(255) DEFAULT NULL,
  PRIMARY KEY (`providerId`,`providerUserId`,`userId`)
) ENGINE=InnoDB DEFAULT CHARSET=latin1;
/*!40101 SET character_set_client = @saved_cs_client */;

--
-- Dumping data for table `BLC_UserConnection`
--

LOCK TABLES `BLC_UserConnection` WRITE;
/*!40000 ALTER TABLE `BLC_UserConnection` DISABLE KEYS */;
/*!40000 ALTER TABLE `BLC_UserConnection` ENABLE KEYS */;
UNLOCK TABLES;

--
-- Table structure for table `BLC_ZIP_CODE`
--

DROP TABLE IF EXISTS `BLC_ZIP_CODE`;
/*!40101 SET @saved_cs_client     = @@character_set_client */;
/*!40101 SET character_set_client = utf8 */;
CREATE TABLE `BLC_ZIP_CODE` (
  `ZIP_CODE_ID` varchar(255) NOT NULL,
  `ZIP_CITY` varchar(255) DEFAULT NULL,
  `ZIP_LATITUDE` double DEFAULT NULL,
  `ZIP_LONGITUDE` double DEFAULT NULL,
  `ZIP_STATE` varchar(255) DEFAULT NULL,
  `ZIPCODE` int(11) DEFAULT NULL,
  PRIMARY KEY (`ZIP_CODE_ID`),
  KEY `ZIPCODE_CITY_INDEX` (`ZIP_CITY`),
  KEY `ZIPCODE_LATITUDE_INDEX` (`ZIP_LATITUDE`),
  KEY `ZIPCODE_LONGITUDE_INDEX` (`ZIP_LONGITUDE`),
  KEY `ZIPCODE_STATE_INDEX` (`ZIP_STATE`),
  KEY `ZIPCODE_ZIP_INDEX` (`ZIPCODE`)
) ENGINE=InnoDB DEFAULT CHARSET=latin1;
/*!40101 SET character_set_client = @saved_cs_client */;

--
-- Dumping data for table `BLC_ZIP_CODE`
--

LOCK TABLES `BLC_ZIP_CODE` WRITE;
/*!40000 ALTER TABLE `BLC_ZIP_CODE` DISABLE KEYS */;
/*!40000 ALTER TABLE `BLC_ZIP_CODE` ENABLE KEYS */;
UNLOCK TABLES;

--
-- Table structure for table `SEQUENCE_GENERATOR`
--

DROP TABLE IF EXISTS `SEQUENCE_GENERATOR`;
/*!40101 SET @saved_cs_client     = @@character_set_client */;
/*!40101 SET character_set_client = utf8 */;
CREATE TABLE `SEQUENCE_GENERATOR` (
  `ID_NAME` varchar(255) NOT NULL,
  `ID_VAL` bigint(20) DEFAULT NULL,
  PRIMARY KEY (`ID_NAME`)
) ENGINE=InnoDB DEFAULT CHARSET=latin1;
/*!40101 SET character_set_client = @saved_cs_client */;

--
-- Dumping data for table `SEQUENCE_GENERATOR`
--

LOCK TABLES `SEQUENCE_GENERATOR` WRITE;
/*!40000 ALTER TABLE `SEQUENCE_GENERATOR` DISABLE KEYS */;
INSERT INTO `SEQUENCE_GENERATOR` VALUES ('CategoryImpl',2018),('CategoryProductXrefImpl',1100),('CategorySearchFacetImpl',17),('CategoryXrefImpl',19),('ChallengeQuestionImpl',19),('CountrySubdivisionCategoryImpl',96),('CustomerRoleImpl',1051),('EmailTrackingImpl',1051),('FeaturedProductImpl',21),('FieldDefinitionImpl',20),('FieldGroupImpl',16),('FieldImpl',19),('FulfillmentOptionImpl',13),('IndexFieldImpl',19),('IndexFieldTypeImpl',21),('MediaImpl',60013),('MenuImpl',11),('MenuItemImpl',14),('OfferImpl',11),('OfferItemCriteriaImpl',11),('PageFieldImpl',14),('PageImpl',13),('PageTemplateImpl',12),('ProductAttributeImpl',29),('ProductImpl',1660),('ProductOptionImpl',13),('ProductOptionValueImpl',24),('ProductOptionXrefImpl',23),('RoleImpl',11),('SandBoxImpl',51),('SandBoxManagementImpl',51),('SearchFacetImpl',14),('SearchFacetRangeImpl',14),('SkuAttributeImpl',29),('SkuImpl',1694),('SkuProductOptionValueXrefImpl',154),('StaticAssetImpl',60013),('StructuredContentFieldImpl',68),('StructuredContentImpl',166),('StructuredContentTypeImpl',14),('URLHandlerImpl',14);
/*!40000 ALTER TABLE `SEQUENCE_GENERATOR` ENABLE KEYS */;
UNLOCK TABLES;
/*!40103 SET TIME_ZONE=@OLD_TIME_ZONE */;

/*!40101 SET SQL_MODE=@OLD_SQL_MODE */;
/*!40014 SET FOREIGN_KEY_CHECKS=@OLD_FOREIGN_KEY_CHECKS */;
/*!40014 SET UNIQUE_CHECKS=@OLD_UNIQUE_CHECKS */;
/*!40101 SET CHARACTER_SET_CLIENT=@OLD_CHARACTER_SET_CLIENT */;
/*!40101 SET CHARACTER_SET_RESULTS=@OLD_CHARACTER_SET_RESULTS */;
/*!40101 SET COLLATION_CONNECTION=@OLD_COLLATION_CONNECTION */;
/*!40111 SET SQL_NOTES=@OLD_SQL_NOTES */;

-- Dump completed on 2022-01-17 22:36:09
